﻿[
  {
    "GroupOrder": 1,
    "ViewOrder": 1,
    "Name": "\uff1f\uff1f\uff1f",
    "Phrase": "\u300e\u3088\u3046\u3053\u305d\u3001\u30cd\u30f4\u30a1\u30fc\u30e9\u30f3\u30c9\u266a \u3053\u3053\u306f\u697d\u3057\u3044\u904a\u5712\u5730\uff5e\u266a\u300f",
    "PhraseFontSize": 2,
    "PhraseSpeed": 3,
    "IsPhraseCenter": false,
    "SpeechMCharacterId": null,
    "IsSpeakingFlags": 0,
    "FrameImage": 0,
    "VoiceFileName": "",
    "BackgroundImage": "110305",
    "BGM": "adv_05",
    "SE": "",
    "Effect": null,
    "BackgroundEffectType": 0,
    "StandCharacters": [],
    "StillDetail": {
      "AnimationName": "",
      "AnimationSpeed": null,
      "CameraZoomRatio": null,
      "CameraPositionX": null,
      "CameraPositionY": null,
      "CameraWorkDuration": null,
      "CameraRotation": null
    }
  },
  {
    "GroupOrder": 2,
    "ViewOrder": 1,
    "Name": "\uff1f\uff1f\uff1f",
    "Phrase": "\u300e\u30cd\u30f4\u30a1\u30fc\u30e2\u30a2\u3001\u6226\u4e89\u266a \u30cd\u30f4\u30a1\u30fc\u30e2\u30a2\u3001\u707d\u5bb3\u266a\\n\u3000\u30cd\u30f4\u30a1\u30fc\u30e2\u30a2\u3001\u60b2\u5287\u266a \u30cd\u30f4\u30a1\u30fc\u30e2\u30a2\u3001\u7d76\u671b\u266a\\n\u3000\u3053\u3053\u306f\u6109\u5feb\u306a\u5922\u306e\u56fd\u2015\u2015\u307f\u3093\u306a\u3082\u304a\u3044\u3067\u3088\u3001\u30cd\u30f4\u30a1\u30fc\u30e9\u30f3\u30c9\u266a\u300f",
    "PhraseFontSize": 2,
    "PhraseSpeed": 3,
    "IsPhraseCenter": false,
    "SpeechMCharacterId": null,
    "IsSpeakingFlags": 0,
    "FrameImage": 0,
    "VoiceFileName": "",
    "BackgroundImage": "",
    "BGM": "",
    "SE": "",
    "Effect": null,
    "BackgroundEffectType": 0,
    "StandCharacters": [],
    "StillDetail": {
      "AnimationName": "",
      "AnimationSpeed": null,
      "CameraZoomRatio": null,
      "CameraPositionX": null,
      "CameraPositionY": null,
      "CameraWorkDuration": null,
      "CameraRotation": null
    }
  },
  {
    "GroupOrder": 3,
    "ViewOrder": 1,
    "Name": "",
    "Phrase": "\u3061\u3083\u3089\u3093\u307d\u3089\u3093\u306a\u6b4c\u58f0\u304c\u97ff\u3044\u3066\u3044\u308b\u3002\\n\u3084\u3051\u306b\u5927\u97f3\u91cf\u3067\u8033\u969c\u308a\u306a\u305d\u308c\u304c\u76ee\u899a\u307e\u3057\u3068\u306a\u3063\u3066\u3001\u610f\u8b58\u3092\u53d6\u308a\u623b\u3057\u305f\u3002\\n\u3069\u3046\u3084\u3089\u3001\u81ea\u5206\u306f\u3042\u306e\u307e\u307e\u5931\u795e\u3057\u3066\u3057\u307e\u3063\u305f\u3089\u3057\u3044\u3002",
    "PhraseFontSize": 2,
    "PhraseSpeed": 3,
    "IsPhraseCenter": false,
    "SpeechMCharacterId": null,
    "IsSpeakingFlags": 0,
    "FrameImage": 0,
    "VoiceFileName": "",
    "BackgroundImage": "108202",
    "BGM": "",
    "SE": "",
    "Effect": null,
    "BackgroundEffectType": 0,
    "StandCharacters": [],
    "StillDetail": {
      "AnimationName": "",
      "AnimationSpeed": null,
      "CameraZoomRatio": null,
      "CameraPositionX": null,
      "CameraPositionY": null,
      "CameraWorkDuration": null,
      "CameraRotation": null
    }
  },
  {
    "GroupOrder": 4,
    "ViewOrder": 1,
    "Name": "",
    "Phrase": "\u3053\u3053\u306f\u3001\u4f55\u51e6\u3060\u308d\u3046\uff1f\\n\u5bdd\u8d77\u304d\u3067\u982d\u304c\u56de\u3089\u306c\u307e\u307e\u3001\u5468\u56f2\u3092\u773a\u3081\u308b\u305f\u3081\u306b\u8eab\u3092\u8d77\u3053\u305d\u3046\u3068\u3057\u3066\u2015\u2015\u3002",
    "PhraseFontSize": 2,
    "PhraseSpeed": 3,
    "IsPhraseCenter": false,
    "SpeechMCharacterId": null,
    "IsSpeakingFlags": 0,
    "FrameImage": 0,
    "VoiceFileName": "",
    "BackgroundImage": "",
    "BGM": "",
    "SE": "",
    "Effect": null,
    "BackgroundEffectType": 0,
    "StandCharacters": [],
    "StillDetail": {
      "AnimationName": "",
      "AnimationSpeed": null,
      "CameraZoomRatio": null,
      "CameraPositionX": null,
      "CameraPositionY": null,
      "CameraWorkDuration": null,
      "CameraRotation": null
    }
  },
  {
    "GroupOrder": 5,
    "ViewOrder": 1,
    "Name": "\u30e0\u30eb\u30de\u30f3\u30b9\u30af",
    "Phrase": "\u300c\u3061\u3085\u3046\u3001\u3061\u3085\u3046\u2026\u2026\u266a\u300d",
    "PhraseFontSize": 2,
    "PhraseSpeed": 3,
    "IsPhraseCenter": false,
    "SpeechMCharacterId": 28201,
    "IsSpeakingFlags": 0,
    "FrameImage": 0,
    "VoiceFileName": "e_42003204_001",
    "BackgroundImage": "",
    "BGM": "",
    "SE": "",
    "Effect": null,
    "BackgroundEffectType": 0,
    "StandCharacters": [],
    "StillDetail": {
      "AnimationName": "",
      "AnimationSpeed": null,
      "CameraZoomRatio": null,
      "CameraPositionX": null,
      "CameraPositionY": null,
      "CameraWorkDuration": null,
      "CameraRotation": null
    }
  },
  {
    "GroupOrder": 6,
    "ViewOrder": 1,
    "Name": "",
    "Phrase": "\u982d\u9802\u90e8\u306b\u71b1\u3068\u3001\u5f62\u5bb9\u306e\u3057\u3088\u3046\u306e\u306a\u3044\u5947\u5999\u306a\u611f\u89e6\u304c\u3042\u3063\u3066\u9a5a\u304f\u3002\\n\u614c\u3066\u3066\u78ba\u8a8d\u3057\u3066\u307f\u308b\u3068\u3001\\n\u30e0\u30eb\u30de\u30f3\u30b9\u30af\u304c\u5507\u3067\u3053\u3061\u3089\u306e\u982d\u306e\u5929\u8fba\u306b\u5438\u3044\u4ed8\u3044\u3066\u304d\u3066\u3044\u305f\u3002",
    "PhraseFontSize": 2,
    "PhraseSpeed": 3,
    "IsPhraseCenter": false,
    "SpeechMCharacterId": null,
    "IsSpeakingFlags": 0,
    "FrameImage": 0,
    "VoiceFileName": "",
    "BackgroundImage": "",
    "BGM": "",
    "SE": "",
    "Effect": null,
    "BackgroundEffectType": 0,
    "StandCharacters": [],
    "StillDetail": {
      "AnimationName": "",
      "AnimationSpeed": null,
      "CameraZoomRatio": null,
      "CameraPositionX": null,
      "CameraPositionY": null,
      "CameraWorkDuration": null,
      "CameraRotation": null
    }
  },
  {
    "GroupOrder": 7,
    "ViewOrder": 1,
    "Name": "\u30e0\u30eb\u30de\u30f3\u30b9\u30af",
    "Phrase": "\u300c\u3077\u306f\u3063\u2026\u2026\u3002\u300e\u3057\u3083\u3057\u3087\u3046\u300f\u3055\u3093\u3001\u304a\u304d\u305f\uff1f\\n\u3000\u3088\u304b\u3063\u305f\u3041\u3001\u300e\u3057\u3093\u3071\u3044\u300f\u3057\u3066\u305f\u3093\u3060\u3088\uff1f\u300d",
    "PhraseFontSize": 2,
    "PhraseSpeed": 3,
    "IsPhraseCenter": false,
    "SpeechMCharacterId": null,
    "IsSpeakingFlags": 4,
    "FrameImage": 0,
    "VoiceFileName": "e_42003204_002",
    "BackgroundImage": "",
    "BGM": "",
    "SE": "",
    "Effect": null,
    "BackgroundEffectType": 0,
    "StandCharacters": [
      {
        "MCharacterId": 28201,
        "Position": 3,
        "Action": 7,
        "Emotion": 0,
        "FacialExpression": 0,
        "EnterAction": 0
      }
    ],
    "StillDetail": {
      "AnimationName": "",
      "AnimationSpeed": null,
      "CameraZoomRatio": null,
      "CameraPositionX": null,
      "CameraPositionY": null,
      "CameraWorkDuration": null,
      "CameraRotation": null
    }
  },
  {
    "GroupOrder": 8,
    "ViewOrder": 1,
    "Name": "",
    "Phrase": "\u3044\u3084\u3001\u305d\u306e\u524d\u306b\u2026\u2026\u3002\\n\u304a\u307e\u3048\u306f\u3044\u3063\u305f\u3044\u4f55\u3092\u3057\u3066\u3044\u308b\u3093\u3060\u3001\u30e0\u30eb\u30de\u30f3\u30b9\u30af\uff1f",
    "PhraseFontSize": 2,
    "PhraseSpeed": 3,
    "IsPhraseCenter": false,
    "SpeechMCharacterId": null,
    "IsSpeakingFlags": 0,
    "FrameImage": 0,
    "VoiceFileName": "",
    "BackgroundImage": "",
    "BGM": "",
    "SE": "",
    "Effect": null,
    "BackgroundEffectType": 0,
    "StandCharacters": [
      {
        "MCharacterId": 28201,
        "Position": 3,
        "Action": 0,
        "Emotion": 0,
        "FacialExpression": 0,
        "EnterAction": 0
      }
    ],
    "StillDetail": {
      "AnimationName": "",
      "AnimationSpeed": null,
      "CameraZoomRatio": null,
      "CameraPositionX": null,
      "CameraPositionY": null,
      "CameraWorkDuration": null,
      "CameraRotation": null
    }
  },
  {
    "GroupOrder": 9,
    "ViewOrder": 1,
    "Name": "\u30e0\u30eb\u30de\u30f3\u30b9\u30af",
    "Phrase": "\u300c\u3048\u3078\u3078\u3002\\n\u3000\u3054\u3081\u3093\u306a\u3055\u3044\u3001\u300e\u3057\u3083\u3057\u3087\u3046\u300f\u3055\u3093\u3092\u300e\u3061\u3085\u3046\u3061\u3085\u3046\u300f\u3057\u3066\u305f\u306e\u3002\\n\u3000\u308f\u305f\u3057\u3001\u3057\u3070\u3089\u304f\u300e\u304a\u306b\u304f\u300f\u3092\u300e\u3082\u3050\u3082\u3050\u300f\u3057\u3066\u306a\u304f\u3066\u2015\u2015\\n\u3000\u300e\u3068\u3046\u3081\u3044\u300f\u306b\u306a\u3063\u3066\u3001\u304d\u3048\u3061\u3083\u3044\u305d\u3046\u3060\u3063\u305f\u304b\u3089\u300d",
    "PhraseFontSize": 2,
    "PhraseSpeed": 3,
    "IsPhraseCenter": false,
    "SpeechMCharacterId": null,
    "IsSpeakingFlags": 4,
    "FrameImage": 0,
    "VoiceFileName": "e_42003204_003",
    "BackgroundImage": "",
    "BGM": "",
    "SE": "",
    "Effect": null,
    "BackgroundEffectType": 0,
    "StandCharacters": [
      {
        "MCharacterId": 28201,
        "Position": 3,
        "Action": 8,
        "Emotion": 0,
        "FacialExpression": 5,
        "EnterAction": 0
      }
    ],
    "StillDetail": {
      "AnimationName": "",
      "AnimationSpeed": null,
      "CameraZoomRatio": null,
      "CameraPositionX": null,
      "CameraPositionY": null,
      "CameraWorkDuration": null,
      "CameraRotation": null
    }
  },
  {
    "GroupOrder": 10,
    "ViewOrder": 1,
    "Name": "",
    "Phrase": "\u305d\u3046\u304b\u3002\u3066\u3063\u304d\u308a\u30e0\u30eb\u30de\u30f3\u30b9\u30af\u304c\u3001\\n\u3053\u3061\u3089\u306e\u8133\u307f\u305d\u3092\u30b8\u30e5\u30eb\u30b8\u30e5\u30eb\u5438\u3044\u51fa\u305d\u3046\u3068\u3057\u3066\u3044\u308b\u306e\u304b\u3068\u3002",
    "PhraseFontSize": 2,
    "PhraseSpeed": 3,
    "IsPhraseCenter": false,
    "SpeechMCharacterId": null,
    "IsSpeakingFlags": 0,
    "FrameImage": 0,
    "VoiceFileName": "",
    "BackgroundImage": "",
    "BGM": "",
    "SE": "",
    "Effect": null,
    "BackgroundEffectType": 0,
    "StandCharacters": [
      {
        "MCharacterId": 28201,
        "Position": 3,
        "Action": 0,
        "Emotion": 0,
        "FacialExpression": 0,
        "EnterAction": 0
      }
    ],
    "StillDetail": {
      "AnimationName": "",
      "AnimationSpeed": null,
      "CameraZoomRatio": null,
      "CameraPositionX": null,
      "CameraPositionY": null,
      "CameraWorkDuration": null,
      "CameraRotation": null
    }
  },
  {
    "GroupOrder": 11,
    "ViewOrder": 1,
    "Name": "\u30e0\u30eb\u30de\u30f3\u30b9\u30af",
    "Phrase": "\u300c\u3093\u3082\u3046\u3001\u305d\u3093\u306a\u3053\u3068\u3057\u306a\u3044\u3088\uff1f\\n\u3000\u308f\u305f\u3057\u3001\u300e\u3070\u3051\u3082\u306e\u300f\u3058\u3083\u306a\u3044\u3088\uff1f\\n\u3000\u300e\u306e\u3046\u307f\u305d\u300f\u306f\u307b\u3068\u3093\u3069\u300e\u3057\u307c\u3046\u300f\u3060\u304b\u3089\u3001\\n\u3000\u3042\u3093\u307e\u308a\u300e\u305f\u3079\u305f\u300f\u304d\u304c\u3057\u306a\u3044\u3057\u2026\u2026\u304a\u3044\u3057\u304f\u306a\u3044\u3057\uff1f\u300d",
    "PhraseFontSize": 2,
    "PhraseSpeed": 3,
    "IsPhraseCenter": false,
    "SpeechMCharacterId": null,
    "IsSpeakingFlags": 4,
    "FrameImage": 0,
    "VoiceFileName": "e_42003204_004",
    "BackgroundImage": "",
    "BGM": "",
    "SE": "",
    "Effect": null,
    "BackgroundEffectType": 0,
    "StandCharacters": [
      {
        "MCharacterId": 28201,
        "Position": 3,
        "Action": 1,
        "Emotion": 0,
        "FacialExpression": 4,
        "EnterAction": 0
      }
    ],
    "StillDetail": {
      "AnimationName": "",
      "AnimationSpeed": null,
      "CameraZoomRatio": null,
      "CameraPositionX": null,
      "CameraPositionY": null,
      "CameraWorkDuration": null,
      "CameraRotation": null
    }
  },
  {
    "GroupOrder": 12,
    "ViewOrder": 1,
    "Name": "",
    "Phrase": "\u7f8e\u5473\u3057\u304b\u3063\u305f\u3089\u98df\u3079\u305f\u306e\u3060\u308d\u3046\u304b\u3002\\n\u3069\u3046\u3082\u30e0\u30eb\u30de\u30f3\u30b9\u30af\u306f\u4eba\u985e\u751f\u5b58\u570f\u306e\u5916\u3067\u751f\u307e\u308c\u80b2\u3063\u305f\u305b\u3044\u304b\u3001\\n\u304b\u306a\u308a\u7a81\u62cd\u5b50\u3082\u306a\u3044\u3053\u3068\u3092\u3057\u304c\u3061\u3060\u3002",
    "PhraseFontSize": 2,
    "PhraseSpeed": 3,
    "IsPhraseCenter": false,
    "SpeechMCharacterId": null,
    "IsSpeakingFlags": 0,
    "FrameImage": 0,
    "VoiceFileName": "",
    "BackgroundImage": "",
    "BGM": "",
    "SE": "",
    "Effect": null,
    "BackgroundEffectType": 0,
    "StandCharacters": [
      {
        "MCharacterId": 28201,
        "Position": 3,
        "Action": 0,
        "Emotion": 0,
        "FacialExpression": 4,
        "EnterAction": 0
      }
    ],
    "StillDetail": {
      "AnimationName": "",
      "AnimationSpeed": null,
      "CameraZoomRatio": null,
      "CameraPositionX": null,
      "CameraPositionY": null,
      "CameraWorkDuration": null,
      "CameraRotation": null
    }
  },
  {
    "GroupOrder": 13,
    "ViewOrder": 1,
    "Name": "",
    "Phrase": "\u898b\u305f\u3068\u3053\u308d\u30e0\u30eb\u30de\u30f3\u30b9\u30af\u306f\u5143\u6c17\u305d\u3046\u3060\u3057\u3001\\n\u6b66\u5668\u3082\u6ca1\u53ce\u3055\u308c\u3066\u3044\u306a\u3044\u3088\u3046\u306a\u306e\u3067\u2015\u2015\u305d\u3053\u306f\u4e00\u5b89\u5fc3\u3060\u304c\u3002",
    "PhraseFontSize": 2,
    "PhraseSpeed": 3,
    "IsPhraseCenter": false,
    "SpeechMCharacterId": null,
    "IsSpeakingFlags": 0,
    "FrameImage": 0,
    "VoiceFileName": "",
    "BackgroundImage": "",
    "BGM": "",
    "SE": "",
    "Effect": null,
    "BackgroundEffectType": 0,
    "StandCharacters": [
      {
        "MCharacterId": 28201,
        "Position": 3,
        "Action": 0,
        "Emotion": 0,
        "FacialExpression": 4,
        "EnterAction": 0
      }
    ],
    "StillDetail": {
      "AnimationName": "",
      "AnimationSpeed": null,
      "CameraZoomRatio": null,
      "CameraPositionX": null,
      "CameraPositionY": null,
      "CameraWorkDuration": null,
      "CameraRotation": null
    }
  },
  {
    "GroupOrder": 14,
    "ViewOrder": 1,
    "Name": "\u30e0\u30eb\u30de\u30f3\u30b9\u30af",
    "Phrase": "\u300c\u305d\u3046\u3060\u306d\u3002\\n\u3000\u3053\u308c\u306f\u300e\u3070\u3041\u3070\u300f\u306e\u300e\u304b\u305f\u307f\u300f\u3060\u304b\u3089\u3001\u306a\u304f\u3055\u306a\u304f\u3066\u3088\u304b\u3063\u305f\u3088\u300d",
    "PhraseFontSize": 2,
    "PhraseSpeed": 3,
    "IsPhraseCenter": false,
    "SpeechMCharacterId": null,
    "IsSpeakingFlags": 4,
    "FrameImage": 0,
    "VoiceFileName": "e_42003204_005",
    "BackgroundImage": "",
    "BGM": "",
    "SE": "",
    "Effect": null,
    "BackgroundEffectType": 0,
    "StandCharacters": [
      {
        "MCharacterId": 28201,
        "Position": 3,
        "Action": 5,
        "Emotion": 0,
        "FacialExpression": 7,
        "EnterAction": 0
      }
    ],
    "StillDetail": {
      "AnimationName": "",
      "AnimationSpeed": null,
      "CameraZoomRatio": null,
      "CameraPositionX": null,
      "CameraPositionY": null,
      "CameraWorkDuration": null,
      "CameraRotation": null
    }
  },
  {
    "GroupOrder": 15,
    "ViewOrder": 1,
    "Name": "",
    "Phrase": "\u30e0\u30eb\u30de\u30f3\u30b9\u30af\u306f\u5fae\u7b11\u3093\u3067\u3001\u5927\u4e8b\u305d\u3046\u306b\u5df1\u306e\u72d9\u6483\u9283\u3092\u62b1\u304d\u5bc4\u305b\u308b\u3002\\n\u305d\u3093\u306a\u5f7c\u5973\u306b\u8a71\u3092\u805e\u3044\u305f\u3068\u3053\u308d\u3001\\n\u3069\u3046\u3082\u3053\u3061\u3089\u3068\u540c\u3058\u3067\u76ee\u899a\u3081\u305f\u3070\u304b\u308a\u3067\u2015\u2015\u72b6\u6cc1\u306f\u3088\u304f\u308f\u304b\u3089\u306a\u3044\u3089\u3057\u3044\u3002",
    "PhraseFontSize": 2,
    "PhraseSpeed": 3,
    "IsPhraseCenter": false,
    "SpeechMCharacterId": null,
    "IsSpeakingFlags": 0,
    "FrameImage": 0,
    "VoiceFileName": "",
    "BackgroundImage": "",
    "BGM": "",
    "SE": "",
    "Effect": null,
    "BackgroundEffectType": 0,
    "StandCharacters": [
      {
        "MCharacterId": 28201,
        "Position": 3,
        "Action": 0,
        "Emotion": 0,
        "FacialExpression": 0,
        "EnterAction": 0
      }
    ],
    "StillDetail": {
      "AnimationName": "",
      "AnimationSpeed": null,
      "CameraZoomRatio": null,
      "CameraPositionX": null,
      "CameraPositionY": null,
      "CameraWorkDuration": null,
      "CameraRotation": null
    }
  },
  {
    "GroupOrder": 16,
    "ViewOrder": 1,
    "Name": "\u30e0\u30eb\u30de\u30f3\u30b9\u30af",
    "Phrase": "\u300c\u304a\u304d\u305f\u3089\u3001\u300e\u3057\u3083\u3057\u3087\u3046\u300f\u3055\u3093\u304c\u300e\u3061\u304b\u304f\u300f\u306b\u3044\u305f\u3093\u3060\u3051\u3069\u3002\\n\u3000\u308f\u305f\u3057\u300e\u3068\u3046\u3081\u3044\u300f\u306b\u306a\u3063\u3066\u3001\u307f\u3048\u306a\u304f\u306a\u3063\u305f\u3089\u3001\\n\u3000\u307f\u3064\u3051\u3066\u3082\u3089\u3048\u306a\u3044\u304b\u3068\u304a\u3082\u3063\u3066\u2026\u2026\u300d",
    "PhraseFontSize": 2,
    "PhraseSpeed": 3,
    "IsPhraseCenter": false,
    "SpeechMCharacterId": null,
    "IsSpeakingFlags": 4,
    "FrameImage": 0,
    "VoiceFileName": "e_42003204_006",
    "BackgroundImage": "",
    "BGM": "",
    "SE": "",
    "Effect": null,
    "BackgroundEffectType": 0,
    "StandCharacters": [
      {
        "MCharacterId": 28201,
        "Position": 3,
        "Action": 3,
        "Emotion": 0,
        "FacialExpression": 4,
        "EnterAction": 0
      }
    ],
    "StillDetail": {
      "AnimationName": "",
      "AnimationSpeed": null,
      "CameraZoomRatio": null,
      "CameraPositionX": null,
      "CameraPositionY": null,
      "CameraWorkDuration": null,
      "CameraRotation": null
    }
  },
  {
    "GroupOrder": 17,
    "ViewOrder": 1,
    "Name": "",
    "Phrase": "\u305d\u308c\u3067\u3001\u3068\u308a\u3042\u3048\u305a\u3053\u3061\u3089\u306e\u982d\u90e8\u3092\u5438\u3063\u3066\u3044\u305f\u308f\u3051\u304b\u3002\\n\u3061\u306a\u307f\u306b\u30e0\u30eb\u30de\u30f3\u30b9\u30af\u306f\u751f\u8089\u3092\u98f2\u307f\u3053\u307e\u305a\u3001\\n\u56d3\u3063\u305f\u308a\u5438\u3063\u305f\u308a\u3059\u308b\u3060\u3051\u3067\u6301\u75c5\u306e\u300e\u900f\u660e\u5316\u300f\u3092\u6291\u5236\u3067\u304d\u308b\u3002",
    "PhraseFontSize": 2,
    "PhraseSpeed": 3,
    "IsPhraseCenter": false,
    "SpeechMCharacterId": null,
    "IsSpeakingFlags": 0,
    "FrameImage": 0,
    "VoiceFileName": "",
    "BackgroundImage": "",
    "BGM": "",
    "SE": "",
    "Effect": null,
    "BackgroundEffectType": 0,
    "StandCharacters": [
      {
        "MCharacterId": 28201,
        "Position": 3,
        "Action": 0,
        "Emotion": 0,
        "FacialExpression": 4,
        "EnterAction": 0
      }
    ],
    "StillDetail": {
      "AnimationName": "",
      "AnimationSpeed": null,
      "CameraZoomRatio": null,
      "CameraPositionX": null,
      "CameraPositionY": null,
      "CameraWorkDuration": null,
      "CameraRotation": null
    }
  },
  {
    "GroupOrder": 18,
    "ViewOrder": 1,
    "Name": "\u30e0\u30eb\u30de\u30f3\u30b9\u30af",
    "Phrase": "\u300c\u3067\u3082\u2026\u2026\u3002\u3053\u3053\u3001\u3069\u3053\u3060\u308d\u3046\u306d\uff1f\\n\u3000\u3057\u3089\u306a\u3044\u300e\u3070\u3057\u3087\u300f\u306b\u3044\u308b\u3068\u3001\u300e\u3075\u3042\u3093\u300f\u306b\u306a\u3063\u3061\u3083\u3046\u3088\u300d",
    "PhraseFontSize": 2,
    "PhraseSpeed": 3,
    "IsPhraseCenter": false,
    "SpeechMCharacterId": null,
    "IsSpeakingFlags": 4,
    "FrameImage": 0,
    "VoiceFileName": "e_42003204_007",
    "BackgroundImage": "",
    "BGM": "",
    "SE": "",
    "Effect": null,
    "BackgroundEffectType": 0,
    "StandCharacters": [
      {
        "MCharacterId": 28201,
        "Position": 3,
        "Action": 0,
        "Emotion": 5,
        "FacialExpression": 4,
        "EnterAction": 0
      }
    ],
    "StillDetail": {
      "AnimationName": "",
      "AnimationSpeed": null,
      "CameraZoomRatio": null,
      "CameraPositionX": null,
      "CameraPositionY": null,
      "CameraWorkDuration": null,
      "CameraRotation": null
    }
  },
  {
    "GroupOrder": 19,
    "ViewOrder": 1,
    "Name": "",
    "Phrase": "\u72b6\u6cc1\u304b\u3089\u63a8\u6e2c\u3059\u308b\u306b\u3001\\n\u304a\u305d\u3089\u304f\u30a4\u30a8\u30c6\u30a3\u304c\u6c17\u7d76\u3057\u305f\u6211\u3005\u3092\u904b\u642c\u3057\u305f\u306e\u3060\u308d\u3046\u304c\u3002\\n\u3082\u3057\u3084\u3001\u5f7c\u3089\u306f\u6211\u3005\u3092\u4fdd\u5b58\u98df\u306b\u3067\u3082\u3059\u308b\u3064\u3082\u308a\u3060\u308d\u3046\u304b\u2026\u2026\u3002\\n\u5426\u3001\u305d\u308c\u306a\u3089\u3053\u3061\u3089\u3092\u62d8\u675f\u3082\u305b\u305a\u306b\u751f\u304b\u3057\u3066\u304a\u3044\u305f\u306e\u304c\u5909\u3067\u306f\u3042\u308b\u3002",
    "PhraseFontSize": 2,
    "PhraseSpeed": 3,
    "IsPhraseCenter": false,
    "SpeechMCharacterId": null,
    "IsSpeakingFlags": 0,
    "FrameImage": 0,
    "VoiceFileName": "",
    "BackgroundImage": "",
    "BGM": "",
    "SE": "",
    "Effect": null,
    "BackgroundEffectType": 0,
    "StandCharacters": [
      {
        "MCharacterId": 28201,
        "Position": 3,
        "Action": 0,
        "Emotion": 0,
        "FacialExpression": 0,
        "EnterAction": 0
      }
    ],
    "StillDetail": {
      "AnimationName": "",
      "AnimationSpeed": null,
      "CameraZoomRatio": null,
      "CameraPositionX": null,
      "CameraPositionY": null,
      "CameraWorkDuration": null,
      "CameraRotation": null
    }
  },
  {
    "GroupOrder": 20,
    "ViewOrder": 1,
    "Name": "\u30e0\u30eb\u30de\u30f3\u30b9\u30af",
    "Phrase": "\u300c\u305d\u308c\u3088\u308a\u3082\u3002\\n\u3000\u300e\u3057\u3083\u3057\u3087\u3046\u300f\u3055\u3093\u3001\u300e\u3075\u3047\u308b\u304f\u308a\u3093\u3052\u3093\u300f\u3055\u3093\u304c\u2015\u2015\u300d",
    "PhraseFontSize": 2,
    "PhraseSpeed": 3,
    "IsPhraseCenter": false,
    "SpeechMCharacterId": null,
    "IsSpeakingFlags": 4,
    "FrameImage": 0,
    "VoiceFileName": "e_42003204_008",
    "BackgroundImage": "",
    "BGM": "",
    "SE": "",
    "Effect": null,
    "BackgroundEffectType": 0,
    "StandCharacters": [
      {
        "MCharacterId": 28201,
        "Position": 3,
        "Action": 1,
        "Emotion": 0,
        "FacialExpression": 0,
        "EnterAction": 0
      }
    ],
    "StillDetail": {
      "AnimationName": "",
      "AnimationSpeed": null,
      "CameraZoomRatio": null,
      "CameraPositionX": null,
      "CameraPositionY": null,
      "CameraWorkDuration": null,
      "CameraRotation": null
    }
  },
  {
    "GroupOrder": 21,
    "ViewOrder": 1,
    "Name": "",
    "Phrase": "\u601d\u6848\u3057\u3066\u3044\u308b\u3068\u3001\\n\u30e0\u30eb\u30de\u30f3\u30b9\u30af\u304c\u9060\u616e\u304c\u3061\u306b\u3053\u3061\u3089\u306e\u4e0b\u8179\u90e8\u306e\u3042\u305f\u308a\u3092\u6307\u5dee\u3059\u3002\\n\u4fc3\u3055\u308c\u308b\u307e\u307e\u8996\u7dda\u3092\u4e0b\u306b\u5411\u3051\u308b\u3068\u3001\\n\u305d\u3053\u306b\u62b1\u304d\u3064\u3044\u305f\u307e\u307e\u30d5\u30a7\u30eb\u30af\u30ea\u30f3\u30b2\u30f3\u304c\u719f\u7761\u3057\u3066\u3044\u308b\u306e\u3092\u767a\u898b\u3057\u305f\u3002",
    "PhraseFontSize": 2,
    "PhraseSpeed": 3,
    "IsPhraseCenter": false,
    "SpeechMCharacterId": null,
    "IsSpeakingFlags": 0,
    "FrameImage": 0,
    "VoiceFileName": "",
    "BackgroundImage": "",
    "BGM": "",
    "SE": "",
    "Effect": null,
    "BackgroundEffectType": 0,
    "StandCharacters": [
      {
        "MCharacterId": 5201,
        "Position": 3,
        "Action": 0,
        "Emotion": 0,
        "FacialExpression": 7,
        "EnterAction": 0
      }
    ],
    "StillDetail": {
      "AnimationName": "",
      "AnimationSpeed": null,
      "CameraZoomRatio": null,
      "CameraPositionX": null,
      "CameraPositionY": null,
      "CameraWorkDuration": null,
      "CameraRotation": null
    }
  },
  {
    "GroupOrder": 22,
    "ViewOrder": 1,
    "Name": "\u30d5\u30a7\u30eb\u30af\u30ea\u30f3\u30b2\u30f3",
    "Phrase": "\u300c\u3048\u3078\u3078\u3001\u3080\u306b\u3083\u3080\u306b\u3083\u2026\u2026\u3002\\n\u3000\u30d1\u30d1\u3041\u3001\u3042\u305f\u3057\u305a\u3063\u3068\u5f85\u3063\u3066\u305f\u3093\u3060\u304b\u3089\u2015\u2015\u300d",
    "PhraseFontSize": 2,
    "PhraseSpeed": 3,
    "IsPhraseCenter": false,
    "SpeechMCharacterId": null,
    "IsSpeakingFlags": 4,
    "FrameImage": 0,
    "VoiceFileName": "e_42003204_009",
    "BackgroundImage": "",
    "BGM": "",
    "SE": "",
    "Effect": null,
    "BackgroundEffectType": 0,
    "StandCharacters": [
      {
        "MCharacterId": 5201,
        "Position": 3,
        "Action": 0,
        "Emotion": 1,
        "FacialExpression": 7,
        "EnterAction": 0
      }
    ],
    "StillDetail": {
      "AnimationName": "",
      "AnimationSpeed": null,
      "CameraZoomRatio": null,
      "CameraPositionX": null,
      "CameraPositionY": null,
      "CameraWorkDuration": null,
      "CameraRotation": null
    }
  },
  {
    "GroupOrder": 23,
    "ViewOrder": 1,
    "Name": "",
    "Phrase": "\u5bdd\u8a00\u3092\u6f0f\u3089\u3057\u3066\u3044\u308b\u30d5\u30a7\u30eb\u30af\u30ea\u30f3\u30b2\u30f3\u3092\u3001\u3068\u308a\u3042\u3048\u305a\u8d77\u3053\u3059\u3053\u3068\u306b\u3059\u308b\u3002\\n\u6c17\u6301\u3061\u3088\u3055\u305d\u3046\u306b\u7720\u3063\u3066\u3044\u308b\u3068\u3053\u308d\u7533\u3057\u8a33\u306a\u3044\u304c\u2015\u2015\\n\u5148\u307b\u3069\u306e\u6226\u95d8\u3067\u5f7c\u5973\u306f\u6700\u5f8c\u307e\u3067\u610f\u8b58\u3092\u4fdd\u3063\u3066\u3044\u305f\u306f\u305a\u3060\u3001\\n\u6211\u3005\u306e\u77e5\u3089\u306a\u3044\u3053\u3068\u3082\u77e5\u3063\u3066\u3044\u308b\u304b\u3082\u3057\u308c\u306a\u3044\u3002",
    "PhraseFontSize": 2,
    "PhraseSpeed": 3,
    "IsPhraseCenter": false,
    "SpeechMCharacterId": null,
    "IsSpeakingFlags": 0,
    "FrameImage": 0,
    "VoiceFileName": "",
    "BackgroundImage": "",
    "BGM": "",
    "SE": "",
    "Effect": null,
    "BackgroundEffectType": 0,
    "StandCharacters": [
      {
        "MCharacterId": 5201,
        "Position": 3,
        "Action": 0,
        "Emotion": 0,
        "FacialExpression": 7,
        "EnterAction": 0
      }
    ],
    "StillDetail": {
      "AnimationName": "",
      "AnimationSpeed": null,
      "CameraZoomRatio": null,
      "CameraPositionX": null,
      "CameraPositionY": null,
      "CameraWorkDuration": null,
      "CameraRotation": null
    }
  },
  {
    "GroupOrder": 24,
    "ViewOrder": 1,
    "Name": "\u30d5\u30a7\u30eb\u30af\u30ea\u30f3\u30b2\u30f3",
    "Phrase": "\u300c\u3080\u306b\u3085\u3046\u2026\u2026\u3082\u3049\u3001\u4f55\u3088\u3045\uff1f\\n\u3000\u30d1\u30d1\u3041\u3001\u3082\u3046\u3061\u3087\u3063\u3068\u5bdd\u304b\u305b\u3066\u2015\u2015\u300d",
    "PhraseFontSize": 2,
    "PhraseSpeed": 3,
    "IsPhraseCenter": false,
    "SpeechMCharacterId": null,
    "IsSpeakingFlags": 4,
    "FrameImage": 0,
    "VoiceFileName": "e_42003204_010",
    "BackgroundImage": "",
    "BGM": "",
    "SE": "",
    "Effect": null,
    "BackgroundEffectType": 0,
    "StandCharacters": [
      {
        "MCharacterId": 5201,
        "Position": 3,
        "Action": 2,
        "Emotion": 0,
        "FacialExpression": 7,
        "EnterAction": 0
      }
    ],
    "StillDetail": {
      "AnimationName": "",
      "AnimationSpeed": null,
      "CameraZoomRatio": null,
      "CameraPositionX": null,
      "CameraPositionY": null,
      "CameraWorkDuration": null,
      "CameraRotation": null
    }
  },
  {
    "GroupOrder": 25,
    "ViewOrder": 1,
    "Name": "",
    "Phrase": "\u81ea\u5206\u306f\u304a\u307e\u3048\u306e\u30d1\u30d1\u3058\u3083\u306a\u3044\u305e\u3002",
    "PhraseFontSize": 2,
    "PhraseSpeed": 3,
    "IsPhraseCenter": false,
    "SpeechMCharacterId": null,
    "IsSpeakingFlags": 0,
    "FrameImage": 0,
    "VoiceFileName": "",
    "BackgroundImage": "",
    "BGM": "",
    "SE": "",
    "Effect": null,
    "BackgroundEffectType": 0,
    "StandCharacters": [
      {
        "MCharacterId": 5201,
        "Position": 3,
        "Action": 0,
        "Emotion": 0,
        "FacialExpression": 7,
        "EnterAction": 0
      }
    ],
    "StillDetail": {
      "AnimationName": "",
      "AnimationSpeed": null,
      "CameraZoomRatio": null,
      "CameraPositionX": null,
      "CameraPositionY": null,
      "CameraWorkDuration": null,
      "CameraRotation": null
    }
  },
  {
    "GroupOrder": 26,
    "ViewOrder": 1,
    "Name": "\u30d5\u30a7\u30eb\u30af\u30ea\u30f3\u30b2\u30f3",
    "Phrase": "\u300c\u3075\u3072\u3063\uff01\uff1f \u304e\u3083\u3063\u3001\u3048\u3063\u2026\u2026\u3042\u3093\u305f\u4f55\u3057\u3066\u3093\u306e\u3088\u8eca\u638c\u3049\u3063\uff1f\\n\u3000\u591c\u9019\u3044\uff1f \u591c\u9019\u3044\u306a\u306e\u3063\uff1f\\n\u3000\u3042\u305f\u3057\u304c\u9b45\u529b\u7684\u3059\u304e\u3066\u6211\u6162\u3067\u304d\u306a\u304b\u3063\u305f\u3093\u3060\u308d\u3046\u3051\u3069\u3001\\n\u3000\u3084\u3063\u3066\u826f\u3044\u3053\u3068\u3068\u60aa\u3044\u3053\u3068\u304c\u2015\u2015\u300d",
    "PhraseFontSize": 2,
    "PhraseSpeed": 3,
    "IsPhraseCenter": false,
    "SpeechMCharacterId": null,
    "IsSpeakingFlags": 4,
    "FrameImage": 0,
    "VoiceFileName": "e_42003204_011",
    "BackgroundImage": "",
    "BGM": "",
    "SE": "",
    "Effect": null,
    "BackgroundEffectType": 0,
    "StandCharacters": [
      {
        "MCharacterId": 5201,
        "Position": 3,
        "Action": 5,
        "Emotion": 5,
        "FacialExpression": 1,
        "EnterAction": 0
      }
    ],
    "StillDetail": {
      "AnimationName": "",
      "AnimationSpeed": null,
      "CameraZoomRatio": null,
      "CameraPositionX": null,
      "CameraPositionY": null,
      "CameraWorkDuration": null,
      "CameraRotation": null
    }
  },
  {
    "GroupOrder": 27,
    "ViewOrder": 1,
    "Name": "\u30d5\u30a7\u30eb\u30af\u30ea\u30f3\u30b2\u30f3",
    "Phrase": "\u300c\u2015\u2015\u3063\u3066\u3001\u3042\u308c\uff1f \u3053\u3053\u3001\u3069\u3053\uff1f\\n\u3000\u3078\u3063\u304f\u3057\u3087\u3093\u3063\u3001\u4f55\u304b\u30af\u30bd\u5bd2\u3044\u3057\uff01\u300d",
    "PhraseFontSize": 2,
    "PhraseSpeed": 3,
    "IsPhraseCenter": false,
    "SpeechMCharacterId": null,
    "IsSpeakingFlags": 4,
    "FrameImage": 0,
    "VoiceFileName": "e_42003204_012",
    "BackgroundImage": "",
    "BGM": "",
    "SE": "",
    "Effect": null,
    "BackgroundEffectType": 0,
    "StandCharacters": [
      {
        "MCharacterId": 5201,
        "Position": 3,
        "Action": 0,
        "Emotion": 8,
        "FacialExpression": 6,
        "EnterAction": 0
      }
    ],
    "StillDetail": {
      "AnimationName": "",
      "AnimationSpeed": null,
      "CameraZoomRatio": null,
      "CameraPositionX": null,
      "CameraPositionY": null,
      "CameraWorkDuration": null,
      "CameraRotation": null
    }
  },
  {
    "GroupOrder": 28,
    "ViewOrder": 1,
    "Name": "",
    "Phrase": "\u5b9f\u969b\u3001\u305a\u3063\u3068\u5931\u795e\u3057\u305f\u307e\u307e\u52d5\u304b\u305a\u306b\u3044\u305f\u306e\u3067\u8eab\u4f53\u304c\u82af\u304b\u3089\u51b7\u3048\u3066\u3044\u308b\u3002\\n\u6211\u3005\u304c\u5bdd\u304b\u3055\u308c\u3066\u3044\u305f\u306e\u306f\u96ea\u306e\u7a4d\u3082\u3063\u305f\u571f\u306e\u4e0a\u3060\u3057\u3001\\n\u51cd\u6b7b\u3057\u306a\u304b\u3063\u305f\u306e\u304c\u4e0d\u601d\u8b70\u306a\u3050\u3089\u3044\u3060\u3002",
    "PhraseFontSize": 2,
    "PhraseSpeed": 3,
    "IsPhraseCenter": false,
    "SpeechMCharacterId": null,
    "IsSpeakingFlags": 0,
    "FrameImage": 0,
    "VoiceFileName": "",
    "BackgroundImage": "",
    "BGM": "",
    "SE": "",
    "Effect": null,
    "BackgroundEffectType": 0,
    "StandCharacters": [
      {
        "MCharacterId": 5201,
        "Position": 3,
        "Action": 0,
        "Emotion": 0,
        "FacialExpression": 6,
        "EnterAction": 0
      }
    ],
    "StillDetail": {
      "AnimationName": "",
      "AnimationSpeed": null,
      "CameraZoomRatio": null,
      "CameraPositionX": null,
      "CameraPositionY": null,
      "CameraWorkDuration": null,
      "CameraRotation": null
    }
  },
  {
    "GroupOrder": 29,
    "ViewOrder": 1,
    "Name": "\u30d5\u30a7\u30eb\u30af\u30ea\u30f3\u30b2\u30f3",
    "Phrase": "\u300c\u3075\u3001\u3075\u3093\uff01 \u3042\u305f\u3057\u304c\u62b1\u304d\u3064\u3044\u3066\u305f\u304a\u9670\u3067\u3001\\n\u3000\u4f53\u6e29\u306e\u4f4e\u4e0b\u3092\u6291\u3048\u3089\u308c\u305f\u3093\u3067\u3057\u3087\uff1f \u611f\u8b1d\u3057\u3066\u3088\u306d\uff01\\n\u3000\u3054\u8912\u7f8e\u3092\u304f\u308c\u3066\u3082\u3044\u3044\u306e\u3088\u3063\u3001\u3067\u304d\u308c\u3070\u73fe\u91d1\u3067\uff01\u300d",
    "PhraseFontSize": 2,
    "PhraseSpeed": 3,
    "IsPhraseCenter": false,
    "SpeechMCharacterId": null,
    "IsSpeakingFlags": 4,
    "FrameImage": 0,
    "VoiceFileName": "e_42003204_013",
    "BackgroundImage": "",
    "BGM": "",
    "SE": "",
    "Effect": null,
    "BackgroundEffectType": 0,
    "StandCharacters": [
      {
        "MCharacterId": 5201,
        "Position": 3,
        "Action": 5,
        "Emotion": 0,
        "FacialExpression": 3,
        "EnterAction": 0
      }
    ],
    "StillDetail": {
      "AnimationName": "",
      "AnimationSpeed": null,
      "CameraZoomRatio": null,
      "CameraPositionX": null,
      "CameraPositionY": null,
      "CameraWorkDuration": null,
      "CameraRotation": null
    }
  },
  {
    "GroupOrder": 30,
    "ViewOrder": 1,
    "Name": "",
    "Phrase": "\u3067\u306f\u5148\u307b\u3069\u306e\u6226\u95d8\u3067\u3001\\n\u6211\u3005\u3092\u56ee\u306b\u3057\u3066\u6575\u524d\u9003\u4ea1\u3057\u3088\u3046\u3068\u3057\u305f\u7f6a\u3068\u76f8\u6bba\u3057\u3088\u3046\u3002\\n\u666e\u901a\u306a\u3089\u3001\u3068\u3044\u3046\u304b\u4ed6\u306e\u8ecd\u968a\u306a\u3089\u9283\u6bba\u5211\u3082\u6709\u308a\u5f97\u308b\u884c\u70ba\u3060\u305e\u2015\u2015\\n\u5473\u65b9\u3092\u898b\u6368\u3066\u3066\u9003\u3052\u308b\u306a\u3002",
    "PhraseFontSize": 2,
    "PhraseSpeed": 3,
    "IsPhraseCenter": false,
    "SpeechMCharacterId": null,
    "IsSpeakingFlags": 0,
    "FrameImage": 0,
    "VoiceFileName": "",
    "BackgroundImage": "",
    "BGM": "",
    "SE": "",
    "Effect": null,
    "BackgroundEffectType": 0,
    "StandCharacters": [
      {
        "MCharacterId": 5201,
        "Position": 3,
        "Action": 0,
        "Emotion": 0,
        "FacialExpression": 3,
        "EnterAction": 0
      }
    ],
    "StillDetail": {
      "AnimationName": "",
      "AnimationSpeed": null,
      "CameraZoomRatio": null,
      "CameraPositionX": null,
      "CameraPositionY": null,
      "CameraWorkDuration": null,
      "CameraRotation": null
    }
  },
  {
    "GroupOrder": 31,
    "ViewOrder": 1,
    "Name": "\u30d5\u30a7\u30eb\u30af\u30ea\u30f3\u30b2\u30f3",
    "Phrase": "\u300c\u3048\uff5e\u2026\u2026\u3002\u3067\u3082\u3076\u3063\u3061\u3083\u3051\u3001\u3042\u305f\u3057\u306f\u3042\u305f\u3057\u304c\u4e00\u756a\u304b\u308f\u3044\u3044\u3057\u300d",
    "PhraseFontSize": 2,
    "PhraseSpeed": 3,
    "IsPhraseCenter": false,
    "SpeechMCharacterId": null,
    "IsSpeakingFlags": 4,
    "FrameImage": 0,
    "VoiceFileName": "e_42003204_014",
    "BackgroundImage": "",
    "BGM": "",
    "SE": "",
    "Effect": null,
    "BackgroundEffectType": 0,
    "StandCharacters": [
      {
        "MCharacterId": 5201,
        "Position": 3,
        "Action": 3,
        "Emotion": 0,
        "FacialExpression": 4,
        "EnterAction": 0
      }
    ],
    "StillDetail": {
      "AnimationName": "",
      "AnimationSpeed": null,
      "CameraZoomRatio": null,
      "CameraPositionX": null,
      "CameraPositionY": null,
      "CameraWorkDuration": null,
      "CameraRotation": null
    }
  },
  {
    "GroupOrder": 32,
    "ViewOrder": 1,
    "Name": "\u30e0\u30eb\u30de\u30f3\u30b9\u30af",
    "Phrase": "\u300c\u3048\u3078\u3078\u3002\u305f\u3057\u304b\u306b\u3001\u306d\u3080\u3063\u3066\u308b\u3068\u304d\u306e\u300e\u3075\u3047\u308b\u304f\u308a\u3093\u3052\u3093\u300f\u3055\u3093\u2015\u2015\\n\u3000\u300e\u3042\u304b\u3061\u3083\u3093\u300f\u307f\u305f\u3044\u306b\u300e\u3057\u3083\u3057\u3087\u3046\u300f\u3055\u3093\u306b\u3042\u307e\u3048\u3066\u3066\u3001\\n\u3000\u304b\u308f\u3044\u304b\u3063\u305f\u266a\u300d",
    "PhraseFontSize": 2,
    "PhraseSpeed": 3,
    "IsPhraseCenter": false,
    "SpeechMCharacterId": null,
    "IsSpeakingFlags": 2,
    "FrameImage": 0,
    "VoiceFileName": "e_42003204_015",
    "BackgroundImage": "",
    "BGM": "",
    "SE": "",
    "Effect": null,
    "BackgroundEffectType": 0,
    "StandCharacters": [
      {
        "MCharacterId": 5201,
        "Position": 2,
        "Action": 0,
        "Emotion": 0,
        "FacialExpression": 4,
        "EnterAction": 1
      },
      {
        "MCharacterId": 28201,
        "Position": 4,
        "Action": 0,
        "Emotion": 7,
        "FacialExpression": 5,
        "EnterAction": 4
      }
    ],
    "StillDetail": {
      "AnimationName": "",
      "AnimationSpeed": null,
      "CameraZoomRatio": null,
      "CameraPositionX": null,
      "CameraPositionY": null,
      "CameraWorkDuration": null,
      "CameraRotation": null
    }
  },
  {
    "GroupOrder": 33,
    "ViewOrder": 1,
    "Name": "\u30d5\u30a7\u30eb\u30af\u30ea\u30f3\u30b2\u30f3",
    "Phrase": "\u300c\u3046\uff5e\u2026\u2026\u3002\u5fd8\u308c\u3066\u3002\\n\u3000\u4f55\u304b\u3001\u30ac\u30ad\u306e\u3053\u308d\u306e\u5922\u3092\u898b\u3066\u305f\u306e\u3088\u300d",
    "PhraseFontSize": 2,
    "PhraseSpeed": 3,
    "IsPhraseCenter": false,
    "SpeechMCharacterId": null,
    "IsSpeakingFlags": 8,
    "FrameImage": 0,
    "VoiceFileName": "e_42003204_016",
    "BackgroundImage": "",
    "BGM": "",
    "SE": "",
    "Effect": null,
    "BackgroundEffectType": 0,
    "StandCharacters": [
      {
        "MCharacterId": 5201,
        "Position": 2,
        "Action": 0,
        "Emotion": 2,
        "FacialExpression": 7,
        "EnterAction": 0
      },
      {
        "MCharacterId": 28201,
        "Position": 4,
        "Action": 0,
        "Emotion": 0,
        "FacialExpression": 5,
        "EnterAction": 0
      }
    ],
    "StillDetail": {
      "AnimationName": "",
      "AnimationSpeed": null,
      "CameraZoomRatio": null,
      "CameraPositionX": null,
      "CameraPositionY": null,
      "CameraWorkDuration": null,
      "CameraRotation": null
    }
  },
  {
    "GroupOrder": 34,
    "ViewOrder": 1,
    "Name": "\u30d5\u30a7\u30eb\u30af\u30ea\u30f3\u30b2\u30f3",
    "Phrase": "\u300c\u3042\uff5e\u3042\u3001\u3042\u306e\u3053\u308d\u306f\u826f\u304b\u3063\u305f\u306a\u3041\u2026\u2026\u3002\\n\u3000\u597d\u304d\u52dd\u624b\u3084\u3063\u3066\u3082\u6012\u3089\u308c\u306a\u3044\u3069\u3053\u308d\u304b\u3001\\n\u3000\u5143\u6c17\u306b\u751f\u304d\u3066\u308b\u3060\u3051\u3067\u826f\u3044\u5b50\u826f\u3044\u5b50\u3063\u3066\u8912\u3081\u3089\u308c\u305f\u3057\u3055\u300d",
    "PhraseFontSize": 2,
    "PhraseSpeed": 3,
    "IsPhraseCenter": false,
    "SpeechMCharacterId": null,
    "IsSpeakingFlags": 8,
    "FrameImage": 0,
    "VoiceFileName": "e_42003204_017",
    "BackgroundImage": "",
    "BGM": "",
    "SE": "",
    "Effect": null,
    "BackgroundEffectType": 0,
    "StandCharacters": [
      {
        "MCharacterId": 5201,
        "Position": 2,
        "Action": 0,
        "Emotion": 0,
        "FacialExpression": 4,
        "EnterAction": 0
      },
      {
        "MCharacterId": 28201,
        "Position": 4,
        "Action": 0,
        "Emotion": 0,
        "FacialExpression": 0,
        "EnterAction": 0
      }
    ],
    "StillDetail": {
      "AnimationName": "",
      "AnimationSpeed": null,
      "CameraZoomRatio": null,
      "CameraPositionX": null,
      "CameraPositionY": null,
      "CameraWorkDuration": null,
      "CameraRotation": null
    }
  }
]