﻿[
  {
    "GroupOrder": 1,
    "ViewOrder": 1,
    "Name": "",
    "Phrase": "\u6539\u3081\u3066\u5404\u3005\u306e\u4f53\u8abf\u3084\u6b66\u88c5\u3092\u78ba\u8a8d\u3057\u305f\u5f8c\u3001\u5468\u56f2\u306e\u63a2\u7d22\u3092\u3059\u308b\u3053\u3068\u306b\u3057\u305f\u3002\\n\u5168\u54e1\u307b\u307c\u7121\u50b7\u3067\u6b66\u5668\u306a\u3069\u3082\u6ca1\u53ce\u3055\u308c\u3066\u3044\u306a\u304b\u3063\u305f\u3057\u3001\\n\u7a0b\u826f\u304f\u7720\u308c\u305f\u304a\u9670\u3067\u4f53\u529b\u306f\u5145\u5b9f\u3057\u3066\u3044\u308b\u3002",
    "PhraseFontSize": 2,
    "PhraseSpeed": 3,
    "IsPhraseCenter": false,
    "SpeechMCharacterId": null,
    "IsSpeakingFlags": 0,
    "FrameImage": 0,
    "VoiceFileName": "",
    "BackgroundImage": "108202",
    "BGM": "adv_02",
    "SE": "",
    "Effect": null,
    "BackgroundEffectType": 0,
    "StandCharacters": [],
    "StillDetail": {
      "AnimationName": "",
      "AnimationSpeed": null,
      "CameraZoomRatio": null,
      "CameraPositionX": null,
      "CameraPositionY": null,
      "CameraWorkDuration": null,
      "CameraRotation": null
    }
  },
  {
    "GroupOrder": 2,
    "ViewOrder": 1,
    "Name": "\u30e0\u30eb\u30de\u30f3\u30b9\u30af",
    "Phrase": "\u300c\u300e\u3060\u3093\u3084\u304f\u300f\u306f\u3001\u3053\u308f\u3055\u308c\u3061\u3083\u3063\u305f\u300e\u3070\u3057\u3083\u300f\u306b\u3064\u3093\u3067\u305f\u304b\u3089\u2026\u2026\u3002\\n\u3000\u308f\u305f\u3057\u306f\u3061\u3087\u3063\u3068\u3001\u300e\u3056\u3093\u3060\u3093\u300f\u304c\u300e\u3057\u3093\u3071\u3044\u300f\u3060\u3051\u3069\u306d\u300d",
    "PhraseFontSize": 2,
    "PhraseSpeed": 3,
    "IsPhraseCenter": false,
    "SpeechMCharacterId": null,
    "IsSpeakingFlags": 2,
    "FrameImage": 0,
    "VoiceFileName": "e_42003205_001",
    "BackgroundImage": "",
    "BGM": "",
    "SE": "",
    "Effect": null,
    "BackgroundEffectType": 0,
    "StandCharacters": [
      {
        "MCharacterId": 5201,
        "Position": 2,
        "Action": 0,
        "Emotion": 0,
        "FacialExpression": 0,
        "EnterAction": 1
      },
      {
        "MCharacterId": 28201,
        "Position": 4,
        "Action": 0,
        "Emotion": 0,
        "FacialExpression": 4,
        "EnterAction": 1
      }
    ],
    "StillDetail": {
      "AnimationName": "",
      "AnimationSpeed": null,
      "CameraZoomRatio": null,
      "CameraPositionX": null,
      "CameraPositionY": null,
      "CameraWorkDuration": null,
      "CameraRotation": null
    }
  },
  {
    "GroupOrder": 3,
    "ViewOrder": 1,
    "Name": "\u30d5\u30a7\u30eb\u30af\u30ea\u30f3\u30b2\u30f3",
    "Phrase": "\u300c\u3058\u3083\u3042\u9b54\u7269\u3068\u304b\u304c\u8972\u3063\u3066\u304d\u305f\u3089\u3001\\n\u3000\u3042\u305f\u3057\u304c\u30e1\u30a4\u30f3\u3067\u6226\u3046\u308f\u3088\u9762\u5012\u3060\u3051\u3069\u3002\\n\u3000\u3082\u3046\u4e00\u5ea6\u3042\u3093\u305f\u305f\u3061\u3092\u898b\u6368\u3066\u3066\u9003\u3052\u305f\u3089\u3001\\n\u3000\u4eca\u5ea6\u3053\u305d\u8eca\u638c\u306b\u3059\u3089\u898b\u9650\u3089\u308c\u305d\u3046\u3060\u3057\u300d",
    "PhraseFontSize": 2,
    "PhraseSpeed": 3,
    "IsPhraseCenter": false,
    "SpeechMCharacterId": null,
    "IsSpeakingFlags": 8,
    "FrameImage": 0,
    "VoiceFileName": "e_42003205_002",
    "BackgroundImage": "",
    "BGM": "",
    "SE": "",
    "Effect": null,
    "BackgroundEffectType": 0,
    "StandCharacters": [
      {
        "MCharacterId": 5201,
        "Position": 2,
        "Action": 0,
        "Emotion": 0,
        "FacialExpression": 3,
        "EnterAction": 0
      },
      {
        "MCharacterId": 28201,
        "Position": 4,
        "Action": 0,
        "Emotion": 0,
        "FacialExpression": 4,
        "EnterAction": 0
      }
    ],
    "StillDetail": {
      "AnimationName": "",
      "AnimationSpeed": null,
      "CameraZoomRatio": null,
      "CameraPositionX": null,
      "CameraPositionY": null,
      "CameraWorkDuration": null,
      "CameraRotation": null
    }
  },
  {
    "GroupOrder": 4,
    "ViewOrder": 1,
    "Name": "",
    "Phrase": "\u52a9\u304b\u308b\u3002\\n\u3057\u304b\u3057\u2015\u2015\u4f55\u306a\u306e\u3060\u308d\u3046\u3001\u3053\u306e\u5834\u6240\u306f\uff1f",
    "PhraseFontSize": 2,
    "PhraseSpeed": 3,
    "IsPhraseCenter": false,
    "SpeechMCharacterId": null,
    "IsSpeakingFlags": 0,
    "FrameImage": 0,
    "VoiceFileName": "",
    "BackgroundImage": "",
    "BGM": "",
    "SE": "",
    "Effect": null,
    "BackgroundEffectType": 0,
    "StandCharacters": [
      {
        "MCharacterId": 5201,
        "Position": 2,
        "Action": 0,
        "Emotion": 0,
        "FacialExpression": 3,
        "EnterAction": 0
      },
      {
        "MCharacterId": 28201,
        "Position": 4,
        "Action": 0,
        "Emotion": 0,
        "FacialExpression": 0,
        "EnterAction": 0
      }
    ],
    "StillDetail": {
      "AnimationName": "",
      "AnimationSpeed": null,
      "CameraZoomRatio": null,
      "CameraPositionX": null,
      "CameraPositionY": null,
      "CameraWorkDuration": null,
      "CameraRotation": null
    }
  },
  {
    "GroupOrder": 5,
    "ViewOrder": 1,
    "Name": "\u30d5\u30a7\u30eb\u30af\u30ea\u30f3\u30b2\u30f3",
    "Phrase": "\u300c\u5909\u306a\u5834\u6240\u3088\u306d\u3047\u2026\u2026\u3002\u3042\u308c\u306d\u3001\u904a\u5712\u5730\u306d\u3053\u308c\u306f\u3002\\n\u3000\u5efa\u7269\u3068\u304b\u304c\u305c\u3093\u3076\u6c37\u3067\u3067\u304d\u3066\u308b\u304b\u3089\u5909\u306a\u611f\u3058\u3060\u3051\u3069\u3001\\n\u3000\u5927\u6982\u306e\u904a\u5712\u5730\u306b\u3042\u308a\u305d\u3046\u306a\u3082\u306e\u306f\u4e00\u901a\u308a\u3042\u308b\u307f\u305f\u3044\u300d",
    "PhraseFontSize": 2,
    "PhraseSpeed": 3,
    "IsPhraseCenter": false,
    "SpeechMCharacterId": null,
    "IsSpeakingFlags": 8,
    "FrameImage": 0,
    "VoiceFileName": "e_42003205_003",
    "BackgroundImage": "",
    "BGM": "",
    "SE": "",
    "Effect": null,
    "BackgroundEffectType": 0,
    "StandCharacters": [
      {
        "MCharacterId": 5201,
        "Position": 2,
        "Action": 0,
        "Emotion": 0,
        "FacialExpression": 4,
        "EnterAction": 0
      },
      {
        "MCharacterId": 28201,
        "Position": 4,
        "Action": 0,
        "Emotion": 0,
        "FacialExpression": 0,
        "EnterAction": 0
      }
    ],
    "StillDetail": {
      "AnimationName": "",
      "AnimationSpeed": null,
      "CameraZoomRatio": null,
      "CameraPositionX": null,
      "CameraPositionY": null,
      "CameraWorkDuration": null,
      "CameraRotation": null
    }
  },
  {
    "GroupOrder": 6,
    "ViewOrder": 1,
    "Name": "\u30e0\u30eb\u30de\u30f3\u30b9\u30af",
    "Phrase": "\u300c\uff1f \u300e\u3086\u3046\u3048\u3093\u3061\u300f\u3063\u3066\u306a\u3041\u306b\u3001\u300e\u3075\u3047\u308b\u304f\u308a\u3093\u3052\u3093\u300f\u3055\u3093\uff1f\u300d",
    "PhraseFontSize": 2,
    "PhraseSpeed": 3,
    "IsPhraseCenter": false,
    "SpeechMCharacterId": null,
    "IsSpeakingFlags": 2,
    "FrameImage": 0,
    "VoiceFileName": "e_42003205_004",
    "BackgroundImage": "",
    "BGM": "",
    "SE": "",
    "Effect": null,
    "BackgroundEffectType": 0,
    "StandCharacters": [
      {
        "MCharacterId": 5201,
        "Position": 2,
        "Action": 0,
        "Emotion": 0,
        "FacialExpression": 4,
        "EnterAction": 0
      },
      {
        "MCharacterId": 28201,
        "Position": 4,
        "Action": 0,
        "Emotion": 8,
        "FacialExpression": 1,
        "EnterAction": 0
      }
    ],
    "StillDetail": {
      "AnimationName": "",
      "AnimationSpeed": null,
      "CameraZoomRatio": null,
      "CameraPositionX": null,
      "CameraPositionY": null,
      "CameraWorkDuration": null,
      "CameraRotation": null
    }
  },
  {
    "GroupOrder": 7,
    "ViewOrder": 1,
    "Name": "\u30d5\u30a7\u30eb\u30af\u30ea\u30f3\u30b2\u30f3",
    "Phrase": "\u300c\u3042\u3041\u3001\u30ac\u30ad\u3093\u3061\u3087\u306f\u91ce\u86ee\u4eba\u3060\u304b\u3089\u77e5\u3089\u306a\u3044\u306e\u306d\u3002\\n\u3000\u4f55\u304b\u3053\u3046\u3001\u30db\u30e9\u3042\u308c\u3088\u3001\u904a\u3073\u5834\u3088\u3002\\n\u3000\u697d\u3057\u3044\u4e57\u308a\u7269\u3068\u304b\u304c\u3044\u3063\u3071\u3044\u3042\u3063\u3066\u3001\\n\u3000\u6687\u306a\u5bb6\u65cf\u9023\u308c\u3068\u304b\u304c\u304a\u4f11\u307f\u306e\u65e5\u306b\u904a\u3073\u306b\u884c\u304f\u3084\u3064\u300d",
    "PhraseFontSize": 2,
    "PhraseSpeed": 3,
    "IsPhraseCenter": false,
    "SpeechMCharacterId": null,
    "IsSpeakingFlags": 8,
    "FrameImage": 0,
    "VoiceFileName": "e_42003205_005",
    "BackgroundImage": "",
    "BGM": "",
    "SE": "",
    "Effect": null,
    "BackgroundEffectType": 0,
    "StandCharacters": [
      {
        "MCharacterId": 5201,
        "Position": 2,
        "Action": 5,
        "Emotion": 0,
        "FacialExpression": 0,
        "EnterAction": 0
      },
      {
        "MCharacterId": 28201,
        "Position": 4,
        "Action": 0,
        "Emotion": 0,
        "FacialExpression": 1,
        "EnterAction": 0
      }
    ],
    "StillDetail": {
      "AnimationName": "",
      "AnimationSpeed": null,
      "CameraZoomRatio": null,
      "CameraPositionX": null,
      "CameraPositionY": null,
      "CameraWorkDuration": null,
      "CameraRotation": null
    }
  },
  {
    "GroupOrder": 8,
    "ViewOrder": 1,
    "Name": "\u30d5\u30a7\u30eb\u30af\u30ea\u30f3\u30b2\u30f3",
    "Phrase": "\u300c\u3042\u305f\u3057\u3082\u3001\u7269\u5fc3\u3082\u3064\u304b\u306a\u3044\u3088\u3046\u306a\u3053\u308d\u306b\u4e00\u5ea6\u3060\u3051\u884c\u3063\u305f\u306a\u3041\u2026\u2026\u3002\\n\u3000\u5f53\u6642\u306f\u75c5\u5f31\u3067\u81ea\u5b85\u306b\u9589\u3058\u3053\u3082\u308a\u304c\u3061\u3060\u3063\u305f\u3093\u3060\u3051\u3069\u3001\\n\u3000\u305d\u308c\u3060\u3068\u606f\u304c\u8a70\u307e\u308b\u3060\u308d\u3046\uff5e\u3063\u3066\u30d1\u30d1\u304c\u8a00\u3044\u51fa\u3057\u3066\u3055\u300d",
    "PhraseFontSize": 2,
    "PhraseSpeed": 3,
    "IsPhraseCenter": false,
    "SpeechMCharacterId": null,
    "IsSpeakingFlags": 8,
    "FrameImage": 0,
    "VoiceFileName": "e_42003205_006",
    "BackgroundImage": "",
    "BGM": "",
    "SE": "",
    "Effect": null,
    "BackgroundEffectType": 0,
    "StandCharacters": [
      {
        "MCharacterId": 5201,
        "Position": 2,
        "Action": 0,
        "Emotion": 0,
        "FacialExpression": 0,
        "EnterAction": 0
      },
      {
        "MCharacterId": 28201,
        "Position": 4,
        "Action": 0,
        "Emotion": 0,
        "FacialExpression": 0,
        "EnterAction": 0
      }
    ],
    "StillDetail": {
      "AnimationName": "",
      "AnimationSpeed": null,
      "CameraZoomRatio": null,
      "CameraPositionX": null,
      "CameraPositionY": null,
      "CameraWorkDuration": null,
      "CameraRotation": null
    }
  },
  {
    "GroupOrder": 9,
    "ViewOrder": 1,
    "Name": "\u30d5\u30a7\u30eb\u30af\u30ea\u30f3\u30b2\u30f3",
    "Phrase": "\u300c\u61d0\u304b\u3057\u3044\u306a\u3041\u2026\u2026\u3002\\n\u3000\u3042\u306e\u3053\u308d\u306f\u30d1\u30d1\u3082\u751f\u304d\u3066\u305f\u3057\u30de\u30de\u3068\u3082\u4ef2\u826f\u304b\u3063\u305f\u304b\u3089\u3001\\n\u3000\u4e8c\u4eba\u306b\u624b\u3047\u7e4b\u304c\u308c\u3066\u2015\u2015\\n\u3000\u3042\u305f\u3057\u3082\u3054\u6e80\u60a6\u3067\u3001\u99ac\u9e7f\u307f\u305f\u3044\u306b\u4e00\u65e5\u4e2d\u30cf\u30b7\u30e3\u3044\u3067\u3055\u3041\u300d",
    "PhraseFontSize": 2,
    "PhraseSpeed": 3,
    "IsPhraseCenter": false,
    "SpeechMCharacterId": null,
    "IsSpeakingFlags": 8,
    "FrameImage": 0,
    "VoiceFileName": "e_42003205_007",
    "BackgroundImage": "",
    "BGM": "",
    "SE": "",
    "Effect": null,
    "BackgroundEffectType": 0,
    "StandCharacters": [
      {
        "MCharacterId": 5201,
        "Position": 2,
        "Action": 0,
        "Emotion": 0,
        "FacialExpression": 7,
        "EnterAction": 0
      },
      {
        "MCharacterId": 28201,
        "Position": 4,
        "Action": 0,
        "Emotion": 0,
        "FacialExpression": 0,
        "EnterAction": 0
      }
    ],
    "StillDetail": {
      "AnimationName": "",
      "AnimationSpeed": null,
      "CameraZoomRatio": null,
      "CameraPositionX": null,
      "CameraPositionY": null,
      "CameraWorkDuration": null,
      "CameraRotation": null
    }
  },
  {
    "GroupOrder": 10,
    "ViewOrder": 1,
    "Name": "\u30e0\u30eb\u30de\u30f3\u30b9\u30af",
    "Phrase": "\u300c\u2026\u2026\u2026\u2026\u300d",
    "PhraseFontSize": 2,
    "PhraseSpeed": 3,
    "IsPhraseCenter": false,
    "SpeechMCharacterId": null,
    "IsSpeakingFlags": 2,
    "FrameImage": 0,
    "VoiceFileName": "e_42003205_008",
    "BackgroundImage": "",
    "BGM": "",
    "SE": "",
    "Effect": null,
    "BackgroundEffectType": 0,
    "StandCharacters": [
      {
        "MCharacterId": 5201,
        "Position": 2,
        "Action": 0,
        "Emotion": 0,
        "FacialExpression": 0,
        "EnterAction": 0
      },
      {
        "MCharacterId": 28201,
        "Position": 4,
        "Action": 0,
        "Emotion": 0,
        "FacialExpression": 0,
        "EnterAction": 0
      }
    ],
    "StillDetail": {
      "AnimationName": "",
      "AnimationSpeed": null,
      "CameraZoomRatio": null,
      "CameraPositionX": null,
      "CameraPositionY": null,
      "CameraWorkDuration": null,
      "CameraRotation": null
    }
  },
  {
    "GroupOrder": 11,
    "ViewOrder": 1,
    "Name": "\u30d5\u30a7\u30eb\u30af\u30ea\u30f3\u30b2\u30f3",
    "Phrase": "\u300c\uff1f\u3000\u4f55\u898b\u3066\u3093\u306e\u3088\u3001\u3042\u3041\u3093\uff1f\\n\u3000\u3042\u305f\u3057\u306b\u3001\u305d\u3093\u306a\u7121\u90aa\u6c17\u306a\u6642\u4ee3\u304c\u3042\u3063\u3061\u3083\u60aa\u3044\uff1f\u300d",
    "PhraseFontSize": 2,
    "PhraseSpeed": 3,
    "IsPhraseCenter": false,
    "SpeechMCharacterId": null,
    "IsSpeakingFlags": 8,
    "FrameImage": 0,
    "VoiceFileName": "e_42003205_009",
    "BackgroundImage": "",
    "BGM": "",
    "SE": "",
    "Effect": null,
    "BackgroundEffectType": 0,
    "StandCharacters": [
      {
        "MCharacterId": 5201,
        "Position": 2,
        "Action": 1,
        "Emotion": 0,
        "FacialExpression": 3,
        "EnterAction": 0
      },
      {
        "MCharacterId": 28201,
        "Position": 4,
        "Action": 0,
        "Emotion": 0,
        "FacialExpression": 0,
        "EnterAction": 0
      }
    ],
    "StillDetail": {
      "AnimationName": "",
      "AnimationSpeed": null,
      "CameraZoomRatio": null,
      "CameraPositionX": null,
      "CameraPositionY": null,
      "CameraWorkDuration": null,
      "CameraRotation": null
    }
  },
  {
    "GroupOrder": 12,
    "ViewOrder": 1,
    "Name": "\u30e0\u30eb\u30de\u30f3\u30b9\u30af",
    "Phrase": "\u300c\u3046\u3046\u3093\u3002\u3046\u3089\u3084\u307e\u3057\u3044\u3057\u300e\u304d\u3087\u3046\u307f\u3076\u304b\u3044\u300f\u306e\u3001\\n\u3000\u308f\u305f\u3057\u306b\u306f\u300e\u3070\u3041\u3070\u300f\u3057\u304b\u3044\u306a\u304b\u3063\u305f\u304b\u3089\u3002\\n\u3000\u300e\u3071\u3071\u300f\u3068\u300e\u307e\u307e\u300f\u304c\u3044\u308b\u306e\u3063\u3066\u3001\u3069\u3093\u306a\u300e\u304d\u3082\u3061\u300f\u306a\u306e\u304b\u306a\u3041\u3063\u3066\u300d",
    "PhraseFontSize": 2,
    "PhraseSpeed": 3,
    "IsPhraseCenter": false,
    "SpeechMCharacterId": null,
    "IsSpeakingFlags": 2,
    "FrameImage": 0,
    "VoiceFileName": "e_42003205_010",
    "BackgroundImage": "",
    "BGM": "",
    "SE": "",
    "Effect": null,
    "BackgroundEffectType": 0,
    "StandCharacters": [
      {
        "MCharacterId": 5201,
        "Position": 2,
        "Action": 0,
        "Emotion": 0,
        "FacialExpression": 3,
        "EnterAction": 0
      },
      {
        "MCharacterId": 28201,
        "Position": 4,
        "Action": 0,
        "Emotion": 0,
        "FacialExpression": 0,
        "EnterAction": 0
      }
    ],
    "StillDetail": {
      "AnimationName": "",
      "AnimationSpeed": null,
      "CameraZoomRatio": null,
      "CameraPositionX": null,
      "CameraPositionY": null,
      "CameraWorkDuration": null,
      "CameraRotation": null
    }
  },
  {
    "GroupOrder": 13,
    "ViewOrder": 1,
    "Name": "\u30d5\u30a7\u30eb\u30af\u30ea\u30f3\u30b2\u30f3",
    "Phrase": "\u300c\u3075\u3001\u3075\u3045\u3093\u2026\u2026\u3002\\n\u3000\u305d\u3046\u3044\u3084\u3001\u3042\u3093\u305f\u3063\u3066\u5929\u6daf\u5b64\u72ec\u306a\u3093\u3060\u3063\u3051\u304b\u300d",
    "PhraseFontSize": 2,
    "PhraseSpeed": 3,
    "IsPhraseCenter": false,
    "SpeechMCharacterId": null,
    "IsSpeakingFlags": 8,
    "FrameImage": 0,
    "VoiceFileName": "e_42003205_011",
    "BackgroundImage": "",
    "BGM": "",
    "SE": "",
    "Effect": null,
    "BackgroundEffectType": 0,
    "StandCharacters": [
      {
        "MCharacterId": 5201,
        "Position": 2,
        "Action": 0,
        "Emotion": 0,
        "FacialExpression": 6,
        "EnterAction": 0
      },
      {
        "MCharacterId": 28201,
        "Position": 4,
        "Action": 0,
        "Emotion": 0,
        "FacialExpression": 0,
        "EnterAction": 0
      }
    ],
    "StillDetail": {
      "AnimationName": "",
      "AnimationSpeed": null,
      "CameraZoomRatio": null,
      "CameraPositionX": null,
      "CameraPositionY": null,
      "CameraWorkDuration": null,
      "CameraRotation": null
    }
  },
  {
    "GroupOrder": 14,
    "ViewOrder": 1,
    "Name": "\u30e0\u30eb\u30de\u30f3\u30b9\u30af",
    "Phrase": "\u300c\u3046\u3046\u3093\u3002\u3044\u307e\u306f\u3001\u300e\u3068\u304f\u3066\u3064\u305f\u3044\u300f\u306e\u307f\u3093\u306a\u304c\u300e\u304b\u305e\u304f\u300f\u3060\u3088\u3002\\n\u3000\u3060\u3044\u3059\u304d\u306a\u3001\u3042\u3063\u305f\u304b\u3044\u300e\u304b\u305e\u304f\u300f\u304c\u3044\u3063\u3071\u3044\u3044\u308b\u304b\u3089\u2015\u2015\\n\u3000\u3082\u3046\u3001\u3061\u3063\u3068\u3082\u300e\u3055\u3073\u3057\u304f\u306a\u3044\u300f\u306e\u266a\u300d",
    "PhraseFontSize": 2,
    "PhraseSpeed": 3,
    "IsPhraseCenter": false,
    "SpeechMCharacterId": null,
    "IsSpeakingFlags": 2,
    "FrameImage": 0,
    "VoiceFileName": "e_42003205_012",
    "BackgroundImage": "",
    "BGM": "",
    "SE": "",
    "Effect": null,
    "BackgroundEffectType": 0,
    "StandCharacters": [
      {
        "MCharacterId": 5201,
        "Position": 2,
        "Action": 0,
        "Emotion": 0,
        "FacialExpression": 6,
        "EnterAction": 0
      },
      {
        "MCharacterId": 28201,
        "Position": 4,
        "Action": 2,
        "Emotion": 0,
        "FacialExpression": 5,
        "EnterAction": 0
      }
    ],
    "StillDetail": {
      "AnimationName": "",
      "AnimationSpeed": null,
      "CameraZoomRatio": null,
      "CameraPositionX": null,
      "CameraPositionY": null,
      "CameraWorkDuration": null,
      "CameraRotation": null
    }
  },
  {
    "GroupOrder": 15,
    "ViewOrder": 1,
    "Name": "\u30a4\u30a8\u30c6\u30a3",
    "Phrase": "\u300e\u30cd\u30f4\u30a1\u30fc\u30e9\u30f3\u30c9\u3078\u3088\u3046\u3053\u305d\u266a\\n\u3000\u3053\u3053\u306b\u306f\u6109\u5feb\u306a\u30a2\u30c8\u30e9\u30af\u30b7\u30e7\u30f3\u304c\u305f\u3063\u3077\u308a\u3042\u308b\u3088\uff01\\n\u3000\u3069\u308c\u3067\u3082\u597d\u304d\u306a\u3082\u306e\u3092\u9078\u3093\u3067\u697d\u3057\u3093\u3067\u306d\u2606\u300f",
    "PhraseFontSize": 2,
    "PhraseSpeed": 3,
    "IsPhraseCenter": false,
    "SpeechMCharacterId": null,
    "IsSpeakingFlags": 4,
    "FrameImage": 0,
    "VoiceFileName": "",
    "BackgroundImage": "",
    "BGM": "adv_01",
    "SE": "",
    "Effect": null,
    "BackgroundEffectType": 0,
    "StandCharacters": [
      {
        "MCharacterId": 122,
        "Position": 3,
        "Action": 1,
        "Emotion": 0,
        "FacialExpression": 0,
        "EnterAction": 1
      }
    ],
    "StillDetail": {
      "AnimationName": "",
      "AnimationSpeed": null,
      "CameraZoomRatio": null,
      "CameraPositionX": null,
      "CameraPositionY": null,
      "CameraWorkDuration": null,
      "CameraRotation": null
    }
  },
  {
    "GroupOrder": 16,
    "ViewOrder": 1,
    "Name": "\u30d5\u30a7\u30eb\u30af\u30ea\u30f3\u30b2\u30f3",
    "Phrase": "\u300c\u304e\u3083\u3063\uff01\uff1f \u51fa\u305f\u308f\u306d\u3063\u3001\u30a4\u30a8\u30c6\u30a3\uff01\u300d",
    "PhraseFontSize": 2,
    "PhraseSpeed": 3,
    "IsPhraseCenter": false,
    "SpeechMCharacterId": null,
    "IsSpeakingFlags": 8,
    "FrameImage": 0,
    "VoiceFileName": "e_42003205_013",
    "BackgroundImage": "",
    "BGM": "",
    "SE": "",
    "Effect": null,
    "BackgroundEffectType": 0,
    "StandCharacters": [
      {
        "MCharacterId": 5201,
        "Position": 2,
        "Action": 0,
        "Emotion": 4,
        "FacialExpression": 1,
        "EnterAction": 1
      },
      {
        "MCharacterId": 28201,
        "Position": 4,
        "Action": 0,
        "Emotion": 0,
        "FacialExpression": 1,
        "EnterAction": 1
      }
    ],
    "StillDetail": {
      "AnimationName": "",
      "AnimationSpeed": null,
      "CameraZoomRatio": null,
      "CameraPositionX": null,
      "CameraPositionY": null,
      "CameraWorkDuration": null,
      "CameraRotation": null
    }
  },
  {
    "GroupOrder": 17,
    "ViewOrder": 1,
    "Name": "\u30e0\u30eb\u30de\u30f3\u30b9\u30af",
    "Phrase": "\u300c\u2026\u2026\u2026\uff01\u300d",
    "PhraseFontSize": 2,
    "PhraseSpeed": 3,
    "IsPhraseCenter": false,
    "SpeechMCharacterId": null,
    "IsSpeakingFlags": 2,
    "FrameImage": 0,
    "VoiceFileName": "e_42003205_014",
    "BackgroundImage": "",
    "BGM": "",
    "SE": "",
    "Effect": null,
    "BackgroundEffectType": 0,
    "StandCharacters": [
      {
        "MCharacterId": 5201,
        "Position": 2,
        "Action": 0,
        "Emotion": 0,
        "FacialExpression": 1,
        "EnterAction": 0
      },
      {
        "MCharacterId": 28201,
        "Position": 4,
        "Action": 0,
        "Emotion": 0,
        "FacialExpression": 3,
        "EnterAction": 0
      }
    ],
    "StillDetail": {
      "AnimationName": "",
      "AnimationSpeed": null,
      "CameraZoomRatio": null,
      "CameraPositionX": null,
      "CameraPositionY": null,
      "CameraWorkDuration": null,
      "CameraRotation": null
    }
  },
  {
    "GroupOrder": 18,
    "ViewOrder": 1,
    "Name": "",
    "Phrase": "\u4e0d\u610f\u306b\u9593\u8fd1\u306b\u3001\u30a4\u30a8\u30c6\u30a3\u304c\u51fa\u73fe\u3057\u305f\u3002\\n\u3069\u3053\u3068\u306a\u304f\u548c\u3084\u304b\u3060\u3063\u305f\u4f1a\u8a71\u3092\u4e2d\u65ad\u3057\u3001\u30d5\u30a7\u30eb\u30af\u30ea\u30f3\u30b2\u30f3\u305f\u3061\u304c\u8eab\u69cb\u3048\u308b\u3002\\n\u3060\u304c\u305d\u308c\u306b\u5bfe\u3059\u308b\u6575\u306e\u53cd\u5fdc\u306f\u920d\u304f\u3001\\n\u306a\u305c\u304b\u7a81\u3063\u7acb\u3063\u305f\u307e\u307e\u540c\u3058\u8a00\u8449\u3092\u7e70\u308a\u8fd4\u3059\u3070\u304b\u308a\u3060\u3002",
    "PhraseFontSize": 2,
    "PhraseSpeed": 3,
    "IsPhraseCenter": false,
    "SpeechMCharacterId": null,
    "IsSpeakingFlags": 0,
    "FrameImage": 0,
    "VoiceFileName": "",
    "BackgroundImage": "",
    "BGM": "",
    "SE": "",
    "Effect": null,
    "BackgroundEffectType": 0,
    "StandCharacters": [
      {
        "MCharacterId": 5201,
        "Position": 2,
        "Action": 0,
        "Emotion": 0,
        "FacialExpression": 3,
        "EnterAction": 0
      },
      {
        "MCharacterId": 28201,
        "Position": 4,
        "Action": 0,
        "Emotion": 0,
        "FacialExpression": 3,
        "EnterAction": 0
      }
    ],
    "StillDetail": {
      "AnimationName": "",
      "AnimationSpeed": null,
      "CameraZoomRatio": null,
      "CameraPositionX": null,
      "CameraPositionY": null,
      "CameraWorkDuration": null,
      "CameraRotation": null
    }
  },
  {
    "GroupOrder": 19,
    "ViewOrder": 1,
    "Name": "\u30a4\u30a8\u30c6\u30a3",
    "Phrase": "\u300e\u30cd\u30f4\u30a1\u30fc\u30e9\u30f3\u30c9\u3078\u3088\u3046\u3053\u305d\u266a\\n\u3000\u3053\u3053\u306b\u306f\u6109\u5feb\u306a\u30a2\u30c8\u30e9\u30af\u30b7\u30e7\u30f3\u304c\u2015\u2015\u300f",
    "PhraseFontSize": 2,
    "PhraseSpeed": 3,
    "IsPhraseCenter": false,
    "SpeechMCharacterId": null,
    "IsSpeakingFlags": 4,
    "FrameImage": 0,
    "VoiceFileName": "",
    "BackgroundImage": "",
    "BGM": "",
    "SE": "",
    "Effect": null,
    "BackgroundEffectType": 0,
    "StandCharacters": [
      {
        "MCharacterId": 122,
        "Position": 3,
        "Action": 0,
        "Emotion": 1,
        "FacialExpression": 0,
        "EnterAction": 1
      }
    ],
    "StillDetail": {
      "AnimationName": "",
      "AnimationSpeed": null,
      "CameraZoomRatio": null,
      "CameraPositionX": null,
      "CameraPositionY": null,
      "CameraWorkDuration": null,
      "CameraRotation": null
    }
  },
  {
    "GroupOrder": 20,
    "ViewOrder": 1,
    "Name": "\u30d5\u30a7\u30eb\u30af\u30ea\u30f3\u30b2\u30f3",
    "Phrase": "\u300c\u304a\u3063\u3089\u3042\u3042\u3042\u3042\uff01\u300d",
    "PhraseFontSize": 2,
    "PhraseSpeed": 3,
    "IsPhraseCenter": false,
    "SpeechMCharacterId": null,
    "IsSpeakingFlags": 4,
    "FrameImage": 0,
    "VoiceFileName": "e_42003205_015",
    "BackgroundImage": "",
    "BGM": "",
    "SE": "",
    "Effect": 5,
    "BackgroundEffectType": 0,
    "StandCharacters": [
      {
        "MCharacterId": 5201,
        "Position": 3,
        "Action": 7,
        "Emotion": 0,
        "FacialExpression": 3,
        "EnterAction": 0
      }
    ],
    "StillDetail": {
      "AnimationName": "",
      "AnimationSpeed": null,
      "CameraZoomRatio": null,
      "CameraPositionX": null,
      "CameraPositionY": null,
      "CameraWorkDuration": null,
      "CameraRotation": null
    }
  },
  {
    "GroupOrder": 21,
    "ViewOrder": 1,
    "Name": "",
    "Phrase": "\u554f\u7b54\u7121\u7528\u3067\u3001\u30d5\u30a7\u30eb\u30af\u30ea\u30f3\u30b2\u30f3\u304c\u30a4\u30a8\u30c6\u30a3\u306b\u6bb4\u308a\u304b\u304b\u3063\u305f\u3002\\n\u3053\u3046\u3044\u3046\u3068\u304d\u8ff7\u308f\u305a\u66b4\u529b\u306b\u8a34\u3048\u3089\u308c\u308b\u5f7c\u5973\u306f\u3001\\n\u3042\u308b\u610f\u5473\u3001\u975e\u5e38\u306b\u983c\u3082\u3057\u3044\u304c\u2015\u2015\u3002",
    "PhraseFontSize": 2,
    "PhraseSpeed": 3,
    "IsPhraseCenter": false,
    "SpeechMCharacterId": null,
    "IsSpeakingFlags": 0,
    "FrameImage": 0,
    "VoiceFileName": "",
    "BackgroundImage": "",
    "BGM": "",
    "SE": "attack_1",
    "Effect": null,
    "BackgroundEffectType": 0,
    "StandCharacters": [
      {
        "MCharacterId": 122,
        "Position": 3,
        "Action": 4,
        "Emotion": 0,
        "FacialExpression": 0,
        "EnterAction": 0
      }
    ],
    "StillDetail": {
      "AnimationName": "",
      "AnimationSpeed": null,
      "CameraZoomRatio": null,
      "CameraPositionX": null,
      "CameraPositionY": null,
      "CameraWorkDuration": null,
      "CameraRotation": null
    }
  },
  {
    "GroupOrder": 22,
    "ViewOrder": 1,
    "Name": "\u30a4\u30a8\u30c6\u30a3",
    "Phrase": "\u300e\u2015\u2015\u308b\u3001\u308b\u308b\u3001\u3042\u308b\u3088\uff01\\n\u3000\u3069\u308c\u3067\u3082\u3001\u597d\u304d\u306a\u3082\u306e\u3092\u9078\u3093\u3067\u2026\u2026\u300f",
    "PhraseFontSize": 2,
    "PhraseSpeed": 3,
    "IsPhraseCenter": false,
    "SpeechMCharacterId": null,
    "IsSpeakingFlags": 4,
    "FrameImage": 0,
    "VoiceFileName": "",
    "BackgroundImage": "",
    "BGM": "",
    "SE": "",
    "Effect": null,
    "BackgroundEffectType": 0,
    "StandCharacters": [
      {
        "MCharacterId": 122,
        "Position": 3,
        "Action": 0,
        "Emotion": 0,
        "FacialExpression": 0,
        "EnterAction": 2
      }
    ],
    "StillDetail": {
      "AnimationName": "",
      "AnimationSpeed": null,
      "CameraZoomRatio": null,
      "CameraPositionX": null,
      "CameraPositionY": null,
      "CameraWorkDuration": null,
      "CameraRotation": null
    }
  },
  {
    "GroupOrder": 23,
    "ViewOrder": 1,
    "Name": "",
    "Phrase": "\u6bb4\u6253\u3055\u308c\u305f\u30a4\u30a8\u30c6\u30a3\u306f\u305d\u306e\u5de8\u4f53\u3068\u58f0\u3092\u591a\u5c11\u3001\u63fa\u3089\u304c\u305b\u305f\u3060\u3051\u3067\u3001\\n\u5e73\u7136\u3068\u3057\u3066\u30d5\u30a7\u30eb\u30af\u30ea\u30f3\u30b2\u30f3\u306b\u624b\u3092\u4f38\u3070\u3057\u305f\u3002\\n\u305d\u306e\u307e\u307e\u5f7c\u5973\u306e\u8155\u3092\u63b4\u307f\u3001\u8efd\u3005\u3068\u80a9\u306e\u4e0a\u306b\u62c5\u304e\u3042\u3052\u3066\u3057\u307e\u3046\u3002",
    "PhraseFontSize": 2,
    "PhraseSpeed": 3,
    "IsPhraseCenter": false,
    "SpeechMCharacterId": null,
    "IsSpeakingFlags": 0,
    "FrameImage": 0,
    "VoiceFileName": "",
    "BackgroundImage": "",
    "BGM": "",
    "SE": "",
    "Effect": null,
    "BackgroundEffectType": 0,
    "StandCharacters": [
      {
        "MCharacterId": 122,
        "Position": 3,
        "Action": 7,
        "Emotion": 0,
        "FacialExpression": 0,
        "EnterAction": 0
      }
    ],
    "StillDetail": {
      "AnimationName": "",
      "AnimationSpeed": null,
      "CameraZoomRatio": null,
      "CameraPositionX": null,
      "CameraPositionY": null,
      "CameraWorkDuration": null,
      "CameraRotation": null
    }
  },
  {
    "GroupOrder": 24,
    "ViewOrder": 1,
    "Name": "\u30d5\u30a7\u30eb\u30af\u30ea\u30f3\u30b2\u30f3",
    "Phrase": "\u300c\u304a\u308f\u3063\uff01\uff1f\u3000\u3061\u3087\u3063\u3001\u3053\u3089\uff01\\n\u3000\u4f55\u306a\u306e\u3088\u3053\u3044\u3064\u3063\u3001\u6c17\u5b89\u304f\u89e6\u3093\u306a\uff01\u300d",
    "PhraseFontSize": 2,
    "PhraseSpeed": 3,
    "IsPhraseCenter": false,
    "SpeechMCharacterId": null,
    "IsSpeakingFlags": 4,
    "FrameImage": 0,
    "VoiceFileName": "e_42003205_016",
    "BackgroundImage": "",
    "BGM": "",
    "SE": "",
    "Effect": null,
    "BackgroundEffectType": 0,
    "StandCharacters": [
      {
        "MCharacterId": 5201,
        "Position": 3,
        "Action": 8,
        "Emotion": 5,
        "FacialExpression": 1,
        "EnterAction": 0
      }
    ],
    "StillDetail": {
      "AnimationName": "",
      "AnimationSpeed": null,
      "CameraZoomRatio": null,
      "CameraPositionX": null,
      "CameraPositionY": null,
      "CameraWorkDuration": null,
      "CameraRotation": null
    }
  },
  {
    "GroupOrder": 25,
    "ViewOrder": 1,
    "Name": "\u30e0\u30eb\u30de\u30f3\u30b9\u30af",
    "Phrase": "\u300c\u300e\u3075\u3047\u308b\u304f\u308a\u3093\u3052\u3093\u300f\u3055\u3093\uff01\uff1f\\n\u3000\u300e\u3042\u3093\u3057\u3093\u300f\u3057\u3066\u3063\u3001\u3044\u307e\u300e\u305f\u3059\u3051\u308b\u300f\u3088\uff01\u300d",
    "PhraseFontSize": 2,
    "PhraseSpeed": 3,
    "IsPhraseCenter": false,
    "SpeechMCharacterId": null,
    "IsSpeakingFlags": 4,
    "FrameImage": 0,
    "VoiceFileName": "e_42003205_017",
    "BackgroundImage": "",
    "BGM": "",
    "SE": "",
    "Effect": null,
    "BackgroundEffectType": 0,
    "StandCharacters": [
      {
        "MCharacterId": 28201,
        "Position": 3,
        "Action": 0,
        "Emotion": 4,
        "FacialExpression": 1,
        "EnterAction": 1
      }
    ],
    "StillDetail": {
      "AnimationName": "",
      "AnimationSpeed": null,
      "CameraZoomRatio": null,
      "CameraPositionX": null,
      "CameraPositionY": null,
      "CameraWorkDuration": null,
      "CameraRotation": null
    }
  },
  {
    "GroupOrder": 26,
    "ViewOrder": 1,
    "Name": "\u30d5\u30a7\u30eb\u30af\u30ea\u30f3\u30b2\u30f3",
    "Phrase": "\u300c\u3053\u3089\u3042\u3063\u3001\u6483\u3064\u306a\u30ac\u30ad\u3093\u3061\u3087\uff01\\n\u3000\u3042\u305f\u3057\u306b\u5f53\u305f\u3063\u305f\u3089\u6b7b\u3093\u3058\u3083\u3046\u3067\u3057\u3087\u3046\u304c\u3088\u3001\\n\u3000\u3042\u3093\u305f\u306e\u72d9\u6483\u9283\u306f\u7121\u99c4\u306b\u5a01\u529b\u304c\u9ad8\u3044\u3093\u3060\u304b\u3089\uff01\u300d",
    "PhraseFontSize": 2,
    "PhraseSpeed": 3,
    "IsPhraseCenter": false,
    "SpeechMCharacterId": null,
    "IsSpeakingFlags": 4,
    "FrameImage": 0,
    "VoiceFileName": "e_42003205_018",
    "BackgroundImage": "",
    "BGM": "",
    "SE": "",
    "Effect": null,
    "BackgroundEffectType": 0,
    "StandCharacters": [
      {
        "MCharacterId": 5201,
        "Position": 3,
        "Action": 1,
        "Emotion": 5,
        "FacialExpression": 3,
        "EnterAction": 1
      }
    ],
    "StillDetail": {
      "AnimationName": "",
      "AnimationSpeed": null,
      "CameraZoomRatio": null,
      "CameraPositionX": null,
      "CameraPositionY": null,
      "CameraWorkDuration": null,
      "CameraRotation": null
    }
  },
  {
    "GroupOrder": 27,
    "ViewOrder": 1,
    "Name": "\u30e0\u30eb\u30de\u30f3\u30b9\u30af",
    "Phrase": "\u300c\u3046\u3046\u3093\uff01\u3000\u306f\u305a\u3055\u306a\u3044\u3088\u3001\u3053\u306e\u300e\u304d\u3087\u308a\u300f\u306a\u3089\uff01\u300d",
    "PhraseFontSize": 2,
    "PhraseSpeed": 3,
    "IsPhraseCenter": false,
    "SpeechMCharacterId": null,
    "IsSpeakingFlags": 4,
    "FrameImage": 0,
    "VoiceFileName": "e_42003205_019",
    "BackgroundImage": "",
    "BGM": "",
    "SE": "",
    "Effect": null,
    "BackgroundEffectType": 0,
    "StandCharacters": [
      {
        "MCharacterId": 28201,
        "Position": 3,
        "Action": 1,
        "Emotion": 0,
        "FacialExpression": 3,
        "EnterAction": 1
      }
    ],
    "StillDetail": {
      "AnimationName": "",
      "AnimationSpeed": null,
      "CameraZoomRatio": null,
      "CameraPositionX": null,
      "CameraPositionY": null,
      "CameraWorkDuration": null,
      "CameraRotation": null
    }
  },
  {
    "GroupOrder": 28,
    "ViewOrder": 1,
    "Name": "\u30d5\u30a7\u30eb\u30af\u30ea\u30f3\u30b2\u30f3",
    "Phrase": "\u300c\u4e07\u304c\u4e00\u304c\u3042\u308b\u304b\u3082\u3067\u3057\u3087\u3063\u3001\\n\u3000\u3042\u305f\u3057\u306b\u4f55\u304b\u3042\u3063\u305f\u3089\u3042\u3093\u305f\u8cac\u4efb\u304c\u53d6\u308c\u3093\u306e\u3063\uff01\uff1f\u300d",
    "PhraseFontSize": 2,
    "PhraseSpeed": 3,
    "IsPhraseCenter": false,
    "SpeechMCharacterId": null,
    "IsSpeakingFlags": 4,
    "FrameImage": 0,
    "VoiceFileName": "e_42003205_020",
    "BackgroundImage": "",
    "BGM": "",
    "SE": "",
    "Effect": null,
    "BackgroundEffectType": 0,
    "StandCharacters": [
      {
        "MCharacterId": 5201,
        "Position": 3,
        "Action": 0,
        "Emotion": 2,
        "FacialExpression": 3,
        "EnterAction": 1
      }
    ],
    "StillDetail": {
      "AnimationName": "",
      "AnimationSpeed": null,
      "CameraZoomRatio": null,
      "CameraPositionX": null,
      "CameraPositionY": null,
      "CameraWorkDuration": null,
      "CameraRotation": null
    }
  },
  {
    "GroupOrder": 29,
    "ViewOrder": 1,
    "Name": "",
    "Phrase": "\u30d5\u30a7\u30eb\u30af\u30ea\u30f3\u30b2\u30f3\u304c\u304e\u3083\u3042\u304e\u3083\u3042\u9a12\u3044\u3067\u3044\u308b\u3046\u3061\u306b\u3001\\n\u30a4\u30a8\u30c6\u30a3\u306f\u305d\u306e\u307e\u307e\u5f7c\u5973\u3092\u904b\u3093\u3067\u884c\u3063\u3066\u3057\u307e\u3046\u3002\\n\u884c\u52d5\u304c\u8b0e\u3059\u304e\u308b\u304c\u2015\u2015\u653e\u7f6e\u3082\u3067\u304d\u305a\u3001\u30e0\u30eb\u30de\u30f3\u30b9\u30af\u3068\u4e8c\u4eba\u3067\u8ffd\u3044\u304b\u3051\u305f\u3002",
    "PhraseFontSize": 2,
    "PhraseSpeed": 3,
    "IsPhraseCenter": false,
    "SpeechMCharacterId": null,
    "IsSpeakingFlags": 0,
    "FrameImage": 0,
    "VoiceFileName": "",
    "BackgroundImage": "",
    "BGM": "",
    "SE": "",
    "Effect": null,
    "BackgroundEffectType": 0,
    "StandCharacters": [
      {
        "MCharacterId": 5201,
        "Position": 3,
        "Action": 1,
        "Emotion": 0,
        "FacialExpression": 3,
        "EnterAction": 0
      }
    ],
    "StillDetail": {
      "AnimationName": "",
      "AnimationSpeed": null,
      "CameraZoomRatio": null,
      "CameraPositionX": null,
      "CameraPositionY": null,
      "CameraWorkDuration": null,
      "CameraRotation": null
    }
  },
  {
    "GroupOrder": 30,
    "ViewOrder": 1,
    "Name": "\u30a4\u30a8\u30c6\u30a3",
    "Phrase": "\u300e\u9593\u3082\u306a\u304f\u51fa\u767a\u3067\u3059\uff01\\n\u3000\u307e\u3060\u307e\u3060\u304a\u5e2d\u306f\u7a7a\u3044\u3066\u3044\u307e\u3059\u306e\u3067\u3001\u304a\u5ba2\u3055\u307e\u304c\u305f\u3082\u662f\u975e\u3069\u3046\u305e\uff01\\n\u3000\u307f\u3093\u306a\u3067\u4e57\u308d\u3046\u3088\u3001\u30cd\u30f4\u30a1\u30fc\u30a8\u30f3\u30c9\u30fb\u30b3\u30fc\u30b9\u30bf\u30fc\u2606\u300f",
    "PhraseFontSize": 2,
    "PhraseSpeed": 3,
    "IsPhraseCenter": false,
    "SpeechMCharacterId": null,
    "IsSpeakingFlags": 4,
    "FrameImage": 0,
    "VoiceFileName": "",
    "BackgroundImage": "",
    "BGM": "",
    "SE": "",
    "Effect": null,
    "BackgroundEffectType": 0,
    "StandCharacters": [
      {
        "MCharacterId": 122,
        "Position": 3,
        "Action": 8,
        "Emotion": 0,
        "FacialExpression": 0,
        "EnterAction": 1
      }
    ],
    "StillDetail": {
      "AnimationName": "",
      "AnimationSpeed": null,
      "CameraZoomRatio": null,
      "CameraPositionX": null,
      "CameraPositionY": null,
      "CameraWorkDuration": null,
      "CameraRotation": null
    }
  },
  {
    "GroupOrder": 31,
    "ViewOrder": 1,
    "Name": "",
    "Phrase": "\u3055\u3089\u306b\u6570\u4f53\u307b\u3069\u306e\u30a4\u30a8\u30c6\u30a3\u305f\u3061\u304c\u3001\\n\u5999\u306a\u3053\u3068\u3092\u8a00\u3044\u306a\u304c\u3089\u5468\u56f2\u304b\u3089\u6b21\u3005\u3068\u6e67\u3044\u3066\u304f\u308b\u3002\\n\u6c17\u7d76\u3059\u308b\u524d\u3001\u7551\u3067\u898b\u304b\u3051\u305f\u969b\u306b\u306f\u725b\u306e\u3088\u3046\u306a\u9cf4\u304d\u58f0\u3057\u304b\u767a\u3055\u306a\u304b\u3063\u305f\u306e\u306b\u3001\\n\u4eca\u306f\u6d41\u66a2\u306b\u558b\u3063\u3066\u3044\u308b\u2015\u2015\u3082\u306f\u3084\u3001\u4f55\u3082\u304b\u3082\u304c\u610f\u5473\u4e0d\u660e\u3060\u3002",
    "PhraseFontSize": 2,
    "PhraseSpeed": 3,
    "IsPhraseCenter": false,
    "SpeechMCharacterId": null,
    "IsSpeakingFlags": 0,
    "FrameImage": 0,
    "VoiceFileName": "",
    "BackgroundImage": "",
    "BGM": "",
    "SE": "",
    "Effect": null,
    "BackgroundEffectType": 0,
    "StandCharacters": [
      {
        "MCharacterId": 122,
        "Position": 2,
        "Action": 0,
        "Emotion": 0,
        "FacialExpression": 0,
        "EnterAction": 3
      },
      {
        "MCharacterId": 127,
        "Position": 4,
        "Action": 0,
        "Emotion": 0,
        "FacialExpression": 0,
        "EnterAction": 4
      }
    ],
    "StillDetail": {
      "AnimationName": "",
      "AnimationSpeed": null,
      "CameraZoomRatio": null,
      "CameraPositionX": null,
      "CameraPositionY": null,
      "CameraWorkDuration": null,
      "CameraRotation": null
    }
  },
  {
    "GroupOrder": 32,
    "ViewOrder": 1,
    "Name": "\u30e0\u30eb\u30de\u30f3\u30b9\u30af",
    "Phrase": "\u300c\u2026\u2026\u300e\u3057\u3083\u3057\u3087\u3046\u300f\u3055\u3093\u3001\u300e\u304d\u308a\u300f\u304c\u300d",
    "PhraseFontSize": 2,
    "PhraseSpeed": 3,
    "IsPhraseCenter": false,
    "SpeechMCharacterId": null,
    "IsSpeakingFlags": 4,
    "FrameImage": 0,
    "VoiceFileName": "e_42003205_021",
    "BackgroundImage": "",
    "BGM": "",
    "SE": "fog",
    "Effect": null,
    "BackgroundEffectType": 0,
    "StandCharacters": [
      {
        "MCharacterId": 28201,
        "Position": 3,
        "Action": 0,
        "Emotion": 5,
        "FacialExpression": 4,
        "EnterAction": 1
      }
    ],
    "StillDetail": {
      "AnimationName": "",
      "AnimationSpeed": null,
      "CameraZoomRatio": null,
      "CameraPositionX": null,
      "CameraPositionY": null,
      "CameraWorkDuration": null,
      "CameraRotation": null
    }
  },
  {
    "GroupOrder": 33,
    "ViewOrder": 1,
    "Name": "",
    "Phrase": "\u30e0\u30eb\u30de\u30f3\u30b9\u30af\u304c\u602f\u3048\u308b\u3088\u3046\u306b\u8a00\u3063\u305f\u306e\u3067\u3001\u3053\u3061\u3089\u3082\u4eca\u3055\u3089\u306a\u304c\u3089\u6c17\u3065\u304f\u3002\\n\u3053\u306e\u6c37\u3067\u5f62\u4f5c\u3089\u308c\u305f\u904a\u5712\u5730\u306b\u306f\u3001\u6fc3\u3044\u5e7b\u9727\u304c\u5145\u3061\u6e80\u3061\u3066\u3044\u305f\u3002",
    "PhraseFontSize": 2,
    "PhraseSpeed": 3,
    "IsPhraseCenter": false,
    "SpeechMCharacterId": null,
    "IsSpeakingFlags": 0,
    "FrameImage": 0,
    "VoiceFileName": "",
    "BackgroundImage": "",
    "BGM": "",
    "SE": "",
    "Effect": null,
    "BackgroundEffectType": 0,
    "StandCharacters": [],
    "StillDetail": {
      "AnimationName": "",
      "AnimationSpeed": null,
      "CameraZoomRatio": null,
      "CameraPositionX": null,
      "CameraPositionY": null,
      "CameraWorkDuration": null,
      "CameraRotation": null
    }
  },
  {
    "GroupOrder": 34,
    "ViewOrder": 1,
    "Name": "",
    "Phrase": "\u5999\u306b\u697d\u3057\u3052\u306a\u96f0\u56f2\u6c17\u3068\u306f\u88cf\u8179\u306b\u3001\\n\u3053\u3053\u306f\u6211\u3089\u306b\u3068\u3063\u3066\u306f\u5947\u3005\u602a\u3005\u306a\u308b\u5730\u7344\u306a\u306e\u304b\u3082\u3057\u308c\u306a\u3044\u3002",
    "PhraseFontSize": 2,
    "PhraseSpeed": 3,
    "IsPhraseCenter": false,
    "SpeechMCharacterId": null,
    "IsSpeakingFlags": 0,
    "FrameImage": 0,
    "VoiceFileName": "",
    "BackgroundImage": "",
    "BGM": "",
    "SE": "",
    "Effect": null,
    "BackgroundEffectType": 0,
    "StandCharacters": [],
    "StillDetail": {
      "AnimationName": "",
      "AnimationSpeed": null,
      "CameraZoomRatio": null,
      "CameraPositionX": null,
      "CameraPositionY": null,
      "CameraWorkDuration": null,
      "CameraRotation": null
    }
  }
]