﻿[
  {
    "GroupOrder": 1,
    "ViewOrder": 1,
    "Name": "",
    "Phrase": "\u304b\u307c\u3061\u3083\u306e\u3088\u3046\u306a\u30c7\u30b6\u30a4\u30f3\u306e\u99ac\u8eca\u306b\u4e57\u308a\u3001\\n\u96ea\u9053\u3092\u8d70\u3063\u3066\u304a\u57ce\u3078\u5411\u304b\u3063\u3066\u3044\u308b\u3002\\n\u304a\u3068\u304e\u8a71\u306e\u3088\u3046\u306a\u72b6\u6cc1\u3060\u304c\u2015\u2015\\n\u5f53\u7136\u3001\u6211\u3005\u306e\u76ee\u7684\u306f\u4efb\u52d9\u3067\u3042\u3063\u3066\u3001\u30b9\u30c6\u30ad\u306a\u821e\u8e0f\u4f1a\u3067\u306f\u306a\u3044\u3002",
    "PhraseFontSize": 2,
    "PhraseSpeed": 3,
    "IsPhraseCenter": false,
    "SpeechMCharacterId": null,
    "IsSpeakingFlags": 0,
    "FrameImage": 0,
    "VoiceFileName": "",
    "BackgroundImage": "106102",
    "BGM": "adv_02",
    "SE": "",
    "Effect": null,
    "BackgroundEffectType": 0,
    "StandCharacters": [],
    "StillDetail": {
      "AnimationName": "",
      "AnimationSpeed": null,
      "CameraZoomRatio": null,
      "CameraPositionX": null,
      "CameraPositionY": null,
      "CameraWorkDuration": null,
      "CameraRotation": null
    }
  },
  {
    "GroupOrder": 2,
    "ViewOrder": 1,
    "Name": "\u30e0\u30eb\u30de\u30f3\u30b9\u30af",
    "Phrase": "\u300c\u3075\u3093\u3075\u3075\u3093\u266a\\n\u3000\u304a\u3067\u304b\u3051\u3001\u304a\u3067\u304b\u3051\u2026\u2026\u3046\u308c\u3057\u3044\u306a\u3063\u266a\\n\u3000\u300e\u3057\u3083\u3057\u3087\u3046\u300f\u3055\u3093\u3068\u3075\u305f\u308a\u3067\u3001\u304a\u3067\u304b\u3051\u3060\u3041\u2026\u2026\u3075\u3075\u3093\u3075\u3093\u266a\u300d",
    "PhraseFontSize": 2,
    "PhraseSpeed": 3,
    "IsPhraseCenter": false,
    "SpeechMCharacterId": null,
    "IsSpeakingFlags": 4,
    "FrameImage": 0,
    "VoiceFileName": "e_42003201_001",
    "BackgroundImage": "",
    "BGM": "",
    "SE": "",
    "Effect": null,
    "BackgroundEffectType": 0,
    "StandCharacters": [
      {
        "MCharacterId": 28201,
        "Position": 3,
        "Action": 0,
        "Emotion": 1,
        "FacialExpression": 5,
        "EnterAction": 1
      }
    ],
    "StillDetail": {
      "AnimationName": "",
      "AnimationSpeed": null,
      "CameraZoomRatio": null,
      "CameraPositionX": null,
      "CameraPositionY": null,
      "CameraWorkDuration": null,
      "CameraRotation": null
    }
  },
  {
    "GroupOrder": 3,
    "ViewOrder": 1,
    "Name": "",
    "Phrase": "\u3060\u304c\u4eca\u56de\u306e\u4efb\u52d9\u306b\u304a\u3051\u308b\u552f\u4e00\u306e\u540c\u884c\u8005\u3001\\n\u7279\u9244\u968a\u54e1\u306e\u30e0\u30eb\u30de\u30f3\u30b9\u30af\u306f\u3084\u3051\u306b\u4e0a\u6a5f\u5acc\u3060\u3002\\n\u5bc6\u9589\u3055\u308c\u6696\u623f\u9b54\u6cd5\u304c\u304b\u3051\u3089\u308c\u305f\u99ac\u8eca\u306e\u306a\u304b\u3067\u3001\\n\u7a93\u8d8a\u3057\u306b\u5916\u306e\u666f\u8272\u3092\u773a\u3081\u306a\u304c\u3089\u8db3\u3092\u30d1\u30bf\u30d1\u30bf\u3057\u3066\u3044\u308b\u3002",
    "PhraseFontSize": 2,
    "PhraseSpeed": 3,
    "IsPhraseCenter": false,
    "SpeechMCharacterId": null,
    "IsSpeakingFlags": 0,
    "FrameImage": 0,
    "VoiceFileName": "",
    "BackgroundImage": "",
    "BGM": "",
    "SE": "",
    "Effect": null,
    "BackgroundEffectType": 0,
    "StandCharacters": [
      {
        "MCharacterId": 28201,
        "Position": 3,
        "Action": 1,
        "Emotion": 0,
        "FacialExpression": 5,
        "EnterAction": 0
      }
    ],
    "StillDetail": {
      "AnimationName": "",
      "AnimationSpeed": null,
      "CameraZoomRatio": null,
      "CameraPositionX": null,
      "CameraPositionY": null,
      "CameraWorkDuration": null,
      "CameraRotation": null
    }
  },
  {
    "GroupOrder": 4,
    "ViewOrder": 1,
    "Name": "",
    "Phrase": "\u5e38\u306b\u751f\u8089\u3092\u56d3\u3063\u3066\u3044\u306a\u3044\u3068\u8eab\u4f53\u304c\u900f\u3051\u3066\u3057\u307e\u3046\u5947\u75c5\u306b\u7f79\u60a3\u3057\u305f\u5f7c\u5973\u3060\u304c\u3001\\n\u305d\u3093\u306a\u5df1\u306e\u4f53\u8cea\u3082\u5fd8\u308c\u308b\u307b\u3069\u697d\u3057\u3093\u3067\u3044\u308b\u3088\u3046\u3067\u2015\u2015\\n\u8efd\u3084\u304b\u306b\u52d5\u304f\u722a\u5148\u304c\u3001\u3086\u3063\u304f\u308a\u3068\u900f\u3051\u3066\u3044\u304f\u3002",
    "PhraseFontSize": 2,
    "PhraseSpeed": 3,
    "IsPhraseCenter": false,
    "SpeechMCharacterId": null,
    "IsSpeakingFlags": 0,
    "FrameImage": 0,
    "VoiceFileName": "",
    "BackgroundImage": "",
    "BGM": "",
    "SE": "",
    "Effect": null,
    "BackgroundEffectType": 0,
    "StandCharacters": [
      {
        "MCharacterId": 28201,
        "Position": 3,
        "Action": 0,
        "Emotion": 0,
        "FacialExpression": 5,
        "EnterAction": 0
      }
    ],
    "StillDetail": {
      "AnimationName": "",
      "AnimationSpeed": null,
      "CameraZoomRatio": null,
      "CameraPositionX": null,
      "CameraPositionY": null,
      "CameraWorkDuration": null,
      "CameraRotation": null
    }
  },
  {
    "GroupOrder": 5,
    "ViewOrder": 1,
    "Name": "\u30e0\u30eb\u30de\u30f3\u30b9\u30af",
    "Phrase": "\u300c\u3048\u3078\u3078\u3002\u300e\u306e\u3069\u304b\u300f\u306a\u3068\u3053\u308d\u3060\u306d\u3001\u300e\u3078\u3044\u308f\u300f\u3063\u3066\u304b\u3093\u3058\u2026\u2026\u3002\\n\u3000\u300e\u3075\u3085\u3063\u305b\u3093\u300f\u3055\u3093\u306e\u300e\u308a\u3087\u3046\u3061\u300f\u3060\u3063\u3066\u3044\u3046\u304b\u3089\u3001\\n\u3000\u3082\u3063\u3068\u300e\u304d\u3093\u304d\u3089\u304d\u3093\u300f\u306a\u300e\u3060\u3044\u3068\u304b\u3044\u300f\u3092\u305d\u3046\u305e\u3046\u3057\u3066\u305f\u3088\u300d",
    "PhraseFontSize": 2,
    "PhraseSpeed": 3,
    "IsPhraseCenter": false,
    "SpeechMCharacterId": null,
    "IsSpeakingFlags": 4,
    "FrameImage": 0,
    "VoiceFileName": "e_42003201_002",
    "BackgroundImage": "",
    "BGM": "",
    "SE": "",
    "Effect": null,
    "BackgroundEffectType": 0,
    "StandCharacters": [
      {
        "MCharacterId": 28201,
        "Position": 3,
        "Action": 0,
        "Emotion": 0,
        "FacialExpression": 5,
        "EnterAction": 0
      }
    ],
    "StillDetail": {
      "AnimationName": "",
      "AnimationSpeed": null,
      "CameraZoomRatio": null,
      "CameraPositionX": null,
      "CameraPositionY": null,
      "CameraWorkDuration": null,
      "CameraRotation": null
    }
  },
  {
    "GroupOrder": 6,
    "ViewOrder": 1,
    "Name": "",
    "Phrase": "\u305d\u3046\u3001\u4eca\u56de\u306e\u76ee\u7684\u5730\u306f\u7279\u9244\u968a\u54e1\u306b\u3057\u3066\u30a2\u30a4\u30bc\u30f3\u30b0\u30e9\u30fc\u30c8\u306e\u5927\u8cb4\u65cf\u3001\\n\u30d5\u30e5\u30c3\u30bb\u30f3\u304c\u6cbb\u3081\u308b\u9818\u5730\u3067\u3042\u308b\u3002\\n\u6b63\u78ba\u306b\u306f\u5f7c\u5973\u306e\u5c45\u57ce\u3067\u3042\u308a\u3001\\n\u6211\u3005\u3082\u4efb\u52d9\u3092\u679c\u305f\u3059\u307e\u3067\u305d\u3053\u306b\u9017\u7559\u3059\u308b\u4e88\u5b9a\u3060\u3002",
    "PhraseFontSize": 2,
    "PhraseSpeed": 3,
    "IsPhraseCenter": false,
    "SpeechMCharacterId": null,
    "IsSpeakingFlags": 0,
    "FrameImage": 0,
    "VoiceFileName": "",
    "BackgroundImage": "",
    "BGM": "",
    "SE": "",
    "Effect": null,
    "BackgroundEffectType": 0,
    "StandCharacters": [
      {
        "MCharacterId": 28201,
        "Position": 3,
        "Action": 0,
        "Emotion": 0,
        "FacialExpression": 0,
        "EnterAction": 0
      }
    ],
    "StillDetail": {
      "AnimationName": "",
      "AnimationSpeed": null,
      "CameraZoomRatio": null,
      "CameraPositionX": null,
      "CameraPositionY": null,
      "CameraWorkDuration": null,
      "CameraRotation": null
    }
  },
  {
    "GroupOrder": 7,
    "ViewOrder": 1,
    "Name": "\u30e0\u30eb\u30de\u30f3\u30b9\u30af",
    "Phrase": "\u300c\u304a\u3068\u307e\u308a\u3001\u304a\u3068\u307e\u308a\uff5e\u266a\\n\u3000\u300e\u3057\u3083\u3057\u3087\u3046\u300f\u3055\u3093\u3068\u3044\u3063\u3057\u3087\u306b\u3001\u304a\u3068\u307e\u308a\u3060\u3041\u2026\u2026\u266a\u300d",
    "PhraseFontSize": 2,
    "PhraseSpeed": 3,
    "IsPhraseCenter": false,
    "SpeechMCharacterId": null,
    "IsSpeakingFlags": 4,
    "FrameImage": 0,
    "VoiceFileName": "e_42003201_003",
    "BackgroundImage": "",
    "BGM": "",
    "SE": "",
    "Effect": null,
    "BackgroundEffectType": 0,
    "StandCharacters": [
      {
        "MCharacterId": 28201,
        "Position": 3,
        "Action": 0,
        "Emotion": 1,
        "FacialExpression": 0,
        "EnterAction": 0
      }
    ],
    "StillDetail": {
      "AnimationName": "",
      "AnimationSpeed": null,
      "CameraZoomRatio": null,
      "CameraPositionX": null,
      "CameraPositionY": null,
      "CameraWorkDuration": null,
      "CameraRotation": null
    }
  },
  {
    "GroupOrder": 8,
    "ViewOrder": 1,
    "Name": "",
    "Phrase": "\u697d\u3057\u3044\u304a\u6cca\u307e\u308a\u4f1a\u3068\u3044\u3046\u308f\u3051\u3067\u306f\u306a\u304f\u3001\\n\u4e00\u5fdc\u306f\u4efb\u52d9\u306a\u306e\u3067\u3042\u307e\u308a\u6d6e\u304b\u308c\u3059\u304e\u306a\u3044\u3067\u307b\u3057\u3044\u3002",
    "PhraseFontSize": 2,
    "PhraseSpeed": 3,
    "IsPhraseCenter": false,
    "SpeechMCharacterId": null,
    "IsSpeakingFlags": 0,
    "FrameImage": 0,
    "VoiceFileName": "",
    "BackgroundImage": "",
    "BGM": "",
    "SE": "",
    "Effect": null,
    "BackgroundEffectType": 0,
    "StandCharacters": [
      {
        "MCharacterId": 28201,
        "Position": 3,
        "Action": 0,
        "Emotion": 0,
        "FacialExpression": 0,
        "EnterAction": 0
      }
    ],
    "StillDetail": {
      "AnimationName": "",
      "AnimationSpeed": null,
      "CameraZoomRatio": null,
      "CameraPositionX": null,
      "CameraPositionY": null,
      "CameraWorkDuration": null,
      "CameraRotation": null
    }
  },
  {
    "GroupOrder": 9,
    "ViewOrder": 1,
    "Name": "\u30e0\u30eb\u30de\u30f3\u30b9\u30af",
    "Phrase": "\u300c\u3046\u3093\uff01\u3000\u308a\u3087\uff5e\u304b\u3044\u3001\u300e\u3057\u3083\u3057\u3087\u3046\u300f\u3055\u3093\uff01\\n\u3000\u3044\u307e\u300e\u3068\u308c\u3044\u3093\u306a\u3044\u3068\u300f\u306f\u308f\u305f\u3057\u3060\u3051\u3060\u3082\u3093\u3001\\n\u3000\u308f\u305f\u3057\u304c\u300e\u3057\u3063\u304b\u308a\u300f\u3057\u3066\u306a\u3044\u3068\u300e\u3060\u3081\u300f\u3060\u3088\u306d\uff1f\u300d",
    "PhraseFontSize": 2,
    "PhraseSpeed": 3,
    "IsPhraseCenter": false,
    "SpeechMCharacterId": null,
    "IsSpeakingFlags": 4,
    "FrameImage": 0,
    "VoiceFileName": "e_42003201_004",
    "BackgroundImage": "",
    "BGM": "",
    "SE": "",
    "Effect": null,
    "BackgroundEffectType": 0,
    "StandCharacters": [
      {
        "MCharacterId": 28201,
        "Position": 3,
        "Action": 5,
        "Emotion": 0,
        "FacialExpression": 0,
        "EnterAction": 0
      }
    ],
    "StillDetail": {
      "AnimationName": "",
      "AnimationSpeed": null,
      "CameraZoomRatio": null,
      "CameraPositionX": null,
      "CameraPositionY": null,
      "CameraWorkDuration": null,
      "CameraRotation": null
    }
  },
  {
    "GroupOrder": 10,
    "ViewOrder": 1,
    "Name": "\u30e0\u30eb\u30de\u30f3\u30b9\u30af",
    "Phrase": "\u300c\u3042\u3093\u3057\u3093\u3057\u3066\uff01\\n\u3000\u308f\u305f\u3057\u304c\u300e\u305c\u3063\u305f\u3044\u300f\u306b\u3001\u300e\u3057\u3083\u3057\u3087\u3046\u300f\u3055\u3093\u3092\u307e\u3082\u308b\u304b\u3089\uff01\\n\u3000\u3075\u3093\u3059\u3075\u3093\u3059\u2026\u2026\uff01\u300d",
    "PhraseFontSize": 2,
    "PhraseSpeed": 3,
    "IsPhraseCenter": false,
    "SpeechMCharacterId": null,
    "IsSpeakingFlags": 4,
    "FrameImage": 0,
    "VoiceFileName": "e_42003201_005",
    "BackgroundImage": "",
    "BGM": "",
    "SE": "",
    "Effect": null,
    "BackgroundEffectType": 0,
    "StandCharacters": [
      {
        "MCharacterId": 28201,
        "Position": 3,
        "Action": 0,
        "Emotion": 0,
        "FacialExpression": 3,
        "EnterAction": 0
      }
    ],
    "StillDetail": {
      "AnimationName": "",
      "AnimationSpeed": null,
      "CameraZoomRatio": null,
      "CameraPositionX": null,
      "CameraPositionY": null,
      "CameraWorkDuration": null,
      "CameraRotation": null
    }
  },
  {
    "GroupOrder": 11,
    "ViewOrder": 1,
    "Name": "",
    "Phrase": "\u611b\u3089\u3057\u3044\u9854\u3092\u7cbe\u4e00\u676f\u306b\u5f15\u304d\u7de0\u3081\u308b\u3068\u3001\\n\u30e0\u30eb\u30de\u30f3\u30b9\u30af\u304c\u80cc\u7b4b\u3092\u4f38\u3070\u3057\u3066\u6b63\u5ea7\u3059\u308b\u3002\\n\u305d\u308c\u306f\u9006\u306b\u6c17\u5408\u306e\u5165\u308c\u3059\u304e\u3060\u3001\u3082\u3063\u3068\u81ea\u7136\u4f53\u3067\u2015\u2015\\n\u3068\u5446\u308c\u306a\u304c\u3089\u8a00\u304a\u3046\u3068\u3057\u305f\u3001\u6b21\u306e\u77ac\u9593\u3002",
    "PhraseFontSize": 2,
    "PhraseSpeed": 3,
    "IsPhraseCenter": false,
    "SpeechMCharacterId": null,
    "IsSpeakingFlags": 0,
    "FrameImage": 0,
    "VoiceFileName": "",
    "BackgroundImage": "",
    "BGM": "",
    "SE": "",
    "Effect": null,
    "BackgroundEffectType": 0,
    "StandCharacters": [
      {
        "MCharacterId": 28201,
        "Position": 3,
        "Action": 0,
        "Emotion": 0,
        "FacialExpression": 3,
        "EnterAction": 0
      }
    ],
    "StillDetail": {
      "AnimationName": "",
      "AnimationSpeed": null,
      "CameraZoomRatio": null,
      "CameraPositionX": null,
      "CameraPositionY": null,
      "CameraWorkDuration": null,
      "CameraRotation": null
    }
  },
  {
    "GroupOrder": 12,
    "ViewOrder": 1,
    "Name": "\u30e0\u30eb\u30de\u30f3\u30b9\u30af",
    "Phrase": "\u300c\u2026\u2026\u3042\u308c\u3063\uff1f\u300d",
    "PhraseFontSize": 2,
    "PhraseSpeed": 3,
    "IsPhraseCenter": false,
    "SpeechMCharacterId": null,
    "IsSpeakingFlags": 4,
    "FrameImage": 0,
    "VoiceFileName": "e_42003201_006",
    "BackgroundImage": "",
    "BGM": "",
    "SE": "",
    "Effect": null,
    "BackgroundEffectType": 0,
    "StandCharacters": [
      {
        "MCharacterId": 28201,
        "Position": 3,
        "Action": 0,
        "Emotion": 8,
        "FacialExpression": 1,
        "EnterAction": 0
      }
    ],
    "StillDetail": {
      "AnimationName": "",
      "AnimationSpeed": null,
      "CameraZoomRatio": null,
      "CameraPositionX": null,
      "CameraPositionY": null,
      "CameraWorkDuration": null,
      "CameraRotation": null
    }
  },
  {
    "GroupOrder": 13,
    "ViewOrder": 1,
    "Name": "",
    "Phrase": "\u30e0\u30eb\u30de\u30f3\u30b9\u30af\u3082\u6c17\u3065\u3044\u305f\u3088\u3046\u3060\u304c\u3001\u7a93\u306e\u5916\u306b\u898b\u899a\u3048\u306e\u3042\u308b\u4eba\u7269\u304c\u3044\u305f\u3002\\n\u99ac\u8eca\u304b\u3089\u3084\u3084\u96e2\u308c\u305f\u4f4d\u7f6e\u2015\u2015\u672a\u3060\u96ea\u306e\u6b8b\u3063\u305f\u7551\u306b\u3066\u3001\\n\u7279\u9244\u968a\u54e1\u306e\u30d5\u30a7\u30eb\u30af\u30ea\u30f3\u30b2\u30f3\u304c\u936c\u3067\u571f\u3092\u8015\u3057\u3066\u3044\u308b\u3002",
    "PhraseFontSize": 2,
    "PhraseSpeed": 3,
    "IsPhraseCenter": false,
    "SpeechMCharacterId": null,
    "IsSpeakingFlags": 0,
    "FrameImage": 0,
    "VoiceFileName": "",
    "BackgroundImage": "",
    "BGM": "",
    "SE": "",
    "Effect": null,
    "BackgroundEffectType": 0,
    "StandCharacters": [
      {
        "MCharacterId": 5201,
        "Position": 3,
        "Action": 1,
        "Emotion": 0,
        "FacialExpression": 3,
        "EnterAction": 1
      }
    ],
    "StillDetail": {
      "AnimationName": "",
      "AnimationSpeed": null,
      "CameraZoomRatio": null,
      "CameraPositionX": null,
      "CameraPositionY": null,
      "CameraWorkDuration": null,
      "CameraRotation": null
    }
  },
  {
    "GroupOrder": 14,
    "ViewOrder": 1,
    "Name": "\u30d5\u30a7\u30eb\u30af\u30ea\u30f3\u30b2\u30f3",
    "Phrase": "\u300c\u2026\u2026\u2026\u2026\u300d",
    "PhraseFontSize": 2,
    "PhraseSpeed": 3,
    "IsPhraseCenter": false,
    "SpeechMCharacterId": null,
    "IsSpeakingFlags": 4,
    "FrameImage": 0,
    "VoiceFileName": "e_42003201_007",
    "BackgroundImage": "",
    "BGM": "",
    "SE": "",
    "Effect": null,
    "BackgroundEffectType": 0,
    "StandCharacters": [
      {
        "MCharacterId": 5201,
        "Position": 3,
        "Action": 0,
        "Emotion": 0,
        "FacialExpression": 3,
        "EnterAction": 0
      }
    ],
    "StillDetail": {
      "AnimationName": "",
      "AnimationSpeed": null,
      "CameraZoomRatio": null,
      "CameraPositionX": null,
      "CameraPositionY": null,
      "CameraWorkDuration": null,
      "CameraRotation": null
    }
  },
  {
    "GroupOrder": 15,
    "ViewOrder": 1,
    "Name": "\u30e0\u30eb\u30de\u30f3\u30b9\u30af",
    "Phrase": "\u300c\u3042\u308c\u3063\u3001\u300e\u3075\u3047\u308b\u304f\u308a\u3093\u3052\u3093\u300f\u3055\u3093\u3060\uff01\\n\u3000\u300e\u3075\u3047\u308b\u304f\u308a\u3093\u3052\u3093\u300f\u3055\u3093\u3082\u3001\\n\u3000\u3053\u3093\u304b\u3044\u306e\u300e\u306b\u3093\u3080\u300f\u306b\u3055\u3093\u304b\u3059\u308b\u306e\u304b\u306a\u3041\uff1f\u300d",
    "PhraseFontSize": 2,
    "PhraseSpeed": 3,
    "IsPhraseCenter": false,
    "SpeechMCharacterId": null,
    "IsSpeakingFlags": 4,
    "FrameImage": 0,
    "VoiceFileName": "e_42003201_008",
    "BackgroundImage": "",
    "BGM": "",
    "SE": "",
    "Effect": null,
    "BackgroundEffectType": 0,
    "StandCharacters": [
      {
        "MCharacterId": 28201,
        "Position": 3,
        "Action": 0,
        "Emotion": 0,
        "FacialExpression": 1,
        "EnterAction": 1
      }
    ],
    "StillDetail": {
      "AnimationName": "",
      "AnimationSpeed": null,
      "CameraZoomRatio": null,
      "CameraPositionX": null,
      "CameraPositionY": null,
      "CameraWorkDuration": null,
      "CameraRotation": null
    }
  },
  {
    "GroupOrder": 16,
    "ViewOrder": 1,
    "Name": "",
    "Phrase": "\u5426\u3001\u305d\u3093\u306a\u8a71\u306f\u805e\u3044\u3066\u3044\u306a\u3044\u3002",
    "PhraseFontSize": 2,
    "PhraseSpeed": 3,
    "IsPhraseCenter": false,
    "SpeechMCharacterId": null,
    "IsSpeakingFlags": 0,
    "FrameImage": 0,
    "VoiceFileName": "",
    "BackgroundImage": "",
    "BGM": "",
    "SE": "",
    "Effect": null,
    "BackgroundEffectType": 0,
    "StandCharacters": [
      {
        "MCharacterId": 28201,
        "Position": 3,
        "Action": 0,
        "Emotion": 0,
        "FacialExpression": 1,
        "EnterAction": 0
      }
    ],
    "StillDetail": {
      "AnimationName": "",
      "AnimationSpeed": null,
      "CameraZoomRatio": null,
      "CameraPositionX": null,
      "CameraPositionY": null,
      "CameraWorkDuration": null,
      "CameraRotation": null
    }
  },
  {
    "GroupOrder": 17,
    "ViewOrder": 1,
    "Name": "",
    "Phrase": "\u30d5\u30a7\u30eb\u30af\u30ea\u30f3\u30b2\u30f3\u306f\u8ecd\u898f\u9055\u53cd\u306a\u3069\u3092\u3057\u305f\u968a\u54e1\u304c\u53ce\u76e3\u3055\u308c\u308b\u65bd\u8a2d\u3001\\n\u300e\u304a\u3057\u304a\u304d\u76e3\u7344\u300f\u306b\u51fa\u305f\u308a\u5165\u3063\u305f\u308a\u3092\u7e70\u308a\u8fd4\u3057\u3066\u3044\u308b\u306e\u3067\u2015\u2015\\n\u9577\u671f\u9593\u306b\u53ca\u3073\u304c\u3061\u306a\u9060\u5f81\u4efb\u52d9\u306a\u3069\u306b\u306f\u4f7f\u3044\u3065\u3089\u304f\u3001\\n\u8fd1\u3054\u308d\u306f\u3042\u307e\u308a\u4e00\u7dd2\u306b\u4ed5\u4e8b\u3082\u3057\u3066\u3044\u306a\u304b\u3063\u305f\u3002",
    "PhraseFontSize": 2,
    "PhraseSpeed": 3,
    "IsPhraseCenter": false,
    "SpeechMCharacterId": null,
    "IsSpeakingFlags": 0,
    "FrameImage": 0,
    "VoiceFileName": "",
    "BackgroundImage": "",
    "BGM": "",
    "SE": "",
    "Effect": null,
    "BackgroundEffectType": 0,
    "StandCharacters": [],
    "StillDetail": {
      "AnimationName": "",
      "AnimationSpeed": null,
      "CameraZoomRatio": null,
      "CameraPositionX": null,
      "CameraPositionY": null,
      "CameraWorkDuration": null,
      "CameraRotation": null
    }
  },
  {
    "GroupOrder": 18,
    "ViewOrder": 1,
    "Name": "",
    "Phrase": "\u3060\u304c\u77e5\u3089\u306a\u3044\u4ef2\u3067\u3082\u306a\u3044\u3057\u3001\u4f55\u3067\u5f7c\u5973\u304c\u3053\u3053\u306b\u3044\u308b\u306e\u304b\u6c17\u306b\u306a\u3063\u3066\u2015\u2015\\n\u534a\u3070\u81ea\u52d5\u904b\u8ee2\u306b\u3057\u3066\u3044\u305f\u99ac\u8eca\u3092\u505c\u3081\u308b\u3068\u3001\u7a93\u3092\u958b\u3044\u3066\u5927\u58f0\u3067\u547c\u3073\u304b\u3051\u308b\u3002",
    "PhraseFontSize": 2,
    "PhraseSpeed": 3,
    "IsPhraseCenter": false,
    "SpeechMCharacterId": null,
    "IsSpeakingFlags": 0,
    "FrameImage": 0,
    "VoiceFileName": "",
    "BackgroundImage": "",
    "BGM": "",
    "SE": "",
    "Effect": null,
    "BackgroundEffectType": 0,
    "StandCharacters": [],
    "StillDetail": {
      "AnimationName": "",
      "AnimationSpeed": null,
      "CameraZoomRatio": null,
      "CameraPositionX": null,
      "CameraPositionY": null,
      "CameraWorkDuration": null,
      "CameraRotation": null
    }
  },
  {
    "GroupOrder": 19,
    "ViewOrder": 1,
    "Name": "\u30d5\u30a7\u30eb\u30af\u30ea\u30f3\u30b2\u30f3",
    "Phrase": "\u300c\u2026\u2026\u3052\u3063\u300d",
    "PhraseFontSize": 2,
    "PhraseSpeed": 3,
    "IsPhraseCenter": false,
    "SpeechMCharacterId": null,
    "IsSpeakingFlags": 4,
    "FrameImage": 0,
    "VoiceFileName": "e_42003201_009",
    "BackgroundImage": "",
    "BGM": "",
    "SE": "",
    "Effect": null,
    "BackgroundEffectType": 0,
    "StandCharacters": [
      {
        "MCharacterId": 5201,
        "Position": 3,
        "Action": 5,
        "Emotion": 2,
        "FacialExpression": 1,
        "EnterAction": 1
      }
    ],
    "StillDetail": {
      "AnimationName": "",
      "AnimationSpeed": null,
      "CameraZoomRatio": null,
      "CameraPositionX": null,
      "CameraPositionY": null,
      "CameraWorkDuration": null,
      "CameraRotation": null
    }
  },
  {
    "GroupOrder": 20,
    "ViewOrder": 1,
    "Name": "",
    "Phrase": "\u30d5\u30a7\u30eb\u30af\u30ea\u30f3\u30b2\u30f3\u306f\u5468\u56f2\u3092\u30ad\u30e7\u30ed\u30ad\u30e7\u30ed\u3057\u3066\u304b\u3089\u3001\\n\u3053\u3061\u3089\u306b\u6c17\u3065\u3044\u3066\u9854\u3092\u3057\u304b\u3081\u308b\u3002\\n\u305d\u3057\u3066\u5104\u52ab\u305d\u3046\u306b\u3053\u3061\u3089\u306b\u6b69\u307f\u5bc4\u3063\u3066\u304d\u3064\u3064\u3001\u5f7c\u5973\u3089\u3057\u304f\u6bd2\u3065\u3044\u305f\u3002",
    "PhraseFontSize": 2,
    "PhraseSpeed": 3,
    "IsPhraseCenter": false,
    "SpeechMCharacterId": null,
    "IsSpeakingFlags": 0,
    "FrameImage": 0,
    "VoiceFileName": "",
    "BackgroundImage": "",
    "BGM": "",
    "SE": "",
    "Effect": null,
    "BackgroundEffectType": 0,
    "StandCharacters": [
      {
        "MCharacterId": 5201,
        "Position": 3,
        "Action": 0,
        "Emotion": 0,
        "FacialExpression": 1,
        "EnterAction": 0
      }
    ],
    "StillDetail": {
      "AnimationName": "",
      "AnimationSpeed": null,
      "CameraZoomRatio": null,
      "CameraPositionX": null,
      "CameraPositionY": null,
      "CameraWorkDuration": null,
      "CameraRotation": null
    }
  },
  {
    "GroupOrder": 21,
    "ViewOrder": 1,
    "Name": "\u30d5\u30a7\u30eb\u30af\u30ea\u30f3\u30b2\u30f3",
    "Phrase": "\u300c\u3042\u3093\u305f\u4f55\u3067\u3053\u3093\u306a\u3068\u3053\u308d\u306b\u3044\u308b\u306e\u3088\u3001\u8eca\u638c\uff1f\\n\u3000\u306f\u306f\u3041\u3093\u3001\u307f\u3058\u3081\u306a\u3042\u305f\u3057\u3092\u5632\u7b11\u3044\u306b\u304d\u305f\u3093\u3067\u3057\u3087\uff1f\\n\u3000\u6687\u3092\u6301\u3066\u4f59\u3057\u3066\u308b\u306e\u306d\u3063\u3001\\n\u3000\u4e16\u754c\u3092\u6551\u3046\u7279\u9244\u968a\u306e\u300e\u8eca\u638c\u300f\u304c\u805e\u3044\u3066\u5446\u308c\u308b\u308f\uff01\u300d",
    "PhraseFontSize": 2,
    "PhraseSpeed": 3,
    "IsPhraseCenter": false,
    "SpeechMCharacterId": null,
    "IsSpeakingFlags": 4,
    "FrameImage": 0,
    "VoiceFileName": "e_42003201_010",
    "BackgroundImage": "",
    "BGM": "",
    "SE": "",
    "Effect": null,
    "BackgroundEffectType": 0,
    "StandCharacters": [
      {
        "MCharacterId": 5201,
        "Position": 3,
        "Action": 1,
        "Emotion": 0,
        "FacialExpression": 8,
        "EnterAction": 0
      }
    ],
    "StillDetail": {
      "AnimationName": "",
      "AnimationSpeed": null,
      "CameraZoomRatio": null,
      "CameraPositionX": null,
      "CameraPositionY": null,
      "CameraWorkDuration": null,
      "CameraRotation": null
    }
  },
  {
    "GroupOrder": 22,
    "ViewOrder": 1,
    "Name": "\u30e0\u30eb\u30de\u30f3\u30b9\u30af",
    "Phrase": "\u300c\u3048\u3078\u3078\u3002\u300e\u3075\u3085\u3063\u305b\u3093\u300f\u3055\u3093\u306b\u300e\u304a\u3088\u3070\u308c\u300f\u3057\u3066\u3001\\n\u3000\u300e\u306b\u3093\u3080\u300f\u3092\u3057\u306b\u304d\u305f\u3093\u3060\u3088\u300d",
    "PhraseFontSize": 2,
    "PhraseSpeed": 3,
    "IsPhraseCenter": false,
    "SpeechMCharacterId": null,
    "IsSpeakingFlags": 2,
    "FrameImage": 0,
    "VoiceFileName": "e_42003201_011",
    "BackgroundImage": "",
    "BGM": "",
    "SE": "",
    "Effect": null,
    "BackgroundEffectType": 0,
    "StandCharacters": [
      {
        "MCharacterId": 5201,
        "Position": 2,
        "Action": 0,
        "Emotion": 0,
        "FacialExpression": 8,
        "EnterAction": 1
      },
      {
        "MCharacterId": 28201,
        "Position": 4,
        "Action": 0,
        "Emotion": 1,
        "FacialExpression": 5,
        "EnterAction": 1
      }
    ],
    "StillDetail": {
      "AnimationName": "",
      "AnimationSpeed": null,
      "CameraZoomRatio": null,
      "CameraPositionX": null,
      "CameraPositionY": null,
      "CameraWorkDuration": null,
      "CameraRotation": null
    }
  },
  {
    "GroupOrder": 23,
    "ViewOrder": 1,
    "Name": "\u30d5\u30a7\u30eb\u30af\u30ea\u30f3\u30b2\u30f3",
    "Phrase": "\u300c\u30d5\u30e5\u30c3\u30bb\u30f3\u304a\u59c9\u3055\u307e\u306b\uff1f\u3000\u3042\uff5e\u2026\u2026\u305d\u3046\u3044\u3046\u3053\u3068\u304b\u3001\\n\u3000\u3042\u306e\u3072\u3068\u4eca\u65e5\u306f\u99ac\u9e7f\u307f\u305f\u3044\u306b\u6d6e\u304b\u308c\u3066\u308b\u3068\u601d\u3063\u305f\u3089\uff1f\u300d",
    "PhraseFontSize": 2,
    "PhraseSpeed": 3,
    "IsPhraseCenter": false,
    "SpeechMCharacterId": null,
    "IsSpeakingFlags": 8,
    "FrameImage": 0,
    "VoiceFileName": "e_42003201_012",
    "BackgroundImage": "",
    "BGM": "",
    "SE": "",
    "Effect": null,
    "BackgroundEffectType": 0,
    "StandCharacters": [
      {
        "MCharacterId": 5201,
        "Position": 2,
        "Action": 0,
        "Emotion": 8,
        "FacialExpression": 1,
        "EnterAction": 0
      },
      {
        "MCharacterId": 28201,
        "Position": 4,
        "Action": 0,
        "Emotion": 0,
        "FacialExpression": 5,
        "EnterAction": 0
      }
    ],
    "StillDetail": {
      "AnimationName": "",
      "AnimationSpeed": null,
      "CameraZoomRatio": null,
      "CameraPositionX": null,
      "CameraPositionY": null,
      "CameraWorkDuration": null,
      "CameraRotation": null
    }
  },
  {
    "GroupOrder": 24,
    "ViewOrder": 1,
    "Name": "\u30d5\u30a7\u30eb\u30af\u30ea\u30f3\u30b2\u30f3",
    "Phrase": "\u300c\u3075\u3093\u3002\u3069\u3046\u305b\u4efb\u52d9\u306a\u3093\u3066\u53e3\u5b9f\u3067\u3057\u3087\u3001\\n\u3000\u304a\u59c9\u3055\u307e\u306f\u3053\u306e\u30ac\u30ad\u3093\u3061\u3087\u304c\u304a\u6c17\u306b\u5165\u308a\u3060\u3057\u306d\u2026\u2026\u3002\\n\u3000\u7406\u7531\u3092\u3067\u3063\u3061\u3042\u3052\u3066\u547c\u3073\u3060\u3057\u3066\u3001\u4ef2\u826f\u304f\u304a\u8336\u4f1a\u3068\u304b\u3059\u308b\u3064\u3082\u308a\u3088\u7d76\u5bfe\u300d",
    "PhraseFontSize": 2,
    "PhraseSpeed": 3,
    "IsPhraseCenter": false,
    "SpeechMCharacterId": null,
    "IsSpeakingFlags": 8,
    "FrameImage": 0,
    "VoiceFileName": "e_42003201_013",
    "BackgroundImage": "",
    "BGM": "",
    "SE": "",
    "Effect": null,
    "BackgroundEffectType": 0,
    "StandCharacters": [
      {
        "MCharacterId": 5201,
        "Position": 2,
        "Action": 0,
        "Emotion": 0,
        "FacialExpression": 7,
        "EnterAction": 0
      },
      {
        "MCharacterId": 28201,
        "Position": 4,
        "Action": 0,
        "Emotion": 0,
        "FacialExpression": 0,
        "EnterAction": 0
      }
    ],
    "StillDetail": {
      "AnimationName": "",
      "AnimationSpeed": null,
      "CameraZoomRatio": null,
      "CameraPositionX": null,
      "CameraPositionY": null,
      "CameraWorkDuration": null,
      "CameraRotation": null
    }
  },
  {
    "GroupOrder": 25,
    "ViewOrder": 1,
    "Name": "",
    "Phrase": "\u5b9f\u969b\u3001\u4eca\u56de\u306e\u4f9d\u983c\u4e3b\u3067\u3042\u308b\u30d5\u30e5\u30c3\u30bb\u30f3\u306f\u30e0\u30eb\u30de\u30f3\u30b9\u30af\u3092\u6eba\u611b\u3057\u3066\u3044\u308b\u3002\\n\u4f9d\u983c\u306e\u969b\u306b\u540c\u884c\u8005\u306f\u30e0\u30eb\u30de\u30f3\u30b9\u30af\u306e\u307f\u304c\u671b\u307e\u3057\u3044\u3001\u3068\u3082\u8a00\u308f\u308c\u3066\u3044\u308b\u3057\u2015\u2015\\n\u30d5\u30a7\u30eb\u30af\u30ea\u30f3\u30b2\u30f3\u306e\u63a8\u6e2c\u306f\u3001\u3042\u306a\u304c\u3061\u9593\u9055\u3063\u3066\u306f\u3044\u306a\u3044\u6c17\u304c\u3057\u305f\u3002",
    "PhraseFontSize": 2,
    "PhraseSpeed": 3,
    "IsPhraseCenter": false,
    "SpeechMCharacterId": null,
    "IsSpeakingFlags": 0,
    "FrameImage": 0,
    "VoiceFileName": "",
    "BackgroundImage": "",
    "BGM": "",
    "SE": "",
    "Effect": null,
    "BackgroundEffectType": 0,
    "StandCharacters": [
      {
        "MCharacterId": 5201,
        "Position": 2,
        "Action": 0,
        "Emotion": 0,
        "FacialExpression": 0,
        "EnterAction": 0
      },
      {
        "MCharacterId": 28201,
        "Position": 4,
        "Action": 0,
        "Emotion": 0,
        "FacialExpression": 0,
        "EnterAction": 0
      }
    ],
    "StillDetail": {
      "AnimationName": "",
      "AnimationSpeed": null,
      "CameraZoomRatio": null,
      "CameraPositionX": null,
      "CameraPositionY": null,
      "CameraWorkDuration": null,
      "CameraRotation": null
    }
  },
  {
    "GroupOrder": 26,
    "ViewOrder": 1,
    "Name": "\u30d5\u30a7\u30eb\u30af\u30ea\u30f3\u30b2\u30f3",
    "Phrase": "\u300c\u306f\u3063\uff01\u3000\u512a\u96c5\u306a\u3082\u3093\u306d\u3001\u7fa8\u307e\u3057\u3044\u308f\u3041\uff1f\\n\u3000\u3053\u3061\u3068\u3089\u5bd2\u7a7a\u306e\u4e0b\u3067\u3001\\n\u3000\u304a\u59c9\u3055\u307e\u306b\u547d\u4ee4\u3055\u308c\u3066\u6ce5\u81ed\u3044\u7551\u4ed5\u4e8b\u3092\u3055\u305b\u3089\u308c\u3066\u3093\u306e\u306b\u3055\u3041\uff1f\u300d",
    "PhraseFontSize": 2,
    "PhraseSpeed": 3,
    "IsPhraseCenter": false,
    "SpeechMCharacterId": null,
    "IsSpeakingFlags": 8,
    "FrameImage": 0,
    "VoiceFileName": "e_42003201_014",
    "BackgroundImage": "",
    "BGM": "",
    "SE": "",
    "Effect": null,
    "BackgroundEffectType": 0,
    "StandCharacters": [
      {
        "MCharacterId": 5201,
        "Position": 2,
        "Action": 0,
        "Emotion": 0,
        "FacialExpression": 8,
        "EnterAction": 0
      },
      {
        "MCharacterId": 28201,
        "Position": 4,
        "Action": 0,
        "Emotion": 0,
        "FacialExpression": 0,
        "EnterAction": 0
      }
    ],
    "StillDetail": {
      "AnimationName": "",
      "AnimationSpeed": null,
      "CameraZoomRatio": null,
      "CameraPositionX": null,
      "CameraPositionY": null,
      "CameraWorkDuration": null,
      "CameraRotation": null
    }
  },
  {
    "GroupOrder": 27,
    "ViewOrder": 1,
    "Name": "\u30d5\u30a7\u30eb\u30af\u30ea\u30f3\u30b2\u30f3",
    "Phrase": "\u300c\u304a\u3089\u3001\u30ac\u30ad\u3093\u3061\u3087\u2026\u2026\u3069\u3046\u3084\u3063\u3066\u304a\u59c9\u3055\u307e\u306b\u53d6\u308a\u5165\u3063\u305f\u306e\u3088\uff1f\\n\u3000\u79d8\u8a23\u304c\u3042\u308b\u306a\u3089\u6559\u3048\u3066\u3082\u3089\u3044\u305f\u3044\u3082\u3093\u3060\u308f\u3001\\n\u3000\u3069\u3046\u305b\u30d9\u30c3\u30c9\u306b\u6f5c\u308a\u3053\u3093\u3067\u306f\u3057\u305f\u306a\u304f\u8a98\u60d1\u3067\u3082\u3057\u305f\u3093\u3067\u3057\u3087\uff1f\u300d",
    "PhraseFontSize": 2,
    "PhraseSpeed": 3,
    "IsPhraseCenter": false,
    "SpeechMCharacterId": null,
    "IsSpeakingFlags": 8,
    "FrameImage": 0,
    "VoiceFileName": "e_42003201_015",
    "BackgroundImage": "",
    "BGM": "",
    "SE": "",
    "Effect": null,
    "BackgroundEffectType": 0,
    "StandCharacters": [
      {
        "MCharacterId": 5201,
        "Position": 2,
        "Action": 1,
        "Emotion": 0,
        "FacialExpression": 3,
        "EnterAction": 0
      },
      {
        "MCharacterId": 28201,
        "Position": 4,
        "Action": 0,
        "Emotion": 0,
        "FacialExpression": 0,
        "EnterAction": 0
      }
    ],
    "StillDetail": {
      "AnimationName": "",
      "AnimationSpeed": null,
      "CameraZoomRatio": null,
      "CameraPositionX": null,
      "CameraPositionY": null,
      "CameraWorkDuration": null,
      "CameraRotation": null
    }
  },
  {
    "GroupOrder": 28,
    "ViewOrder": 1,
    "Name": "\u30e0\u30eb\u30de\u30f3\u30b9\u30af",
    "Phrase": "\u300c\u3080\u3046\u3001\u300e\u304c\u304d\u3093\u3061\u3087\u300f\u3058\u3083\u306a\u304f\u3066\u300e\u3080\u308b\u307e\u3093\u3059\u304f\u300f\u3060\u3088\u3002\\n\u3000\u305d\u308c\u306b\u3001\u308f\u305f\u3057\u3082\u306a\u3093\u3067\u300e\u3075\u3085\u3063\u305b\u3093\u300f\u3055\u3093\u304c\u3001\\n\u3000\u308f\u305f\u3057\u3092\u300e\u304d\u306b\u3044\u3063\u3066\u300f\u304f\u308c\u3066\u308b\u306e\u304b\u3088\u304f\u308f\u304b\u3089\u306a\u3044\u306e\u2015\u2015\u300d",
    "PhraseFontSize": 2,
    "PhraseSpeed": 3,
    "IsPhraseCenter": false,
    "SpeechMCharacterId": null,
    "IsSpeakingFlags": 2,
    "FrameImage": 0,
    "VoiceFileName": "e_42003201_016",
    "BackgroundImage": "",
    "BGM": "",
    "SE": "",
    "Effect": null,
    "BackgroundEffectType": 0,
    "StandCharacters": [
      {
        "MCharacterId": 5201,
        "Position": 2,
        "Action": 0,
        "Emotion": 0,
        "FacialExpression": 3,
        "EnterAction": 0
      },
      {
        "MCharacterId": 28201,
        "Position": 4,
        "Action": 1,
        "Emotion": 0,
        "FacialExpression": 3,
        "EnterAction": 0
      }
    ],
    "StillDetail": {
      "AnimationName": "",
      "AnimationSpeed": null,
      "CameraZoomRatio": null,
      "CameraPositionX": null,
      "CameraPositionY": null,
      "CameraWorkDuration": null,
      "CameraRotation": null
    }
  },
  {
    "GroupOrder": 29,
    "ViewOrder": 1,
    "Name": "\u30e0\u30eb\u30de\u30f3\u30b9\u30af",
    "Phrase": "\u300c\u2015\u2015\u3072\u3083\u3063\u3001\u3075\u3043\uff01\uff1f\u300d",
    "PhraseFontSize": 2,
    "PhraseSpeed": 3,
    "IsPhraseCenter": false,
    "SpeechMCharacterId": null,
    "IsSpeakingFlags": 2,
    "FrameImage": 0,
    "VoiceFileName": "e_42003201_017",
    "BackgroundImage": "",
    "BGM": "",
    "SE": "",
    "Effect": null,
    "BackgroundEffectType": 0,
    "StandCharacters": [
      {
        "MCharacterId": 5201,
        "Position": 2,
        "Action": 0,
        "Emotion": 4,
        "FacialExpression": 1,
        "EnterAction": 0
      },
      {
        "MCharacterId": 28201,
        "Position": 4,
        "Action": 5,
        "Emotion": 0,
        "FacialExpression": 1,
        "EnterAction": 0
      }
    ],
    "StillDetail": {
      "AnimationName": "",
      "AnimationSpeed": null,
      "CameraZoomRatio": null,
      "CameraPositionX": null,
      "CameraPositionY": null,
      "CameraWorkDuration": null,
      "CameraRotation": null
    }
  },
  {
    "GroupOrder": 30,
    "ViewOrder": 1,
    "Name": "\u30d5\u30a7\u30eb\u30af\u30ea\u30f3\u30b2\u30f3",
    "Phrase": "\u300c\u8eca\u638c\uff01\u3000\u99ac\u8eca\u306e\u306a\u304b\u306b\u5f15\u3063\u3053\u3081\uff01\u300d",
    "PhraseFontSize": 2,
    "PhraseSpeed": 3,
    "IsPhraseCenter": false,
    "SpeechMCharacterId": null,
    "IsSpeakingFlags": 8,
    "FrameImage": 0,
    "VoiceFileName": "e_42003201_018",
    "BackgroundImage": "",
    "BGM": "",
    "SE": "",
    "Effect": null,
    "BackgroundEffectType": 0,
    "StandCharacters": [
      {
        "MCharacterId": 5201,
        "Position": 2,
        "Action": 0,
        "Emotion": 0,
        "FacialExpression": 3,
        "EnterAction": 0
      },
      {
        "MCharacterId": 28201,
        "Position": 4,
        "Action": 0,
        "Emotion": 0,
        "FacialExpression": 1,
        "EnterAction": 0
      }
    ],
    "StillDetail": {
      "AnimationName": "",
      "AnimationSpeed": null,
      "CameraZoomRatio": null,
      "CameraPositionX": null,
      "CameraPositionY": null,
      "CameraWorkDuration": null,
      "CameraRotation": null
    }
  },
  {
    "GroupOrder": 31,
    "ViewOrder": 1,
    "Name": "",
    "Phrase": "\u540c\u3058\u30a2\u30a4\u30bc\u30f3\u30b0\u30e9\u30fc\u30c8\u51fa\u8eab\u3086\u3048\u306b\u9854\u898b\u77e5\u308a\u3089\u3057\u304f\u3001\\n\u610f\u5916\u3068\u89aa\u3057\u3052\u306b\u4f1a\u8a71\u3057\u3066\u3044\u305f\u4e8c\u4eba\u304c\u2015\u2015\u540c\u6642\u306b\u771f\u9854\u306b\u306a\u3063\u3066\u8eab\u69cb\u3048\u308b\u3002\\n\u5f7c\u5973\u3089\u306e\u8996\u7dda\u3092\u8ffd\u3044\u3001\u3053\u3061\u3089\u3082\u7570\u5909\u3092\u5bdf\u3057\u3066\u606f\u3092\u5451\u3093\u3060\u3002",
    "PhraseFontSize": 2,
    "PhraseSpeed": 3,
    "IsPhraseCenter": false,
    "SpeechMCharacterId": null,
    "IsSpeakingFlags": 0,
    "FrameImage": 0,
    "VoiceFileName": "",
    "BackgroundImage": "",
    "BGM": "",
    "SE": "",
    "Effect": null,
    "BackgroundEffectType": 0,
    "StandCharacters": [
      {
        "MCharacterId": 5201,
        "Position": 2,
        "Action": 0,
        "Emotion": 0,
        "FacialExpression": 3,
        "EnterAction": 0
      },
      {
        "MCharacterId": 28201,
        "Position": 4,
        "Action": 0,
        "Emotion": 0,
        "FacialExpression": 1,
        "EnterAction": 0
      }
    ],
    "StillDetail": {
      "AnimationName": "",
      "AnimationSpeed": null,
      "CameraZoomRatio": null,
      "CameraPositionX": null,
      "CameraPositionY": null,
      "CameraWorkDuration": null,
      "CameraRotation": null
    }
  },
  {
    "GroupOrder": 32,
    "ViewOrder": 1,
    "Name": "\u9b54\u7269",
    "Phrase": "\u300c\u30e2\u30a9\u30a9\u30a9\u30aa\u3001\u30e2\u30a9\u30a9\u30a9\u30aa\u300d",
    "PhraseFontSize": 2,
    "PhraseSpeed": 3,
    "IsPhraseCenter": false,
    "SpeechMCharacterId": null,
    "IsSpeakingFlags": 4,
    "FrameImage": 0,
    "VoiceFileName": "",
    "BackgroundImage": "",
    "BGM": "adv_01",
    "SE": "",
    "Effect": null,
    "BackgroundEffectType": 0,
    "StandCharacters": [
      {
        "MCharacterId": 122,
        "Position": 3,
        "Action": 0,
        "Emotion": 0,
        "FacialExpression": 0,
        "EnterAction": 1
      }
    ],
    "StillDetail": {
      "AnimationName": "",
      "AnimationSpeed": null,
      "CameraZoomRatio": null,
      "CameraPositionX": null,
      "CameraPositionY": null,
      "CameraWorkDuration": null,
      "CameraRotation": null
    }
  },
  {
    "GroupOrder": 33,
    "ViewOrder": 1,
    "Name": "",
    "Phrase": "\u725b\u306e\u3088\u3046\u306a\u9cf4\u304d\u58f0\u3092\u3042\u3052\u306a\u304c\u3089\u3001\u5947\u5999\u306a\u9b54\u7269\u306e\u7fa4\u308c\u304c\u884c\u9032\u3057\u3066\u3044\u308b\u3002\\n\u5168\u8eab\u3001\u6bdb\u3080\u304f\u3058\u3083\u3089\u306e\u5de8\u4f53\u3067\u3042\u308b\u3002\\n\u4e00\u5fdc\u3001\u4eba\u578b\u3092\u3057\u3066\u3044\u308b\u3082\u306e\u306e\u2015\u2015\\n\u624b\u8db3\u304c\u7570\u5e38\u306b\u304a\u304a\u304d\u304f\u3001\u305d\u306e\u8eab\u306b\u307e\u3068\u3046\u9b54\u529b\u3082\u798d\u3005\u3057\u3044\u3002",
    "PhraseFontSize": 2,
    "PhraseSpeed": 3,
    "IsPhraseCenter": false,
    "SpeechMCharacterId": null,
    "IsSpeakingFlags": 0,
    "FrameImage": 0,
    "VoiceFileName": "",
    "BackgroundImage": "",
    "BGM": "",
    "SE": "",
    "Effect": null,
    "BackgroundEffectType": 0,
    "StandCharacters": [
      {
        "MCharacterId": 122,
        "Position": 3,
        "Action": 0,
        "Emotion": 0,
        "FacialExpression": 0,
        "EnterAction": 0
      }
    ],
    "StillDetail": {
      "AnimationName": "",
      "AnimationSpeed": null,
      "CameraZoomRatio": null,
      "CameraPositionX": null,
      "CameraPositionY": null,
      "CameraWorkDuration": null,
      "CameraRotation": null
    }
  },
  {
    "GroupOrder": 34,
    "ViewOrder": 1,
    "Name": "\u30d5\u30a7\u30eb\u30af\u30ea\u30f3\u30b2\u30f3",
    "Phrase": "\u300c\u96ea\u5c71\u306b\u68f2\u307e\u3046\u4e9c\u4eba\u3001\u3064\u307e\u308a\u9b54\u7269\u306e\u4e00\u7a2e\u3068\u3055\u308c\u308b\u5b58\u5728\u3067\u2015\u2015\\n\u3000\u3053\u306e\u5730\u65b9\u3067\u306f\u30a4\u30a8\u30c6\u30a3\u3063\u3066\u547c\u3070\u308c\u3066\u308b\u3084\u3064\u3088\u3002\\n\u3000\u666e\u901a\u306f\u5c71\u304b\u3089\u51fa\u3066\u3053\u306a\u3044\u3093\u3060\u3051\u3069\u3001\\n\u3000\u306a\u305c\u304b\u6700\u8fd1\u306f\u4eba\u91cc\u306b\u4e0b\u308a\u3066\u5efa\u7269\u3092\u58ca\u3057\u305f\u308a\u7551\u3092\u8352\u3089\u3057\u305f\u308a\u3057\u3066\u308b\u306e\u300d",
    "PhraseFontSize": 2,
    "PhraseSpeed": 3,
    "IsPhraseCenter": false,
    "SpeechMCharacterId": null,
    "IsSpeakingFlags": 4,
    "FrameImage": 0,
    "VoiceFileName": "e_42003201_019",
    "BackgroundImage": "",
    "BGM": "",
    "SE": "",
    "Effect": null,
    "BackgroundEffectType": 0,
    "StandCharacters": [
      {
        "MCharacterId": 5201,
        "Position": 3,
        "Action": 0,
        "Emotion": 0,
        "FacialExpression": 3,
        "EnterAction": 1
      }
    ],
    "StillDetail": {
      "AnimationName": "",
      "AnimationSpeed": null,
      "CameraZoomRatio": null,
      "CameraPositionX": null,
      "CameraPositionY": null,
      "CameraWorkDuration": null,
      "CameraRotation": null
    }
  },
  {
    "GroupOrder": 35,
    "ViewOrder": 1,
    "Name": "\u30d5\u30a7\u30eb\u30af\u30ea\u30f3\u30b2\u30f3",
    "Phrase": "\u300c\u304a\u9670\u3067\u3001\u5730\u57df\u4f4f\u6c11\u304c\u6016\u304c\u3063\u3061\u3083\u3063\u3066\u308b\u307f\u305f\u3044\u3067\u3055\u2026\u2026\u3002\\n\u3000\u8ab0\u3082\u7551\u4ed5\u4e8b\u3068\u304b\u3092\u3057\u306a\u3044\u304b\u3089\u3063\u3066\u3001\\n\u3000\u304a\u59c9\u3055\u307e\u304c\u3042\u305f\u3057\u3092\u547c\u3073\u3060\u3057\u3066\u571f\u3092\u8015\u3055\u305b\u305f\u308a\u3057\u3066\u308b\u3063\u3066\u308f\u3051\u300d",
    "PhraseFontSize": 2,
    "PhraseSpeed": 3,
    "IsPhraseCenter": false,
    "SpeechMCharacterId": null,
    "IsSpeakingFlags": 4,
    "FrameImage": 0,
    "VoiceFileName": "e_42003201_020",
    "BackgroundImage": "",
    "BGM": "",
    "SE": "",
    "Effect": null,
    "BackgroundEffectType": 0,
    "StandCharacters": [
      {
        "MCharacterId": 5201,
        "Position": 3,
        "Action": 0,
        "Emotion": 0,
        "FacialExpression": 4,
        "EnterAction": 0
      }
    ],
    "StillDetail": {
      "AnimationName": "",
      "AnimationSpeed": null,
      "CameraZoomRatio": null,
      "CameraPositionX": null,
      "CameraPositionY": null,
      "CameraWorkDuration": null,
      "CameraRotation": null
    }
  },
  {
    "GroupOrder": 36,
    "ViewOrder": 1,
    "Name": "",
    "Phrase": "\u6211\u3005\u3078\u306e\u30d5\u30e5\u30c3\u30bb\u30f3\u306e\u4f9d\u983c\u3082\u3001\\n\u3082\u3057\u304b\u3057\u305f\u3089\u305d\u308c\u306b\u95a2\u4fc2\u304c\u3042\u308b\u306e\u304b\u3082\u3057\u308c\u306a\u3044\u3002\\n\u4f9d\u983c\u306f\u5358\u306a\u308b\u30e0\u30eb\u30de\u30f3\u30b9\u30af\u3092\u547c\u3073\u3060\u3059\u305f\u3081\u306e\u53e3\u5b9f\u3067\u306f\u306a\u304f\u3001\\n\u672c\u5f53\u306b\u5b9f\u5bb3\u304c\u3042\u3063\u3066\u56f0\u3063\u3066\u3044\u305f\u306e\u3060\u308d\u3046\u304b\u2015\u2015\u3002",
    "PhraseFontSize": 2,
    "PhraseSpeed": 3,
    "IsPhraseCenter": false,
    "SpeechMCharacterId": null,
    "IsSpeakingFlags": 0,
    "FrameImage": 0,
    "VoiceFileName": "",
    "BackgroundImage": "",
    "BGM": "",
    "SE": "",
    "Effect": null,
    "BackgroundEffectType": 0,
    "StandCharacters": [
      {
        "MCharacterId": 5201,
        "Position": 3,
        "Action": 0,
        "Emotion": 0,
        "FacialExpression": 4,
        "EnterAction": 0
      }
    ],
    "StillDetail": {
      "AnimationName": "",
      "AnimationSpeed": null,
      "CameraZoomRatio": null,
      "CameraPositionX": null,
      "CameraPositionY": null,
      "CameraWorkDuration": null,
      "CameraRotation": null
    }
  },
  {
    "GroupOrder": 37,
    "ViewOrder": 1,
    "Name": "\u30a4\u30a8\u30c6\u30a3",
    "Phrase": "\u300c\u30e2\u30a9\u30aa\u30aa\u30aa\u30aa\uff01\u300d",
    "PhraseFontSize": 2,
    "PhraseSpeed": 3,
    "IsPhraseCenter": false,
    "SpeechMCharacterId": null,
    "IsSpeakingFlags": 4,
    "FrameImage": 1,
    "VoiceFileName": "",
    "BackgroundImage": "",
    "BGM": "",
    "SE": "",
    "Effect": null,
    "BackgroundEffectType": 0,
    "StandCharacters": [
      {
        "MCharacterId": 122,
        "Position": 3,
        "Action": 1,
        "Emotion": 0,
        "FacialExpression": 0,
        "EnterAction": 1
      }
    ],
    "StillDetail": {
      "AnimationName": "",
      "AnimationSpeed": null,
      "CameraZoomRatio": null,
      "CameraPositionX": null,
      "CameraPositionY": null,
      "CameraWorkDuration": null,
      "CameraRotation": null
    }
  },
  {
    "GroupOrder": 38,
    "ViewOrder": 1,
    "Name": "\u30d5\u30a7\u30eb\u30af\u30ea\u30f3\u30b2\u30f3",
    "Phrase": "\u300c\u3052\u3063\u3001\u3042\u3044\u3064\u3089\u3053\u3063\u3061\u306b\u6c17\u3065\u3044\u3066\u7a81\u9032\u3057\u3066\u304d\u305f\uff01\\n\u3000\u30b4\u30c1\u30e3\u30b4\u30c1\u30e3\u8003\u3048\u308b\u306e\u306f\u5f8c\u56de\u3057\u306b\u3057\u3066\u3001\\n\u3000\u8eca\u638c\u306f\u5451\u6c17\u306b\u3057\u3066\u306a\u3044\u3067\u8eca\u5185\u306b\u96a0\u308c\u3066\u306a\u3055\u3044\uff01\\n\u3000\u30ac\u30ad\u3093\u3061\u3087\u306f\u5916\u306b\u51fa\u3066\u5fdc\u6226\u3057\u308d\u3063\u3001\u3042\u305f\u3057\u306b\u3070\u3063\u304b\u308a\u50cd\u304b\u305b\u3093\u306a\uff01\u300d",
    "PhraseFontSize": 2,
    "PhraseSpeed": 3,
    "IsPhraseCenter": false,
    "SpeechMCharacterId": null,
    "IsSpeakingFlags": 8,
    "FrameImage": 0,
    "VoiceFileName": "e_42003201_021",
    "BackgroundImage": "",
    "BGM": "",
    "SE": "",
    "Effect": null,
    "BackgroundEffectType": 0,
    "StandCharacters": [
      {
        "MCharacterId": 5201,
        "Position": 2,
        "Action": 0,
        "Emotion": 2,
        "FacialExpression": 1,
        "EnterAction": 1
      },
      {
        "MCharacterId": 28201,
        "Position": 4,
        "Action": 0,
        "Emotion": 0,
        "FacialExpression": 0,
        "EnterAction": 1
      }
    ],
    "StillDetail": {
      "AnimationName": "",
      "AnimationSpeed": null,
      "CameraZoomRatio": null,
      "CameraPositionX": null,
      "CameraPositionY": null,
      "CameraWorkDuration": null,
      "CameraRotation": null
    }
  },
  {
    "GroupOrder": 39,
    "ViewOrder": 1,
    "Name": "\u30e0\u30eb\u30de\u30f3\u30b9\u30af",
    "Phrase": "\u300c\u3046\u3093\uff01\u3000\u307f\u3093\u306a\u3092\u3053\u308f\u304c\u3089\u305b\u308b\u3001\u308f\u308b\u3044\u300e\u307e\u3082\u306e\u300f\u3092\u305f\u304a\u3059\u306e\u304c\u2015\u2015\\n\u3000\u308f\u305f\u3057\u305f\u3061\u3001\u300e\u3068\u304f\u3066\u3064\u305f\u3044\u300f\u306e\u300e\u304a\u3057\u3054\u3068\u300f\u3060\u3088\uff01\u300d",
    "PhraseFontSize": 2,
    "PhraseSpeed": 3,
    "IsPhraseCenter": false,
    "SpeechMCharacterId": null,
    "IsSpeakingFlags": 2,
    "FrameImage": 0,
    "VoiceFileName": "e_42003201_022",
    "BackgroundImage": "",
    "BGM": "",
    "SE": "",
    "Effect": null,
    "BackgroundEffectType": 0,
    "StandCharacters": [
      {
        "MCharacterId": 5201,
        "Position": 2,
        "Action": 0,
        "Emotion": 0,
        "FacialExpression": 1,
        "EnterAction": 0
      },
      {
        "MCharacterId": 28201,
        "Position": 4,
        "Action": 5,
        "Emotion": 0,
        "FacialExpression": 3,
        "EnterAction": 0
      }
    ],
    "StillDetail": {
      "AnimationName": "",
      "AnimationSpeed": null,
      "CameraZoomRatio": null,
      "CameraPositionX": null,
      "CameraPositionY": null,
      "CameraWorkDuration": null,
      "CameraRotation": null
    }
  },
  {
    "GroupOrder": 40,
    "ViewOrder": 1,
    "Name": "",
    "Phrase": "\u30e0\u30eb\u30de\u30f3\u30b9\u30af\u304c\u5f7c\u5973\u306e\u6b66\u5668\u305f\u308b\u72d9\u6483\u9283\u3092\u62b1\u3048\u3001\\n\u5996\u7cbe\u306e\u3088\u3046\u306b\u8efd\u3084\u304b\u306b\u99ac\u8eca\u306e\u7a93\u304b\u3089\u98db\u3073\u964d\u308a\u308b\u3002\\n\u540c\u6642\u306b\u9b54\u7269\u306e\u7fa4\u308c\u306f\u6bba\u6c17\u7acb\u3061\u3001\u7370\u731b\u306a\u5486\u543c\u3092\u97ff\u304b\u305b\u305f\u3002",
    "PhraseFontSize": 2,
    "PhraseSpeed": 3,
    "IsPhraseCenter": false,
    "SpeechMCharacterId": null,
    "IsSpeakingFlags": 0,
    "FrameImage": 0,
    "VoiceFileName": "",
    "BackgroundImage": "",
    "BGM": "",
    "SE": "",
    "Effect": null,
    "BackgroundEffectType": 0,
    "StandCharacters": [
      {
        "MCharacterId": 5201,
        "Position": 2,
        "Action": 0,
        "Emotion": 0,
        "FacialExpression": 3,
        "EnterAction": 0
      },
      {
        "MCharacterId": 28201,
        "Position": 4,
        "Action": 0,
        "Emotion": 0,
        "FacialExpression": 3,
        "EnterAction": 0
      }
    ],
    "StillDetail": {
      "AnimationName": "",
      "AnimationSpeed": null,
      "CameraZoomRatio": null,
      "CameraPositionX": null,
      "CameraPositionY": null,
      "CameraWorkDuration": null,
      "CameraRotation": null
    }
  },
  {
    "GroupOrder": 41,
    "ViewOrder": 1,
    "Name": "",
    "Phrase": "\u304b\u304f\u3057\u3066\u2015\u2015\\n\u7551\u3092\u8352\u3089\u3059\u3068\u3044\u3046\u5bb3\u7363\u306e\u3054\u3068\u304d\u9b54\u7269\u3001\u30a4\u30a8\u30c6\u30a3\u3068\u306e\u6226\u3044\u304c\u59cb\u307e\u3063\u305f\u3002",
    "PhraseFontSize": 2,
    "PhraseSpeed": 3,
    "IsPhraseCenter": false,
    "SpeechMCharacterId": null,
    "IsSpeakingFlags": 0,
    "FrameImage": 0,
    "VoiceFileName": "",
    "BackgroundImage": "",
    "BGM": "",
    "SE": "",
    "Effect": null,
    "BackgroundEffectType": 0,
    "StandCharacters": [],
    "StillDetail": {
      "AnimationName": "",
      "AnimationSpeed": null,
      "CameraZoomRatio": null,
      "CameraPositionX": null,
      "CameraPositionY": null,
      "CameraWorkDuration": null,
      "CameraRotation": null
    }
  }
]