﻿[
  {
    "GroupOrder": 1,
    "ViewOrder": 1,
    "Name": "",
    "Phrase": "\u4e00\u65b9\u305d\u306e\u3053\u308d\u2015\u2015\u3002\\n\u4eca\u56de\u306e\u4efb\u52d9\u306e\u4f9d\u983c\u4e3b\u305f\u308b\u30d5\u30e5\u30c3\u30bb\u30f3\u306f\u3001\\n\u5927\u8cb4\u65cf\u305f\u308b\u5f7c\u5973\u306e\u5c45\u57ce\u3067\u5947\u5999\u306a\u632f\u308b\u821e\u3044\u3092\u3057\u3066\u3044\u305f\u3002",
    "PhraseFontSize": 2,
    "PhraseSpeed": 3,
    "IsPhraseCenter": false,
    "SpeechMCharacterId": null,
    "IsSpeakingFlags": 0,
    "FrameImage": 0,
    "VoiceFileName": "",
    "BackgroundImage": "104002",
    "BGM": "adv_02",
    "SE": "",
    "Effect": null,
    "BackgroundEffectType": 0,
    "StandCharacters": [],
    "StillDetail": {
      "AnimationName": "",
      "AnimationSpeed": null,
      "CameraZoomRatio": null,
      "CameraPositionX": null,
      "CameraPositionY": null,
      "CameraWorkDuration": null,
      "CameraRotation": null
    }
  },
  {
    "GroupOrder": 2,
    "ViewOrder": 1,
    "Name": "\u30d5\u30e5\u30c3\u30bb\u30f3",
    "Phrase": "\u300c\u2026\u2026\u304a\u3044\u3067\u3001\u30e0\u30eb\u30de\u30f3\u30b9\u30af\u305f\u3093\u300d",
    "PhraseFontSize": 2,
    "PhraseSpeed": 3,
    "IsPhraseCenter": false,
    "SpeechMCharacterId": null,
    "IsSpeakingFlags": 4,
    "FrameImage": 0,
    "VoiceFileName": "e_42003203_001",
    "BackgroundImage": "",
    "BGM": "",
    "SE": "",
    "Effect": null,
    "BackgroundEffectType": 0,
    "StandCharacters": [
      {
        "MCharacterId": 17201,
        "Position": 3,
        "Action": 0,
        "Emotion": 0,
        "FacialExpression": 5,
        "EnterAction": 1
      }
    ],
    "StillDetail": {
      "AnimationName": "",
      "AnimationSpeed": null,
      "CameraZoomRatio": null,
      "CameraPositionX": null,
      "CameraPositionY": null,
      "CameraWorkDuration": null,
      "CameraRotation": null
    }
  },
  {
    "GroupOrder": 3,
    "ViewOrder": 1,
    "Name": "\uff1f\uff1f\uff1f",
    "Phrase": "\u300e\u308f\u3041\u3044\uff01 \u3059\u304d\u3059\u304d\u3060\u3044\u3059\u304d\u3001\u300e\u3075\u3085\u3063\u305b\u3093\u300f\u3055\u3093\uff01\\n\u3000\u3048\u3078\u3078\u3001\u3080\u308b\u307e\u3093\u3059\u304f\u3092\u300e\u304a\u3088\u3081\u3055\u3093\u300f\u306b\u3057\u3066\u2026\u2026\u266a\u300f",
    "PhraseFontSize": 2,
    "PhraseSpeed": 3,
    "IsPhraseCenter": false,
    "SpeechMCharacterId": null,
    "IsSpeakingFlags": 4,
    "FrameImage": 0,
    "VoiceFileName": "",
    "BackgroundImage": "",
    "BGM": "",
    "SE": "",
    "Effect": null,
    "BackgroundEffectType": 0,
    "StandCharacters": [
      {
        "MCharacterId": 102,
        "Position": 3,
        "Action": 1,
        "Emotion": 0,
        "FacialExpression": 2,
        "EnterAction": 1
      }
    ],
    "StillDetail": {
      "AnimationName": "",
      "AnimationSpeed": null,
      "CameraZoomRatio": null,
      "CameraPositionX": null,
      "CameraPositionY": null,
      "CameraWorkDuration": null,
      "CameraRotation": null
    }
  },
  {
    "GroupOrder": 4,
    "ViewOrder": 1,
    "Name": "\u30d5\u30e5\u30c3\u30bb\u30f3",
    "Phrase": "\u300c\u3082\u3061\u308d\u3093\u3060\u3068\u3082\uff01 \u611b\u3057\u3042\u304a\u3046\u30e0\u30eb\u30de\u30f3\u30b9\u30af\u305f\u3093\u3063\u3001\\n\u3000\u30a2\u30a4\u30bc\u30f3\u30b0\u30e9\u30fc\u30c8\u306e\u6c38\u4e45\u51cd\u571f\u304c\u6eb6\u3051\u3066\u3057\u307e\u3046\u307b\u3069\u71b1\u304f\u72c2\u304a\u3057\u304f\uff01\\n\u3000\u6c38\u9060\u306b\u7766\u307f\u3042\u304a\u3046\u3063\u3001\u4eca\u5bb5\u3092\u771f\u5b9f\u306e\u611b\u304c\u751f\u307e\u308c\u305f\u8a18\u5ff5\u65e5\u3068\u3057\u3088\u3046\uff01\u300d",
    "PhraseFontSize": 2,
    "PhraseSpeed": 3,
    "IsPhraseCenter": false,
    "SpeechMCharacterId": null,
    "IsSpeakingFlags": 4,
    "FrameImage": 0,
    "VoiceFileName": "e_42003203_002",
    "BackgroundImage": "",
    "BGM": "",
    "SE": "",
    "Effect": null,
    "BackgroundEffectType": 0,
    "StandCharacters": [
      {
        "MCharacterId": 17201,
        "Position": 3,
        "Action": 0,
        "Emotion": 7,
        "FacialExpression": 8,
        "EnterAction": 1
      }
    ],
    "StillDetail": {
      "AnimationName": "",
      "AnimationSpeed": null,
      "CameraZoomRatio": null,
      "CameraPositionX": null,
      "CameraPositionY": null,
      "CameraWorkDuration": null,
      "CameraRotation": null
    }
  },
  {
    "GroupOrder": 5,
    "ViewOrder": 1,
    "Name": "\uff1f\uff1f\uff1f",
    "Phrase": "\u300e\u308f\u3041\u3044\u266a \u3080\u308b\u307e\u3093\u3059\u304f\u3001\u3046\u308c\u3057\u3044\uff01\\n\u3000\u3080\u308b\u307e\u3093\u3059\u304f\u3001\u3057\u3042\u308f\u305b\u2026\u2026\u2606\u300f",
    "PhraseFontSize": 2,
    "PhraseSpeed": 3,
    "IsPhraseCenter": false,
    "SpeechMCharacterId": null,
    "IsSpeakingFlags": 4,
    "FrameImage": 0,
    "VoiceFileName": "",
    "BackgroundImage": "",
    "BGM": "",
    "SE": "",
    "Effect": null,
    "BackgroundEffectType": 0,
    "StandCharacters": [
      {
        "MCharacterId": 102,
        "Position": 3,
        "Action": 0,
        "Emotion": 1,
        "FacialExpression": 5,
        "EnterAction": 1
      }
    ],
    "StillDetail": {
      "AnimationName": "",
      "AnimationSpeed": null,
      "CameraZoomRatio": null,
      "CameraPositionX": null,
      "CameraPositionY": null,
      "CameraWorkDuration": null,
      "CameraRotation": null
    }
  },
  {
    "GroupOrder": 6,
    "ViewOrder": 1,
    "Name": "\u30d5\u30e5\u30c3\u30bb\u30f3",
    "Phrase": "\u300c\u2026\u2026\u3053\u3089\u30b7\u30f3\u30c7\u30ec\u30e9\u30c3\u3001\u30e0\u30eb\u30de\u30f3\u30b9\u30af\u305f\u3093\u306e\u4e00\u4eba\u79f0\u306f\u300e\u308f\u305f\u3057\u300f\u3060\uff01\\n\u3000\u305d\u306e\u3042\u305f\u308a\u306f\u5fb9\u5e95\u3057\u305f\u307e\u3048\u3063\u3001\u840e\u3048\u308b\u3060\u308d\u3046\u304c\u611a\u304b\u3082\u306e\uff01\u300d",
    "PhraseFontSize": 2,
    "PhraseSpeed": 3,
    "IsPhraseCenter": false,
    "SpeechMCharacterId": null,
    "IsSpeakingFlags": 4,
    "FrameImage": 0,
    "VoiceFileName": "e_42003203_003",
    "BackgroundImage": "",
    "BGM": "",
    "SE": "",
    "Effect": null,
    "BackgroundEffectType": 0,
    "StandCharacters": [
      {
        "MCharacterId": 17201,
        "Position": 3,
        "Action": 1,
        "Emotion": 3,
        "FacialExpression": 3,
        "EnterAction": 1
      }
    ],
    "StillDetail": {
      "AnimationName": "",
      "AnimationSpeed": null,
      "CameraZoomRatio": null,
      "CameraPositionX": null,
      "CameraPositionY": null,
      "CameraWorkDuration": null,
      "CameraRotation": null
    }
  },
  {
    "GroupOrder": 7,
    "ViewOrder": 1,
    "Name": "\u30b7\u30f3\u30c7\u30ec\u30e9",
    "Phrase": "\u300e\u6b63\u76f4\u3082\u306e\u3059\u3054\u304f\u9762\u5012\u304f\u3055\u3044\u3057\u30ad\u30e2\u3044\u3067\u3059\u3001\u30d5\u30e5\u30c3\u30bb\u30f3\u304a\u5b22\u3055\u307e\u300f",
    "PhraseFontSize": 2,
    "PhraseSpeed": 3,
    "IsPhraseCenter": false,
    "SpeechMCharacterId": null,
    "IsSpeakingFlags": 8,
    "FrameImage": 0,
    "VoiceFileName": "",
    "BackgroundImage": "",
    "BGM": "",
    "SE": "",
    "Effect": null,
    "BackgroundEffectType": 0,
    "StandCharacters": [
      {
        "MCharacterId": 102,
        "Position": 2,
        "Action": 0,
        "Emotion": 2,
        "FacialExpression": 0,
        "EnterAction": 3
      },
      {
        "MCharacterId": 17201,
        "Position": 4,
        "Action": 0,
        "Emotion": 0,
        "FacialExpression": 3,
        "EnterAction": 1
      }
    ],
    "StillDetail": {
      "AnimationName": "",
      "AnimationSpeed": null,
      "CameraZoomRatio": null,
      "CameraPositionX": null,
      "CameraPositionY": null,
      "CameraWorkDuration": null,
      "CameraRotation": null
    }
  },
  {
    "GroupOrder": 8,
    "ViewOrder": 1,
    "Name": "",
    "Phrase": "\u4eba\u8a9e\u3092\u89e3\u3059\u308b\u7d14\u767d\u306e\u9f8d\u2015\u2015\\n\u30d5\u30e5\u30c3\u30bb\u30f3\u306e\u30da\u30c3\u30c8\u3042\u308b\u3044\u306f\u5f93\u8005\u306e\u3088\u3046\u306a\u5b58\u5728\u3067\u3042\u308b\u30b7\u30f3\u30c7\u30ec\u30e9\u304c\u3001\\n\u5df1\u306e\u4e3b\u306b\u306c\u3044\u3050\u308b\u307f\u306e\u3088\u3046\u306b\u62b1\u3063\u3053\u3055\u308c\u305f\u307e\u307e\u307c\u3084\u3044\u305f\u3002",
    "PhraseFontSize": 2,
    "PhraseSpeed": 3,
    "IsPhraseCenter": false,
    "SpeechMCharacterId": null,
    "IsSpeakingFlags": 0,
    "FrameImage": 0,
    "VoiceFileName": "",
    "BackgroundImage": "",
    "BGM": "",
    "SE": "",
    "Effect": null,
    "BackgroundEffectType": 0,
    "StandCharacters": [
      {
        "MCharacterId": 102,
        "Position": 2,
        "Action": 0,
        "Emotion": 0,
        "FacialExpression": 0,
        "EnterAction": 0
      },
      {
        "MCharacterId": 17201,
        "Position": 4,
        "Action": 0,
        "Emotion": 0,
        "FacialExpression": 0,
        "EnterAction": 0
      }
    ],
    "StillDetail": {
      "AnimationName": "",
      "AnimationSpeed": null,
      "CameraZoomRatio": null,
      "CameraPositionX": null,
      "CameraPositionY": null,
      "CameraWorkDuration": null,
      "CameraRotation": null
    }
  },
  {
    "GroupOrder": 9,
    "ViewOrder": 1,
    "Name": "\u30b7\u30f3\u30c7\u30ec\u30e9",
    "Phrase": "\u300e\u4e88\u884c\u7df4\u7fd2\u304c\u3057\u305f\u3044\u3068\u4ef0\u308b\u306e\u3067\u4ed5\u65b9\u306a\u304f\u4ed8\u304d\u5408\u3063\u3066\u3044\u307e\u3059\u304c\u3001\\n\u3000\u3053\u308c\u3063\u3066\u672c\u5f53\u306b\u5fc5\u8981\u3067\u3059\u304b\uff1f\u300f",
    "PhraseFontSize": 2,
    "PhraseSpeed": 3,
    "IsPhraseCenter": false,
    "SpeechMCharacterId": null,
    "IsSpeakingFlags": 8,
    "FrameImage": 0,
    "VoiceFileName": "",
    "BackgroundImage": "",
    "BGM": "",
    "SE": "",
    "Effect": null,
    "BackgroundEffectType": 0,
    "StandCharacters": [
      {
        "MCharacterId": 102,
        "Position": 2,
        "Action": 0,
        "Emotion": 0,
        "FacialExpression": 0,
        "EnterAction": 0
      },
      {
        "MCharacterId": 17201,
        "Position": 4,
        "Action": 0,
        "Emotion": 0,
        "FacialExpression": 0,
        "EnterAction": 0
      }
    ],
    "StillDetail": {
      "AnimationName": "",
      "AnimationSpeed": null,
      "CameraZoomRatio": null,
      "CameraPositionX": null,
      "CameraPositionY": null,
      "CameraWorkDuration": null,
      "CameraRotation": null
    }
  },
  {
    "GroupOrder": 10,
    "ViewOrder": 1,
    "Name": "\u30d5\u30e5\u30c3\u30bb\u30f3",
    "Phrase": "\u300c\u5f53\u7136\u3060\u308d\u3046\u3002\u3044\u3058\u3089\u3057\u304f\u5f15\u3063\u8fbc\u307f\u601d\u6848\u306a\u30e0\u30eb\u30de\u30f3\u30b9\u30af\u305f\u3093\u306f\u3001\\n\u3000\u4f59\u306e\u6ea2\u308c\u3093\u3070\u304b\u308a\u306e\u611b\u60c5\u306b\u602f\u3093\u3067\u3057\u307e\u3044\u304c\u3061\u3060\u304b\u3089\u306d\u2026\u2026\u3002\\n\u3000\u7a0b\u826f\u3044\u6848\u914d\u3001\u8ddd\u96e2\u611f\u3068\u3044\u3046\u3082\u306e\u3092\u6a21\u7d22\u3059\u308b\u5fc5\u8981\u304c\u3042\u308b\u306e\u3060\u3088\u300d",
    "PhraseFontSize": 2,
    "PhraseSpeed": 3,
    "IsPhraseCenter": false,
    "SpeechMCharacterId": null,
    "IsSpeakingFlags": 2,
    "FrameImage": 0,
    "VoiceFileName": "e_42003203_004",
    "BackgroundImage": "",
    "BGM": "",
    "SE": "",
    "Effect": null,
    "BackgroundEffectType": 0,
    "StandCharacters": [
      {
        "MCharacterId": 102,
        "Position": 2,
        "Action": 0,
        "Emotion": 0,
        "FacialExpression": 0,
        "EnterAction": 0
      },
      {
        "MCharacterId": 17201,
        "Position": 4,
        "Action": 1,
        "Emotion": 0,
        "FacialExpression": 0,
        "EnterAction": 0
      }
    ],
    "StillDetail": {
      "AnimationName": "",
      "AnimationSpeed": null,
      "CameraZoomRatio": null,
      "CameraPositionX": null,
      "CameraPositionY": null,
      "CameraWorkDuration": null,
      "CameraRotation": null
    }
  },
  {
    "GroupOrder": 11,
    "ViewOrder": 1,
    "Name": "\u30b7\u30f3\u30c7\u30ec\u30e9",
    "Phrase": "\u300e\u3082\u3063\u3068\u4ed6\u306e\u3053\u3068\u306b\u3001\u305d\u3046\u3044\u3046\u60c5\u71b1\u3092\u56de\u305b\u306a\u3044\u3082\u3093\u3067\u3059\u304b\u306d\u3047\u3002\\n\u3000\u30e0\u30eb\u30de\u30f3\u30b9\u30af\u3055\u307e\u306b\u907f\u3051\u3089\u308c\u6c17\u5473\u306a\u306e\u306f\u3001\\n\u3000\u304a\u5b22\u3055\u307e\u304c\u30a6\u30b6\u304f\u3066\u30ad\u30e2\u3044\u304b\u3089\u3060\u3068\u601d\u3044\u307e\u3059\u3057\u2015\u2015\\n\u3000\u7121\u99c4\u306a\u52aa\u529b\u3060\u3068\u601d\u3044\u307e\u3059\u304c\u3002\u2026\u2026\u304a\u3084\uff1f\u300f",
    "PhraseFontSize": 2,
    "PhraseSpeed": 3,
    "IsPhraseCenter": false,
    "SpeechMCharacterId": null,
    "IsSpeakingFlags": 8,
    "FrameImage": 0,
    "VoiceFileName": "",
    "BackgroundImage": "",
    "BGM": "",
    "SE": "",
    "Effect": null,
    "BackgroundEffectType": 0,
    "StandCharacters": [
      {
        "MCharacterId": 102,
        "Position": 2,
        "Action": 0,
        "Emotion": 0,
        "FacialExpression": 7,
        "EnterAction": 0
      },
      {
        "MCharacterId": 17201,
        "Position": 4,
        "Action": 0,
        "Emotion": 0,
        "FacialExpression": 0,
        "EnterAction": 0
      }
    ],
    "StillDetail": {
      "AnimationName": "",
      "AnimationSpeed": null,
      "CameraZoomRatio": null,
      "CameraPositionX": null,
      "CameraPositionY": null,
      "CameraWorkDuration": null,
      "CameraRotation": null
    }
  },
  {
    "GroupOrder": 12,
    "ViewOrder": 1,
    "Name": "",
    "Phrase": "\u4ef2\u826f\u304f\uff08\uff1f\uff09\u622f\u308c\u3066\u3044\u305f\u5f7c\u5973\u3089\u306f\u3001\u4f1a\u8a71\u3092\u6b62\u3081\u3066\u540c\u6642\u306b\u9854\u3092\u4e0a\u3052\u308b\u3002",
    "PhraseFontSize": 2,
    "PhraseSpeed": 3,
    "IsPhraseCenter": false,
    "SpeechMCharacterId": null,
    "IsSpeakingFlags": 0,
    "FrameImage": 0,
    "VoiceFileName": "",
    "BackgroundImage": "",
    "BGM": "",
    "SE": "",
    "Effect": null,
    "BackgroundEffectType": 0,
    "StandCharacters": [
      {
        "MCharacterId": 102,
        "Position": 2,
        "Action": 0,
        "Emotion": 0,
        "FacialExpression": 1,
        "EnterAction": 0
      },
      {
        "MCharacterId": 17201,
        "Position": 4,
        "Action": 0,
        "Emotion": 4,
        "FacialExpression": 0,
        "EnterAction": 0
      }
    ],
    "StillDetail": {
      "AnimationName": "",
      "AnimationSpeed": null,
      "CameraZoomRatio": null,
      "CameraPositionX": null,
      "CameraPositionY": null,
      "CameraWorkDuration": null,
      "CameraRotation": null
    }
  },
  {
    "GroupOrder": 13,
    "ViewOrder": 1,
    "Name": "\u30b7\u30f3\u30c7\u30ec\u30e9",
    "Phrase": "\u300e\u8db3\u97f3\u304c\u3057\u307e\u3059\u306d\u3001\u304a\u5ba2\u3055\u307e\u3067\u3057\u3087\u3046\u304b\uff1f\u300f",
    "PhraseFontSize": 2,
    "PhraseSpeed": 3,
    "IsPhraseCenter": false,
    "SpeechMCharacterId": null,
    "IsSpeakingFlags": 8,
    "FrameImage": 0,
    "VoiceFileName": "",
    "BackgroundImage": "",
    "BGM": "",
    "SE": "",
    "Effect": null,
    "BackgroundEffectType": 0,
    "StandCharacters": [
      {
        "MCharacterId": 102,
        "Position": 2,
        "Action": 0,
        "Emotion": 8,
        "FacialExpression": 0,
        "EnterAction": 0
      },
      {
        "MCharacterId": 17201,
        "Position": 4,
        "Action": 0,
        "Emotion": 0,
        "FacialExpression": 0,
        "EnterAction": 0
      }
    ],
    "StillDetail": {
      "AnimationName": "",
      "AnimationSpeed": null,
      "CameraZoomRatio": null,
      "CameraPositionX": null,
      "CameraPositionY": null,
      "CameraWorkDuration": null,
      "CameraRotation": null
    }
  },
  {
    "GroupOrder": 14,
    "ViewOrder": 1,
    "Name": "\u30d5\u30e5\u30c3\u30bb\u30f3",
    "Phrase": "\u300c\u304a\u3049\u3063\u3001\u5f85\u3061\u4f98\u3073\u305f\uff01\\n\u3000\u30e0\u30eb\u30de\u30f3\u30b9\u30af\u305f\u3093\u304c\u5230\u7740\u3057\u305f\u306e\u3060\u308d\u3046\u3063\u3001\\n\u3000\u307f\u3063\u3061\u308a\u4e88\u884c\u7df4\u7fd2\u3057\u305f\u3068\u304a\u308a\u306b\u51fa\u8fce\u3048\u308b\u305e\u30b7\u30f3\u30c7\u30ec\u30e9\u2026\u2026\u2606\u300d",
    "PhraseFontSize": 2,
    "PhraseSpeed": 3,
    "IsPhraseCenter": false,
    "SpeechMCharacterId": null,
    "IsSpeakingFlags": 2,
    "FrameImage": 0,
    "VoiceFileName": "e_42003203_005",
    "BackgroundImage": "",
    "BGM": "",
    "SE": "",
    "Effect": null,
    "BackgroundEffectType": 0,
    "StandCharacters": [
      {
        "MCharacterId": 102,
        "Position": 2,
        "Action": 0,
        "Emotion": 0,
        "FacialExpression": 0,
        "EnterAction": 0
      },
      {
        "MCharacterId": 17201,
        "Position": 4,
        "Action": 0,
        "Emotion": 1,
        "FacialExpression": 8,
        "EnterAction": 0
      }
    ],
    "StillDetail": {
      "AnimationName": "",
      "AnimationSpeed": null,
      "CameraZoomRatio": null,
      "CameraPositionX": null,
      "CameraPositionY": null,
      "CameraWorkDuration": null,
      "CameraRotation": null
    }
  },
  {
    "GroupOrder": 15,
    "ViewOrder": 1,
    "Name": "\u30b7\u30f3\u30c7\u30ec\u30e9",
    "Phrase": "\u300e\u306f\u3044\u306f\u3044\u3002\u304a\u6c17\u306b\u53ec\u3059\u307e\u307e\u3001\\n\u3000\u3069\u3046\u305e\u304a\u597d\u304d\u306b\u306a\u3055\u3063\u3066\u304f\u3060\u3055\u3044\u304a\u5b22\u3055\u307e\u300f",
    "PhraseFontSize": 2,
    "PhraseSpeed": 3,
    "IsPhraseCenter": false,
    "SpeechMCharacterId": null,
    "IsSpeakingFlags": 8,
    "FrameImage": 0,
    "VoiceFileName": "",
    "BackgroundImage": "",
    "BGM": "",
    "SE": "",
    "Effect": null,
    "BackgroundEffectType": 0,
    "StandCharacters": [
      {
        "MCharacterId": 102,
        "Position": 2,
        "Action": 0,
        "Emotion": 0,
        "FacialExpression": 0,
        "EnterAction": 0
      },
      {
        "MCharacterId": 17201,
        "Position": 4,
        "Action": 0,
        "Emotion": 0,
        "FacialExpression": 8,
        "EnterAction": 0
      }
    ],
    "StillDetail": {
      "AnimationName": "",
      "AnimationSpeed": null,
      "CameraZoomRatio": null,
      "CameraPositionX": null,
      "CameraPositionY": null,
      "CameraWorkDuration": null,
      "CameraRotation": null
    }
  },
  {
    "GroupOrder": 16,
    "ViewOrder": 1,
    "Name": "\u30d5\u30e5\u30c3\u30bb\u30f3",
    "Phrase": "\u300c\u3088\u3046\u3053\u305d\uff01 \u81f3\u9ad8\u306e\u7f8e\u3092\u5177\u73fe\u5316\u3057\u305f\u4f59\u306e\u5c45\u57ce\u306b\u3001\\n\u3000\u611b\u306e\u7d50\u6676\u305f\u308b\u7121\u57a2\u306a\u308b\u5996\u7cbe\u3055\u3093\u3092\u51fa\u8fce\u3048\u3089\u308c\u3066\u5149\u6804\u306a\u306e\u3060\u3088\uff01\\n\u3000\u4eca\u5bb5\u3053\u306e\u5834\u3067\u3001\u4f59\u306e\u7406\u60f3\u305f\u308b\u82b8\u8853\u306f\u5b8c\u6210\u3059\u308b\u2026\u2026\uff01\u300d",
    "PhraseFontSize": 2,
    "PhraseSpeed": 3,
    "IsPhraseCenter": false,
    "SpeechMCharacterId": null,
    "IsSpeakingFlags": 4,
    "FrameImage": 0,
    "VoiceFileName": "e_42003203_006",
    "BackgroundImage": "",
    "BGM": "",
    "SE": "",
    "Effect": 5,
    "BackgroundEffectType": 0,
    "StandCharacters": [
      {
        "MCharacterId": 17201,
        "Position": 3,
        "Action": 7,
        "Emotion": 0,
        "FacialExpression": 8,
        "EnterAction": 0
      }
    ],
    "StillDetail": {
      "AnimationName": "",
      "AnimationSpeed": null,
      "CameraZoomRatio": null,
      "CameraPositionX": null,
      "CameraPositionY": null,
      "CameraWorkDuration": null,
      "CameraRotation": null
    }
  },
  {
    "GroupOrder": 17,
    "ViewOrder": 1,
    "Name": "\u30e9\u30a4\u30d7\u30c4\u30a3\u30d2",
    "Phrase": "\u300c\u2026\u2026\u306f\u3041\u3002\u7533\u3057\u8a33\u3042\u308a\u307e\u305b\u3093\u3001\u4ef0\u308b\u610f\u5473\u304c\u308f\u304b\u308a\u304b\u306d\u307e\u3059\u300d",
    "PhraseFontSize": 2,
    "PhraseSpeed": 3,
    "IsPhraseCenter": false,
    "SpeechMCharacterId": null,
    "IsSpeakingFlags": 8,
    "FrameImage": 0,
    "VoiceFileName": "e_42003203_007",
    "BackgroundImage": "",
    "BGM": "",
    "SE": "",
    "Effect": null,
    "BackgroundEffectType": 0,
    "StandCharacters": [
      {
        "MCharacterId": 26201,
        "Position": 2,
        "Action": 5,
        "Emotion": 0,
        "FacialExpression": 4,
        "EnterAction": 0
      },
      {
        "MCharacterId": 19201,
        "Position": 4,
        "Action": 0,
        "Emotion": 0,
        "FacialExpression": 0,
        "EnterAction": 1
      }
    ],
    "StillDetail": {
      "AnimationName": "",
      "AnimationSpeed": null,
      "CameraZoomRatio": null,
      "CameraPositionX": null,
      "CameraPositionY": null,
      "CameraWorkDuration": null,
      "CameraRotation": null
    }
  },
  {
    "GroupOrder": 18,
    "ViewOrder": 1,
    "Name": "\u30ab\u30fc\u30eb\u30b9\u30eb\u30fc\u30a8",
    "Phrase": "\u300c\u3046\u3075\u3075\u3002\u5927\u6b53\u8fce\u3067\u3059\u306d\u3047\u3001\u5b09\u3057\u3044\u266a\\n\u3000\u9580\u524d\u6255\u3044\u3092\u3055\u308c\u308b\u3053\u3068\u3082\u60f3\u5b9a\u3057\u3066\u305f\u3093\u3067\u3059\u3051\u3069\u3001\\n\u3000\u3053\u308c\u306f\u697d\u3057\u3044\u4e00\u6642\u304c\u904e\u3054\u305b\u308b\u3063\u3066\u671f\u5f85\u3057\u3066\u3082\u5b9c\u3057\u3044\u3093\u3067\u3057\u3087\u3046\u304b\uff1f\u300d",
    "PhraseFontSize": 2,
    "PhraseSpeed": 3,
    "IsPhraseCenter": false,
    "SpeechMCharacterId": null,
    "IsSpeakingFlags": 2,
    "FrameImage": 0,
    "VoiceFileName": "e_42003203_008",
    "BackgroundImage": "",
    "BGM": "",
    "SE": "",
    "Effect": null,
    "BackgroundEffectType": 0,
    "StandCharacters": [
      {
        "MCharacterId": 26201,
        "Position": 2,
        "Action": 0,
        "Emotion": 0,
        "FacialExpression": 0,
        "EnterAction": 0
      },
      {
        "MCharacterId": 19201,
        "Position": 4,
        "Action": 0,
        "Emotion": 1,
        "FacialExpression": 2,
        "EnterAction": 0
      }
    ],
    "StillDetail": {
      "AnimationName": "",
      "AnimationSpeed": null,
      "CameraZoomRatio": null,
      "CameraPositionX": null,
      "CameraPositionY": null,
      "CameraWorkDuration": null,
      "CameraRotation": null
    }
  },
  {
    "GroupOrder": 19,
    "ViewOrder": 1,
    "Name": "\u30d5\u30e5\u30c3\u30bb\u30f3",
    "Phrase": "\u300c\u2026\u2026\u2026\u2026\u300d",
    "PhraseFontSize": 2,
    "PhraseSpeed": 3,
    "IsPhraseCenter": false,
    "SpeechMCharacterId": 17201,
    "IsSpeakingFlags": 0,
    "FrameImage": 0,
    "VoiceFileName": "e_42003203_009",
    "BackgroundImage": "",
    "BGM": "",
    "SE": "",
    "Effect": null,
    "BackgroundEffectType": 0,
    "StandCharacters": [
      {
        "MCharacterId": 26201,
        "Position": 2,
        "Action": 0,
        "Emotion": 0,
        "FacialExpression": 0,
        "EnterAction": 0
      },
      {
        "MCharacterId": 19201,
        "Position": 4,
        "Action": 0,
        "Emotion": 0,
        "FacialExpression": 2,
        "EnterAction": 0
      }
    ],
    "StillDetail": {
      "AnimationName": "",
      "AnimationSpeed": null,
      "CameraZoomRatio": null,
      "CameraPositionX": null,
      "CameraPositionY": null,
      "CameraWorkDuration": null,
      "CameraRotation": null
    }
  },
  {
    "GroupOrder": 20,
    "ViewOrder": 1,
    "Name": "",
    "Phrase": "\u6211\u304c\u7269\u9854\u3067\u767b\u5834\u3057\u305f\u306e\u306f\u3001\\n\u30a2\u30a4\u30bc\u30f3\u30b0\u30e9\u30fc\u30c8\u4e2d\u592e\u8ecd\u306b\u6240\u5c5e\u3059\u308b\u8ecd\u4eba\u305f\u3061\u3067\u3042\u308b\u3002\\n\u671f\u5f85\u3092\u898b\u4e8b\u306b\u5916\u3055\u308c\u3066\u3001\u30d5\u30e5\u30c3\u30bb\u30f3\u304c\u77ac\u6642\u306b\u4e0d\u6109\u5feb\u305d\u3046\u306a\u9854\u306b\u306a\u3063\u305f\u3002",
    "PhraseFontSize": 2,
    "PhraseSpeed": 3,
    "IsPhraseCenter": false,
    "SpeechMCharacterId": null,
    "IsSpeakingFlags": 0,
    "FrameImage": 0,
    "VoiceFileName": "",
    "BackgroundImage": "",
    "BGM": "",
    "SE": "",
    "Effect": null,
    "BackgroundEffectType": 0,
    "StandCharacters": [
      {
        "MCharacterId": 26201,
        "Position": 2,
        "Action": 0,
        "Emotion": 0,
        "FacialExpression": 0,
        "EnterAction": 0
      },
      {
        "MCharacterId": 19201,
        "Position": 4,
        "Action": 0,
        "Emotion": 0,
        "FacialExpression": 2,
        "EnterAction": 0
      }
    ],
    "StillDetail": {
      "AnimationName": "",
      "AnimationSpeed": null,
      "CameraZoomRatio": null,
      "CameraPositionX": null,
      "CameraPositionY": null,
      "CameraWorkDuration": null,
      "CameraRotation": null
    }
  },
  {
    "GroupOrder": 21,
    "ViewOrder": 1,
    "Name": "\u30d5\u30e5\u30c3\u30bb\u30f3",
    "Phrase": "\u300c\u2026\u2026\u5e30\u308c\u300d",
    "PhraseFontSize": 2,
    "PhraseSpeed": 3,
    "IsPhraseCenter": false,
    "SpeechMCharacterId": null,
    "IsSpeakingFlags": 4,
    "FrameImage": 0,
    "VoiceFileName": "e_42003203_010",
    "BackgroundImage": "",
    "BGM": "",
    "SE": "",
    "Effect": null,
    "BackgroundEffectType": 0,
    "StandCharacters": [
      {
        "MCharacterId": 17201,
        "Position": 3,
        "Action": 8,
        "Emotion": 0,
        "FacialExpression": 3,
        "EnterAction": 0
      }
    ],
    "StillDetail": {
      "AnimationName": "",
      "AnimationSpeed": null,
      "CameraZoomRatio": null,
      "CameraPositionX": null,
      "CameraPositionY": null,
      "CameraWorkDuration": null,
      "CameraRotation": null
    }
  },
  {
    "GroupOrder": 22,
    "ViewOrder": 1,
    "Name": "\u30ab\u30fc\u30eb\u30b9\u30eb\u30fc\u30a8",
    "Phrase": "\u300c\u3042\u3089\u3041\u3001\u826f\u3044\u306b\u304a\u3044\u304c\u3057\u307e\u3059\u306d\u3002\\n\u3000\u304a\u8336\u3068\u304a\u83d3\u5b50\u3092\u305f\u3063\u3077\u308a\u7528\u610f\u3057\u3066\u304f\u308c\u305f\u3093\u3067\u3057\u3087\u3046\u306d\u3047\u3001\\n\u3000\u9577\u65c5\u3067\u75b2\u308c\u3066\u3044\u308b\u306e\u3067\u52a9\u304b\u308a\u307e\u3059\u3002\\n\u3000\u3046\u3075\u3075\u3001\u3042\u306a\u305f\u3082\u305f\u307e\u306b\u306f\u6c17\u304c\u5229\u304f\u3058\u3083\u306a\u3044\u3067\u3059\u304b\u3041\u266a\u300d",
    "PhraseFontSize": 2,
    "PhraseSpeed": 3,
    "IsPhraseCenter": false,
    "SpeechMCharacterId": null,
    "IsSpeakingFlags": 8,
    "FrameImage": 0,
    "VoiceFileName": "e_42003203_011",
    "BackgroundImage": "",
    "BGM": "",
    "SE": "",
    "Effect": null,
    "BackgroundEffectType": 0,
    "StandCharacters": [
      {
        "MCharacterId": 19201,
        "Position": 2,
        "Action": 0,
        "Emotion": 0,
        "FacialExpression": 2,
        "EnterAction": 1
      },
      {
        "MCharacterId": 17201,
        "Position": 4,
        "Action": 0,
        "Emotion": 0,
        "FacialExpression": 3,
        "EnterAction": 1
      }
    ],
    "StillDetail": {
      "AnimationName": "",
      "AnimationSpeed": null,
      "CameraZoomRatio": null,
      "CameraPositionX": null,
      "CameraPositionY": null,
      "CameraWorkDuration": null,
      "CameraRotation": null
    }
  },
  {
    "GroupOrder": 23,
    "ViewOrder": 1,
    "Name": "\u30d5\u30e5\u30c3\u30bb\u30f3",
    "Phrase": "\u300c\u304b\u30fb\u3048\u30fb\u308c\uff01\u300d",
    "PhraseFontSize": 2,
    "PhraseSpeed": 3,
    "IsPhraseCenter": false,
    "SpeechMCharacterId": null,
    "IsSpeakingFlags": 2,
    "FrameImage": 0,
    "VoiceFileName": "e_42003203_012",
    "BackgroundImage": "",
    "BGM": "",
    "SE": "",
    "Effect": null,
    "BackgroundEffectType": 0,
    "StandCharacters": [
      {
        "MCharacterId": 19201,
        "Position": 2,
        "Action": 0,
        "Emotion": 0,
        "FacialExpression": 2,
        "EnterAction": 0
      },
      {
        "MCharacterId": 17201,
        "Position": 4,
        "Action": 0,
        "Emotion": 3,
        "FacialExpression": 3,
        "EnterAction": 0
      }
    ],
    "StillDetail": {
      "AnimationName": "",
      "AnimationSpeed": null,
      "CameraZoomRatio": null,
      "CameraPositionX": null,
      "CameraPositionY": null,
      "CameraWorkDuration": null,
      "CameraRotation": null
    }
  },
  {
    "GroupOrder": 24,
    "ViewOrder": 1,
    "Name": "\u30ab\u30fc\u30eb\u30b9\u30eb\u30fc\u30a8",
    "Phrase": "\u300c\u3042\u3089\u307e\u3041\u3001\u3064\u308c\u306a\u3044\u2026\u2026\u3002\\n\u3000\u3044\u3064\u307e\u3067\u3082\u5540\u307f\u3042\u3063\u3066\u3044\u3066\u3082\u4ed5\u65b9\u3042\u308a\u307e\u305b\u3093\u3057\u3001\\n\u3000\u3053\u306e\u6a5f\u4f1a\u306b\u89aa\u7766\u3092\u6df1\u3081\u307e\u305b\u3093\uff1f\u300d",
    "PhraseFontSize": 2,
    "PhraseSpeed": 3,
    "IsPhraseCenter": false,
    "SpeechMCharacterId": null,
    "IsSpeakingFlags": 8,
    "FrameImage": 0,
    "VoiceFileName": "e_42003203_013",
    "BackgroundImage": "",
    "BGM": "",
    "SE": "",
    "Effect": null,
    "BackgroundEffectType": 0,
    "StandCharacters": [
      {
        "MCharacterId": 19201,
        "Position": 2,
        "Action": 3,
        "Emotion": 0,
        "FacialExpression": 4,
        "EnterAction": 0
      },
      {
        "MCharacterId": 17201,
        "Position": 4,
        "Action": 0,
        "Emotion": 0,
        "FacialExpression": 3,
        "EnterAction": 0
      }
    ],
    "StillDetail": {
      "AnimationName": "",
      "AnimationSpeed": null,
      "CameraZoomRatio": null,
      "CameraPositionX": null,
      "CameraPositionY": null,
      "CameraWorkDuration": null,
      "CameraRotation": null
    }
  },
  {
    "GroupOrder": 25,
    "ViewOrder": 1,
    "Name": "\u30d5\u30e5\u30c3\u30bb\u30f3",
    "Phrase": "\u300c\u305d\u3093\u306a\u6c17\u306f\u4e00\u5207\u306a\u3044\u3002\u9854\u3092\u898b\u308b\u3060\u3051\u3067\u4e0d\u6109\u5feb\u306a\u306e\u3060\u3088\u3001\\n\u3000\u4f59\u304c\u97ad\u306b\u624b\u3092\u639b\u3051\u306a\u3044\u3046\u3061\u306b\u7acb\u3061\u53bb\u308c\u8ecd\u90e8\u306e\u72ac\u3002\\n\u3000\u3042\u3041\u5acc\u3060\u5acc\u3060\u3001\u4f59\u306e\u57ce\u304c\u8ecd\u9774\u3067\u6c5a\u308c\u3066\u3057\u307e\u3063\u305f\u2015\u2015\u6383\u9664\u3092\u3057\u306a\u3051\u308c\u3070\u306d\u300d",
    "PhraseFontSize": 2,
    "PhraseSpeed": 3,
    "IsPhraseCenter": false,
    "SpeechMCharacterId": null,
    "IsSpeakingFlags": 2,
    "FrameImage": 0,
    "VoiceFileName": "e_42003203_014",
    "BackgroundImage": "",
    "BGM": "",
    "SE": "",
    "Effect": null,
    "BackgroundEffectType": 0,
    "StandCharacters": [
      {
        "MCharacterId": 19201,
        "Position": 2,
        "Action": 0,
        "Emotion": 0,
        "FacialExpression": 4,
        "EnterAction": 0
      },
      {
        "MCharacterId": 17201,
        "Position": 4,
        "Action": 1,
        "Emotion": 0,
        "FacialExpression": 3,
        "EnterAction": 0
      }
    ],
    "StillDetail": {
      "AnimationName": "",
      "AnimationSpeed": null,
      "CameraZoomRatio": null,
      "CameraPositionX": null,
      "CameraPositionY": null,
      "CameraWorkDuration": null,
      "CameraRotation": null
    }
  },
  {
    "GroupOrder": 26,
    "ViewOrder": 1,
    "Name": "\u30ab\u30fc\u30eb\u30b9\u30eb\u30fc\u30a8",
    "Phrase": "\u300c\u3046\u3075\u3075\u3001\u3053\u308c\u306f\u5931\u793c\u3002\\n\u3000\u843d\u3061\u3076\u308c\u3059\u304e\u3066\u5e38\u306b\u304a\u5c3b\u306b\u706b\u304c\u70b9\u3044\u3066\u308b\u8cb4\u65cf\u3055\u307e\uff08\u7b11\uff09\u306f\u3001\\n\u3000\u6383\u9664\u3092\u3057\u3066\u304f\u308c\u308b\u4f7f\u7528\u4eba\u3092\u96c7\u3046\u4f59\u88d5\u3082\u306a\u3044\u3050\u3089\u3044\u56f0\u7aae\u3057\u3066\u3044\u308b\u306e\u306b\u266a\u300d",
    "PhraseFontSize": 2,
    "PhraseSpeed": 3,
    "IsPhraseCenter": false,
    "SpeechMCharacterId": null,
    "IsSpeakingFlags": 8,
    "FrameImage": 0,
    "VoiceFileName": "e_42003203_015",
    "BackgroundImage": "",
    "BGM": "",
    "SE": "",
    "Effect": null,
    "BackgroundEffectType": 0,
    "StandCharacters": [
      {
        "MCharacterId": 19201,
        "Position": 2,
        "Action": 0,
        "Emotion": 1,
        "FacialExpression": 0,
        "EnterAction": 0
      },
      {
        "MCharacterId": 17201,
        "Position": 4,
        "Action": 0,
        "Emotion": 0,
        "FacialExpression": 3,
        "EnterAction": 0
      }
    ],
    "StillDetail": {
      "AnimationName": "",
      "AnimationSpeed": null,
      "CameraZoomRatio": null,
      "CameraPositionX": null,
      "CameraPositionY": null,
      "CameraWorkDuration": null,
      "CameraRotation": null
    }
  },
  {
    "GroupOrder": 27,
    "ViewOrder": 1,
    "Name": "\u30d5\u30e5\u30c3\u30bb\u30f3",
    "Phrase": "\u300c\u30b7\u30f3\u30c7\u30ec\u30e9\u3001\u3053\u3044\u3064\u3092\u713c\u304d\u6bba\u3059\u306e\u3092\u8a31\u53ef\u3059\u308b\u300d",
    "PhraseFontSize": 2,
    "PhraseSpeed": 3,
    "IsPhraseCenter": false,
    "SpeechMCharacterId": null,
    "IsSpeakingFlags": 4,
    "FrameImage": 0,
    "VoiceFileName": "e_42003203_016",
    "BackgroundImage": "",
    "BGM": "",
    "SE": "",
    "Effect": null,
    "BackgroundEffectType": 0,
    "StandCharacters": [
      {
        "MCharacterId": 17201,
        "Position": 3,
        "Action": 0,
        "Emotion": 3,
        "FacialExpression": 3,
        "EnterAction": 1
      }
    ],
    "StillDetail": {
      "AnimationName": "",
      "AnimationSpeed": null,
      "CameraZoomRatio": null,
      "CameraPositionX": null,
      "CameraPositionY": null,
      "CameraWorkDuration": null,
      "CameraRotation": null
    }
  },
  {
    "GroupOrder": 28,
    "ViewOrder": 1,
    "Name": "\u30b7\u30f3\u30c7\u30ec\u30e9",
    "Phrase": "\u300e\u305d\u306e\u3088\u3046\u306a\u3053\u3068\u3092\u8a00\u308f\u308c\u307e\u3057\u3066\u3082\u3002\\n\u3000\u30de\u30b8\u3067\u56f0\u308a\u307e\u3059\u3001\u304a\u5b22\u3055\u307e\u300f",
    "PhraseFontSize": 2,
    "PhraseSpeed": 3,
    "IsPhraseCenter": false,
    "SpeechMCharacterId": null,
    "IsSpeakingFlags": 8,
    "FrameImage": 0,
    "VoiceFileName": "",
    "BackgroundImage": "",
    "BGM": "",
    "SE": "",
    "Effect": null,
    "BackgroundEffectType": 0,
    "StandCharacters": [
      {
        "MCharacterId": 102,
        "Position": 2,
        "Action": 0,
        "Emotion": 5,
        "FacialExpression": 0,
        "EnterAction": 1
      },
      {
        "MCharacterId": 17201,
        "Position": 4,
        "Action": 0,
        "Emotion": 0,
        "FacialExpression": 3,
        "EnterAction": 1
      }
    ],
    "StillDetail": {
      "AnimationName": "",
      "AnimationSpeed": null,
      "CameraZoomRatio": null,
      "CameraPositionX": null,
      "CameraPositionY": null,
      "CameraWorkDuration": null,
      "CameraRotation": null
    }
  },
  {
    "GroupOrder": 29,
    "ViewOrder": 1,
    "Name": "\u30e9\u30a4\u30d7\u30c4\u30a3\u30d2",
    "Phrase": "\u300c\u307e\u3041\u307e\u3041\u2026\u2026\u3002\u304a\u4e8c\u4eba\u3068\u3082\u3001\u3053\u3053\u306f\u7a4f\u4fbf\u306b\u3002\\n\u3000\u4ef2\u826f\u304f\u304a\u558b\u308a\u3059\u308b\u306e\u304c\u697d\u3057\u3044\u306e\u306f\u308f\u304b\u308a\u307e\u3059\u304c\u3001\u3054\u81ea\u91cd\u304f\u3060\u3055\u3044\u2015\u2015\\n\u3000\u4eca\u306f\u5b9f\u969b\u3001\u305d\u308c\u3069\u3053\u308d\u3067\u306f\u3042\u308a\u307e\u305b\u3093\u306e\u3067\u300d",
    "PhraseFontSize": 2,
    "PhraseSpeed": 3,
    "IsPhraseCenter": false,
    "SpeechMCharacterId": null,
    "IsSpeakingFlags": 4,
    "FrameImage": 0,
    "VoiceFileName": "e_42003203_017",
    "BackgroundImage": "",
    "BGM": "",
    "SE": "",
    "Effect": null,
    "BackgroundEffectType": 0,
    "StandCharacters": [
      {
        "MCharacterId": 26201,
        "Position": 3,
        "Action": 0,
        "Emotion": 5,
        "FacialExpression": 4,
        "EnterAction": 1
      }
    ],
    "StillDetail": {
      "AnimationName": "",
      "AnimationSpeed": null,
      "CameraZoomRatio": null,
      "CameraPositionX": null,
      "CameraPositionY": null,
      "CameraWorkDuration": null,
      "CameraRotation": null
    }
  },
  {
    "GroupOrder": 30,
    "ViewOrder": 1,
    "Name": "\u30d5\u30e5\u30c3\u30bb\u30f3",
    "Phrase": "\u300c\u300e\u4ef2\u826f\u304f\u304a\u558b\u308a\u300f\u3057\u3066\u3044\u308b\u3088\u3046\u306b\u898b\u3048\u305f\u306a\u3089\u3001\u8cb4\u69d8\u306e\u76ee\u306f\u7bc0\u7a74\u3060\u306d\u300d",
    "PhraseFontSize": 2,
    "PhraseSpeed": 3,
    "IsPhraseCenter": false,
    "SpeechMCharacterId": null,
    "IsSpeakingFlags": 4,
    "FrameImage": 0,
    "VoiceFileName": "e_42003203_018",
    "BackgroundImage": "",
    "BGM": "",
    "SE": "",
    "Effect": null,
    "BackgroundEffectType": 0,
    "StandCharacters": [
      {
        "MCharacterId": 17201,
        "Position": 3,
        "Action": 0,
        "Emotion": 0,
        "FacialExpression": 3,
        "EnterAction": 1
      }
    ],
    "StillDetail": {
      "AnimationName": "",
      "AnimationSpeed": null,
      "CameraZoomRatio": null,
      "CameraPositionX": null,
      "CameraPositionY": null,
      "CameraWorkDuration": null,
      "CameraRotation": null
    }
  },
  {
    "GroupOrder": 31,
    "ViewOrder": 1,
    "Name": "\u30d5\u30e5\u30c3\u30bb\u30f3",
    "Phrase": "\u300c\u2026\u2026\u307e\u3041\u3088\u3044\u3001\u7528\u4ef6\u306f\u4f55\u3060\u306d\u3002\\n\u3000\u4f59\u306f\u3053\u308c\u304b\u3089\u611b\u3057\u306e\u30e0\u30eb\u30de\u30f3\u30b9\u30af\u305f\u3093\u3068\u3001\\n\u3000\u3064\u3044\u3067\u306b\u8eca\u638c\u3068\u512a\u96c5\u306b\u304a\u8336\u4f1a\u3092\u3059\u308b\u4e88\u5b9a\u306a\u306e\u3067\u2015\u2015\\n\u3000\u672c\u6c17\u3067\u3001\u8cb4\u69d8\u3089\u306e\u76f8\u624b\u3092\u3057\u3066\u3044\u308b\u6687\u306f\u306a\u3044\u306e\u3060\u3051\u3069\uff1f\u300d",
    "PhraseFontSize": 2,
    "PhraseSpeed": 3,
    "IsPhraseCenter": false,
    "SpeechMCharacterId": null,
    "IsSpeakingFlags": 4,
    "FrameImage": 0,
    "VoiceFileName": "e_42003203_019",
    "BackgroundImage": "",
    "BGM": "",
    "SE": "",
    "Effect": null,
    "BackgroundEffectType": 0,
    "StandCharacters": [
      {
        "MCharacterId": 17201,
        "Position": 3,
        "Action": 5,
        "Emotion": 0,
        "FacialExpression": 7,
        "EnterAction": 0
      }
    ],
    "StillDetail": {
      "AnimationName": "",
      "AnimationSpeed": null,
      "CameraZoomRatio": null,
      "CameraPositionX": null,
      "CameraPositionY": null,
      "CameraWorkDuration": null,
      "CameraRotation": null
    }
  },
  {
    "GroupOrder": 32,
    "ViewOrder": 1,
    "Name": "\u30ab\u30fc\u30eb\u30b9\u30eb\u30fc\u30a8",
    "Phrase": "\u300c\u305d\u308c\u306f\u305d\u308c\u306f\u3001\u91cd\u306d\u3066\u5931\u656c\u3002\\n\u3000\u3051\u308c\u3069\u6c34\u81ed\u3044\u3058\u3083\u306a\u3044\u3067\u3059\u304b\u30d5\u30e5\u30c3\u30bb\u30f3\u304a\u5b22\u3061\u3083\u307e\u3001\\n\u3000\u81ea\u5206\u306e\u9818\u5730\u3067\u554f\u984c\u304c\u8d77\u304d\u305f\u306a\u3089\u2015\u2015\u307e\u305a\u306f\u7279\u9244\u968a\u3067\u306f\u306a\u304f\u3001\\n\u3000\u6211\u3089\u30a2\u30a4\u30bc\u30f3\u30b0\u30e9\u30fc\u30c8\u8ecd\u306b\u89e3\u6c7a\u3092\u4f9d\u983c\u3059\u308b\u306e\u304c\u7b4b\u3067\u306f\uff1f\u300d",
    "PhraseFontSize": 2,
    "PhraseSpeed": 3,
    "IsPhraseCenter": false,
    "SpeechMCharacterId": null,
    "IsSpeakingFlags": 8,
    "FrameImage": 0,
    "VoiceFileName": "e_42003203_020",
    "BackgroundImage": "",
    "BGM": "",
    "SE": "",
    "Effect": null,
    "BackgroundEffectType": 0,
    "StandCharacters": [
      {
        "MCharacterId": 19201,
        "Position": 2,
        "Action": 0,
        "Emotion": 0,
        "FacialExpression": 0,
        "EnterAction": 1
      },
      {
        "MCharacterId": 17201,
        "Position": 4,
        "Action": 0,
        "Emotion": 0,
        "FacialExpression": 0,
        "EnterAction": 1
      }
    ],
    "StillDetail": {
      "AnimationName": "",
      "AnimationSpeed": null,
      "CameraZoomRatio": null,
      "CameraPositionX": null,
      "CameraPositionY": null,
      "CameraWorkDuration": null,
      "CameraRotation": null
    }
  },
  {
    "GroupOrder": 33,
    "ViewOrder": 1,
    "Name": "\u30ab\u30fc\u30eb\u30b9\u30eb\u30fc\u30a8",
    "Phrase": "\u300c\u3053\u3063\u3061\u3082\u8272\u3005\u3068\u30d1\u30ef\u30fc\u30d0\u30e9\u30f3\u30b9\u306a\u3069\u3092\u8003\u3048\u306a\u304c\u3089\u51e6\u4e16\u3057\u3066\u3044\u308b\u306e\u3067\u3001\\n\u3000\u3042\u307e\u308a\u52dd\u624b\u306a\u771f\u4f3c\u3092\u3055\u308c\u3066\u306f\u56f0\u308b\u3093\u3067\u3059\u3051\u3069\u306d\u3047\uff1f\\n\u3000\u9762\u5b50\u3092\u6f70\u3055\u308c\u305f\u3001\u3063\u3066\u8ecd\u90e8\u306e\u304a\u5049\u65b9\u306f\u30ab\u30f3\u30ab\u30f3\u3067\u3059\u3088\u3049\uff1f\u300d",
    "PhraseFontSize": 2,
    "PhraseSpeed": 3,
    "IsPhraseCenter": false,
    "SpeechMCharacterId": null,
    "IsSpeakingFlags": 8,
    "FrameImage": 0,
    "VoiceFileName": "e_42003203_021",
    "BackgroundImage": "",
    "BGM": "",
    "SE": "",
    "Effect": null,
    "BackgroundEffectType": 0,
    "StandCharacters": [
      {
        "MCharacterId": 19201,
        "Position": 2,
        "Action": 0,
        "Emotion": 0,
        "FacialExpression": 4,
        "EnterAction": 0
      },
      {
        "MCharacterId": 17201,
        "Position": 4,
        "Action": 0,
        "Emotion": 0,
        "FacialExpression": 0,
        "EnterAction": 0
      }
    ],
    "StillDetail": {
      "AnimationName": "",
      "AnimationSpeed": null,
      "CameraZoomRatio": null,
      "CameraPositionX": null,
      "CameraPositionY": null,
      "CameraWorkDuration": null,
      "CameraRotation": null
    }
  },
  {
    "GroupOrder": 34,
    "ViewOrder": 1,
    "Name": "\u30d5\u30e5\u30c3\u30bb\u30f3",
    "Phrase": "\u300c\u3046\u3061\u306e\u8ecd\u90e8\u306f\u4fe1\u7528\u3067\u304d\u3093\u3001\u7279\u306b\u8cb4\u69d8\u306f\u3002\\n\u3000\u305d\u3082\u305d\u3082\u5e38\u306b\u5e7b\u9727\u306e\u8105\u5a01\u306b\u6652\u3055\u308c\u3066\u3044\u308b\u6211\u304c\u56fd\u3067\u306f\u2015\u2015\\n\u3000\u4f55\u304b\u3068\u8ecd\u90e8\u3068\u5bfe\u7acb\u3057\u304c\u3061\u306a\u8cb4\u65cf\u306e\u9818\u5730\u304c\u62b1\u3048\u305f\u554f\u984c\u306a\u3069\u306f\u3001\\n\u3000\u300e\u305d\u3093\u306a\u4f59\u88d5\u306f\u306a\u3044\u300f\u306a\u3069\u3068\u8a00\u3044\u8a33\u3055\u308c\u3066\u89e3\u6c7a\u3092\u5f8c\u56de\u3057\u306b\u3055\u308c\u304c\u3061\u3060\u3057\u306d\u300d",
    "PhraseFontSize": 2,
    "PhraseSpeed": 3,
    "IsPhraseCenter": false,
    "SpeechMCharacterId": null,
    "IsSpeakingFlags": 2,
    "FrameImage": 0,
    "VoiceFileName": "e_42003203_022",
    "BackgroundImage": "",
    "BGM": "",
    "SE": "",
    "Effect": null,
    "BackgroundEffectType": 0,
    "StandCharacters": [
      {
        "MCharacterId": 19201,
        "Position": 2,
        "Action": 0,
        "Emotion": 0,
        "FacialExpression": 4,
        "EnterAction": 0
      },
      {
        "MCharacterId": 17201,
        "Position": 4,
        "Action": 0,
        "Emotion": 0,
        "FacialExpression": 3,
        "EnterAction": 0
      }
    ],
    "StillDetail": {
      "AnimationName": "",
      "AnimationSpeed": null,
      "CameraZoomRatio": null,
      "CameraPositionX": null,
      "CameraPositionY": null,
      "CameraWorkDuration": null,
      "CameraRotation": null
    }
  },
  {
    "GroupOrder": 35,
    "ViewOrder": 1,
    "Name": "\u30ab\u30fc\u30eb\u30b9\u30eb\u30fc\u30a8",
    "Phrase": "\u300c\u3048\u3048\u3002\u305d\u308c\u306f\u5b9f\u969b\u3001\u4ef0\u308b\u3068\u304a\u308a\u3002\\n\u3000\u7531\u3005\u3057\u304d\u554f\u984c\u3067\u3059\u3088\u306d\u3047\u3001\\n\u3000\u8eab\u5185\u3067\u610f\u5730\u3092\u5f35\u308a\u5408\u3063\u3066\u308b\u5834\u5408\u3058\u3083\u306a\u3044\u3067\u3057\u3087\u3046\u306b\u300d",
    "PhraseFontSize": 2,
    "PhraseSpeed": 3,
    "IsPhraseCenter": false,
    "SpeechMCharacterId": null,
    "IsSpeakingFlags": 8,
    "FrameImage": 0,
    "VoiceFileName": "e_42003203_023",
    "BackgroundImage": "",
    "BGM": "",
    "SE": "",
    "Effect": null,
    "BackgroundEffectType": 0,
    "StandCharacters": [
      {
        "MCharacterId": 19201,
        "Position": 2,
        "Action": 5,
        "Emotion": 0,
        "FacialExpression": 2,
        "EnterAction": 0
      },
      {
        "MCharacterId": 17201,
        "Position": 4,
        "Action": 0,
        "Emotion": 0,
        "FacialExpression": 3,
        "EnterAction": 0
      }
    ],
    "StillDetail": {
      "AnimationName": "",
      "AnimationSpeed": null,
      "CameraZoomRatio": null,
      "CameraPositionX": null,
      "CameraPositionY": null,
      "CameraWorkDuration": null,
      "CameraRotation": null
    }
  },
  {
    "GroupOrder": 36,
    "ViewOrder": 1,
    "Name": "\u30d5\u30e5\u30c3\u30bb\u30f3",
    "Phrase": "\u300c\u305d\u308c\u306b\u3002\u300e\u554f\u984c\u300f\u306a\u3069\u3068\u8a00\u3048\u3070\u5927\u3052\u3055\u3060\u3051\u308c\u3069\u3001\\n\u3000\u4f59\u306e\u9818\u5730\u3067\u8d77\u304d\u3066\u3044\u308b\u7570\u5909\u306f\u5927\u3057\u305f\u3082\u306e\u3067\u306f\u306a\u3044\u306e\u3060\u3088\u3002\\n\u3000\u9b54\u7269\u304c\u7551\u3092\u8352\u3089\u3057\u305f\u308a\u3059\u308b\u306e\u3067\u3001\\n\u3000\u4f4f\u6c11\u304c\u4e0d\u5b89\u304c\u3063\u3066\u3044\u308b\uff5e\u3068\u3044\u3046\u7a0b\u5ea6\u306e\u8a71\u3060\u304b\u3089\u306d\u300d",
    "PhraseFontSize": 2,
    "PhraseSpeed": 3,
    "IsPhraseCenter": false,
    "SpeechMCharacterId": null,
    "IsSpeakingFlags": 2,
    "FrameImage": 0,
    "VoiceFileName": "e_42003203_024",
    "BackgroundImage": "",
    "BGM": "",
    "SE": "",
    "Effect": null,
    "BackgroundEffectType": 0,
    "StandCharacters": [
      {
        "MCharacterId": 19201,
        "Position": 2,
        "Action": 0,
        "Emotion": 0,
        "FacialExpression": 0,
        "EnterAction": 0
      },
      {
        "MCharacterId": 17201,
        "Position": 4,
        "Action": 0,
        "Emotion": 0,
        "FacialExpression": 0,
        "EnterAction": 0
      }
    ],
    "StillDetail": {
      "AnimationName": "",
      "AnimationSpeed": null,
      "CameraZoomRatio": null,
      "CameraPositionX": null,
      "CameraPositionY": null,
      "CameraWorkDuration": null,
      "CameraRotation": null
    }
  },
  {
    "GroupOrder": 37,
    "ViewOrder": 1,
    "Name": "\u30d5\u30e5\u30c3\u30bb\u30f3",
    "Phrase": "\u300c\u7121\u8ad6\u3001\u9818\u4e3b\u3068\u3057\u3066\u306f\u770b\u904e\u3067\u304d\u306a\u3044\u306e\u3060\u3051\u3069\u3002\\n\u3000\u8ecd\u3092\u547c\u3073\u5bc4\u305b\u3066\u5927\u52e2\u306e\u5175\u968a\u306b\u6b69\u304d\u56de\u3089\u308c\u308b\u307b\u3046\u304c\u3001\\n\u3000\u3088\u3063\u307d\u3069\u76ee\u969c\u308a\u3060\u3057\u2015\u2015\u6cbb\u5b89\u306e\u60aa\u5316\u3092\u62db\u304d\u304b\u306d\u306a\u3044\u306e\u3060\u3088\u300d",
    "PhraseFontSize": 2,
    "PhraseSpeed": 3,
    "IsPhraseCenter": false,
    "SpeechMCharacterId": null,
    "IsSpeakingFlags": 2,
    "FrameImage": 0,
    "VoiceFileName": "e_42003203_025",
    "BackgroundImage": "",
    "BGM": "",
    "SE": "",
    "Effect": null,
    "BackgroundEffectType": 0,
    "StandCharacters": [
      {
        "MCharacterId": 19201,
        "Position": 2,
        "Action": 0,
        "Emotion": 0,
        "FacialExpression": 0,
        "EnterAction": 0
      },
      {
        "MCharacterId": 17201,
        "Position": 4,
        "Action": 0,
        "Emotion": 0,
        "FacialExpression": 7,
        "EnterAction": 0
      }
    ],
    "StillDetail": {
      "AnimationName": "",
      "AnimationSpeed": null,
      "CameraZoomRatio": null,
      "CameraPositionX": null,
      "CameraPositionY": null,
      "CameraWorkDuration": null,
      "CameraRotation": null
    }
  },
  {
    "GroupOrder": 38,
    "ViewOrder": 1,
    "Name": "\u30e9\u30a4\u30d7\u30c4\u30a3\u30d2",
    "Phrase": "\u300c\u306f\u3044\u3002\u305d\u306e\u304a\u6c17\u6301\u3061\u306f\u308f\u304b\u308a\u307e\u3059\u304c\u3002\\n\u3000\u5b9f\u306f\u30d5\u30e5\u30c3\u30bb\u30f3\u6bbf\u4e0b\u306e\u9818\u5730\u3067\u8d77\u304d\u3066\u3044\u308b\u7570\u5909\u306f\u3001\\n\u3000\u3082\u3063\u3068\u6839\u304c\u6df1\u3044\u2015\u2015\u304a\u304a\u304d\u306a\u554f\u984c\u306e\u4e00\u7aef\u3067\u3057\u304b\u306a\u3044\u3088\u3046\u3067\u300d",
    "PhraseFontSize": 2,
    "PhraseSpeed": 3,
    "IsPhraseCenter": false,
    "SpeechMCharacterId": null,
    "IsSpeakingFlags": 4,
    "FrameImage": 0,
    "VoiceFileName": "e_42003203_026",
    "BackgroundImage": "",
    "BGM": "",
    "SE": "",
    "Effect": null,
    "BackgroundEffectType": 0,
    "StandCharacters": [
      {
        "MCharacterId": 26201,
        "Position": 3,
        "Action": 5,
        "Emotion": 0,
        "FacialExpression": 3,
        "EnterAction": 0
      }
    ],
    "StillDetail": {
      "AnimationName": "",
      "AnimationSpeed": null,
      "CameraZoomRatio": null,
      "CameraPositionX": null,
      "CameraPositionY": null,
      "CameraWorkDuration": null,
      "CameraRotation": null
    }
  },
  {
    "GroupOrder": 39,
    "ViewOrder": 1,
    "Name": "\u30d5\u30e5\u30c3\u30bb\u30f3",
    "Phrase": "\u300c\u2026\u2026\u3069\u3046\u3044\u3046\u3053\u3068\u304b\u306d\uff1f\u300d",
    "PhraseFontSize": 2,
    "PhraseSpeed": 3,
    "IsPhraseCenter": false,
    "SpeechMCharacterId": null,
    "IsSpeakingFlags": 2,
    "FrameImage": 0,
    "VoiceFileName": "e_42003203_027",
    "BackgroundImage": "",
    "BGM": "",
    "SE": "",
    "Effect": null,
    "BackgroundEffectType": 0,
    "StandCharacters": [
      {
        "MCharacterId": 19201,
        "Position": 2,
        "Action": 0,
        "Emotion": 0,
        "FacialExpression": 0,
        "EnterAction": 1
      },
      {
        "MCharacterId": 17201,
        "Position": 4,
        "Action": 0,
        "Emotion": 8,
        "FacialExpression": 3,
        "EnterAction": 1
      }
    ],
    "StillDetail": {
      "AnimationName": "",
      "AnimationSpeed": null,
      "CameraZoomRatio": null,
      "CameraPositionX": null,
      "CameraPositionY": null,
      "CameraWorkDuration": null,
      "CameraRotation": null
    }
  },
  {
    "GroupOrder": 40,
    "ViewOrder": 1,
    "Name": "\u30ab\u30fc\u30eb\u30b9\u30eb\u30fc\u30a8",
    "Phrase": "\u300c\u3042\u3041\u3082\u3046\u3001\u53e3\u4e0b\u624b\u306a\u3093\u3060\u304b\u3089\u558b\u3093\u306a\u3044\u3067\u304f\u3060\u3055\u3044\u30e9\u30a4\u30d7\u30c4\u30a3\u30d2\u3002\\n\u3000\u308f\u305f\u3057\u306e\u307b\u3046\u304b\u3089\u5177\u4f53\u7684\u306b\u8aac\u660e\u3057\u307e\u3057\u3087\u3046\u2015\u2015\u7aef\u7684\u306b\u3001\u308f\u304b\u308a\u3084\u3059\u304f\u300d",
    "PhraseFontSize": 2,
    "PhraseSpeed": 3,
    "IsPhraseCenter": false,
    "SpeechMCharacterId": null,
    "IsSpeakingFlags": 8,
    "FrameImage": 0,
    "VoiceFileName": "e_42003203_028",
    "BackgroundImage": "",
    "BGM": "",
    "SE": "",
    "Effect": null,
    "BackgroundEffectType": 0,
    "StandCharacters": [
      {
        "MCharacterId": 19201,
        "Position": 2,
        "Action": 1,
        "Emotion": 0,
        "FacialExpression": 4,
        "EnterAction": 0
      },
      {
        "MCharacterId": 17201,
        "Position": 4,
        "Action": 0,
        "Emotion": 0,
        "FacialExpression": 3,
        "EnterAction": 0
      }
    ],
    "StillDetail": {
      "AnimationName": "",
      "AnimationSpeed": null,
      "CameraZoomRatio": null,
      "CameraPositionX": null,
      "CameraPositionY": null,
      "CameraWorkDuration": null,
      "CameraRotation": null
    }
  },
  {
    "GroupOrder": 41,
    "ViewOrder": 1,
    "Name": "\u30ab\u30fc\u30eb\u30b9\u30eb\u30fc\u30a8",
    "Phrase": "\u300c\u2026\u2026\u30d5\u30e5\u30c3\u30bb\u30f3\u304a\u5b22\u3061\u3083\u307e\u306f\u3001\u300e\u904a\u5712\u5730\u300f\u306b\u3064\u3044\u3066\u3054\u5b58\u77e5\uff1f\u300d",
    "PhraseFontSize": 2,
    "PhraseSpeed": 3,
    "IsPhraseCenter": false,
    "SpeechMCharacterId": null,
    "IsSpeakingFlags": 8,
    "FrameImage": 0,
    "VoiceFileName": "e_42003203_029",
    "BackgroundImage": "",
    "BGM": "",
    "SE": "",
    "Effect": null,
    "BackgroundEffectType": 0,
    "StandCharacters": [
      {
        "MCharacterId": 19201,
        "Position": 2,
        "Action": 0,
        "Emotion": 0,
        "FacialExpression": 0,
        "EnterAction": 0
      },
      {
        "MCharacterId": 17201,
        "Position": 4,
        "Action": 0,
        "Emotion": 0,
        "FacialExpression": 3,
        "EnterAction": 0
      }
    ],
    "StillDetail": {
      "AnimationName": "",
      "AnimationSpeed": null,
      "CameraZoomRatio": null,
      "CameraPositionX": null,
      "CameraPositionY": null,
      "CameraWorkDuration": null,
      "CameraRotation": null
    }
  },
  {
    "GroupOrder": 42,
    "ViewOrder": 1,
    "Name": "\u30d5\u30e5\u30c3\u30bb\u30f3",
    "Phrase": "\u300c\u300e\u904a\u5712\u5730\u300f\u2026\u2026\uff1f\u300d",
    "PhraseFontSize": 2,
    "PhraseSpeed": 3,
    "IsPhraseCenter": false,
    "SpeechMCharacterId": null,
    "IsSpeakingFlags": 2,
    "FrameImage": 0,
    "VoiceFileName": "e_42003203_030",
    "BackgroundImage": "",
    "BGM": "",
    "SE": "",
    "Effect": null,
    "BackgroundEffectType": 0,
    "StandCharacters": [
      {
        "MCharacterId": 19201,
        "Position": 2,
        "Action": 0,
        "Emotion": 0,
        "FacialExpression": 0,
        "EnterAction": 0
      },
      {
        "MCharacterId": 17201,
        "Position": 4,
        "Action": 0,
        "Emotion": 0,
        "FacialExpression": 1,
        "EnterAction": 0
      }
    ],
    "StillDetail": {
      "AnimationName": "",
      "AnimationSpeed": null,
      "CameraZoomRatio": null,
      "CameraPositionX": null,
      "CameraPositionY": null,
      "CameraWorkDuration": null,
      "CameraRotation": null
    }
  }
]