﻿[
  {
    "GroupOrder": 1,
    "ViewOrder": 1,
    "Name": "",
    "Phrase": "\u4e00\u65b9\u305d\u306e\u3053\u308d\u2015\u2015\u3002\\n\u81ea\u5b85\u306e\u5c45\u57ce\u3067\u5e83\u5831\u90e8\u306e\u4e8c\u4eba\u3068\u5408\u6d41\u3057\u305f\u30d5\u30e5\u30c3\u30bb\u30f3\u306f\u3001\\n\u6211\u3005\u304c\u30a4\u30a8\u30c6\u30a3\u306b\u652b\u308f\u308c\u305f\u5834\u6240\u306e\u8abf\u67fb\u3092\u3057\u3066\u3044\u305f\u3002",
    "PhraseFontSize": 2,
    "PhraseSpeed": 3,
    "IsPhraseCenter": false,
    "SpeechMCharacterId": null,
    "IsSpeakingFlags": 0,
    "FrameImage": 0,
    "VoiceFileName": "",
    "BackgroundImage": "106002",
    "BGM": "adv_02",
    "SE": "",
    "Effect": null,
    "BackgroundEffectType": 0,
    "StandCharacters": [],
    "StillDetail": {
      "AnimationName": "",
      "AnimationSpeed": null,
      "CameraZoomRatio": null,
      "CameraPositionX": null,
      "CameraPositionY": null,
      "CameraWorkDuration": null,
      "CameraRotation": null
    }
  },
  {
    "GroupOrder": 2,
    "ViewOrder": 1,
    "Name": "\u30e9\u30a4\u30d7\u30c4\u30a3\u30d2",
    "Phrase": "\u300c\u3075\u3080\u3002\u30d5\u30e5\u30c3\u30bb\u30f3\u6bbf\u4e0b\u306e\u304a\u9670\u3067\u5730\u57df\u4f4f\u6c11\u304b\u3089\u6570\u591a\u304f\u306e\u60c5\u5831\u63d0\u4f9b\u304c\u3042\u308a\u3001\\n\u3000\u884c\u65b9\u4e0d\u660e\u306e\u8eca\u638c\u95a3\u4e0b\u306a\u3069\u304c\u6700\u5f8c\u306b\u76ee\u6483\u3055\u308c\u305f\u5834\u6240\u3092\u7279\u5b9a\u3067\u304d\u307e\u3057\u305f\u304c\u2015\u2015\u300d",
    "PhraseFontSize": 2,
    "PhraseSpeed": 3,
    "IsPhraseCenter": false,
    "SpeechMCharacterId": null,
    "IsSpeakingFlags": 4,
    "FrameImage": 0,
    "VoiceFileName": "e_42003206_001",
    "BackgroundImage": "",
    "BGM": "",
    "SE": "",
    "Effect": null,
    "BackgroundEffectType": 0,
    "StandCharacters": [
      {
        "MCharacterId": 26201,
        "Position": 3,
        "Action": 5,
        "Emotion": 0,
        "FacialExpression": 4,
        "EnterAction": 1
      }
    ],
    "StillDetail": {
      "AnimationName": "",
      "AnimationSpeed": null,
      "CameraZoomRatio": null,
      "CameraPositionX": null,
      "CameraPositionY": null,
      "CameraWorkDuration": null,
      "CameraRotation": null
    }
  },
  {
    "GroupOrder": 3,
    "ViewOrder": 1,
    "Name": "\u30e9\u30a4\u30d7\u30c4\u30a3\u30d2",
    "Phrase": "\u300c\u3042\u304b\u3089\u3055\u307e\u306b\u6226\u95d8\u306e\u75d5\u8de1\u306a\u3069\u304c\u3042\u308a\u307e\u3059\u306d\u3001\\n\u3000\u3053\u3053\u3067\u300e\u4f55\u304b\u300f\u304c\u3042\u3063\u305f\u306e\u306f\u9593\u9055\u3044\u306a\u3044\u3067\u3057\u3087\u3046\u300d",
    "PhraseFontSize": 2,
    "PhraseSpeed": 3,
    "IsPhraseCenter": false,
    "SpeechMCharacterId": null,
    "IsSpeakingFlags": 4,
    "FrameImage": 0,
    "VoiceFileName": "e_42003206_002",
    "BackgroundImage": "",
    "BGM": "",
    "SE": "",
    "Effect": null,
    "BackgroundEffectType": 0,
    "StandCharacters": [
      {
        "MCharacterId": 26201,
        "Position": 3,
        "Action": 0,
        "Emotion": 0,
        "FacialExpression": 3,
        "EnterAction": 0
      }
    ],
    "StillDetail": {
      "AnimationName": "",
      "AnimationSpeed": null,
      "CameraZoomRatio": null,
      "CameraPositionX": null,
      "CameraPositionY": null,
      "CameraWorkDuration": null,
      "CameraRotation": null
    }
  },
  {
    "GroupOrder": 4,
    "ViewOrder": 1,
    "Name": "\u30d5\u30e5\u30c3\u30bb\u30f3",
    "Phrase": "\u300c\u4e00\u76ee\u77ad\u7136\u3060\u308d\u3046\u3001\u5012\u308c\u305f\u99ac\u8eca\u3084\u85ac\u83a2\u304c\u8ee2\u304c\u3063\u3066\u3044\u308b\u3057\u306d\u3002\\n\u3000\u305d\u306e\u3088\u3046\u306b\u5c3b\u3092\u7a81\u304d\u51fa\u3057\u3066\u5730\u9762\u306b\u9854\u3092\u64e6\u308a\u3064\u3051\u308b\u3082\u306e\u3067\u306f\u306a\u3044\u3088\u3001\\n\u3000\u72ac\u3067\u3082\u3042\u308b\u307e\u3044\u3057\u2015\u2015\u307f\u3063\u3068\u3082\u306a\u3044\u300d",
    "PhraseFontSize": 2,
    "PhraseSpeed": 3,
    "IsPhraseCenter": false,
    "SpeechMCharacterId": null,
    "IsSpeakingFlags": 2,
    "FrameImage": 0,
    "VoiceFileName": "e_42003206_003",
    "BackgroundImage": "",
    "BGM": "",
    "SE": "",
    "Effect": null,
    "BackgroundEffectType": 0,
    "StandCharacters": [
      {
        "MCharacterId": 26201,
        "Position": 2,
        "Action": 0,
        "Emotion": 0,
        "FacialExpression": 0,
        "EnterAction": 1
      },
      {
        "MCharacterId": 17201,
        "Position": 4,
        "Action": 0,
        "Emotion": 0,
        "FacialExpression": 3,
        "EnterAction": 1
      }
    ],
    "StillDetail": {
      "AnimationName": "",
      "AnimationSpeed": null,
      "CameraZoomRatio": null,
      "CameraPositionX": null,
      "CameraPositionY": null,
      "CameraWorkDuration": null,
      "CameraRotation": null
    }
  },
  {
    "GroupOrder": 5,
    "ViewOrder": 1,
    "Name": "\u30e9\u30a4\u30d7\u30c4\u30a3\u30d2",
    "Phrase": "\u300c\u306f\u3044\u3002\u3051\u308c\u3069\u3001\u5ff5\u306e\u305f\u3081\u306e\u78ba\u8a8d\u306f\u5fc5\u8981\u3067\u3059\u304b\u3089\u300d",
    "PhraseFontSize": 2,
    "PhraseSpeed": 3,
    "IsPhraseCenter": false,
    "SpeechMCharacterId": null,
    "IsSpeakingFlags": 8,
    "FrameImage": 0,
    "VoiceFileName": "e_42003206_004",
    "BackgroundImage": "",
    "BGM": "",
    "SE": "",
    "Effect": null,
    "BackgroundEffectType": 0,
    "StandCharacters": [
      {
        "MCharacterId": 26201,
        "Position": 2,
        "Action": 0,
        "Emotion": 0,
        "FacialExpression": 3,
        "EnterAction": 0
      },
      {
        "MCharacterId": 17201,
        "Position": 4,
        "Action": 0,
        "Emotion": 0,
        "FacialExpression": 3,
        "EnterAction": 0
      }
    ],
    "StillDetail": {
      "AnimationName": "",
      "AnimationSpeed": null,
      "CameraZoomRatio": null,
      "CameraPositionX": null,
      "CameraPositionY": null,
      "CameraWorkDuration": null,
      "CameraRotation": null
    }
  },
  {
    "GroupOrder": 6,
    "ViewOrder": 1,
    "Name": "\u30e9\u30a4\u30d7\u30c4\u30a3\u30d2",
    "Phrase": "\u300c\u30e0\u30eb\u30de\u30f3\u30b9\u30af\u3061\u3083\u3093\u305f\u3061\u2015\u2015\u7f6a\u3082\u306a\u3044\u5b50\u4f9b\u305f\u3061\u3092\u6551\u51fa\u3059\u308b\u305f\u3081\u306a\u3089\u3001\\n\u3000\u672c\u5b98\u306f\u3044\u304f\u3089\u3067\u3082\u6ce5\u306b\u307e\u307f\u308c\u308b\u6240\u5b58\u3067\u3042\u308a\u307e\u3059\u300d",
    "PhraseFontSize": 2,
    "PhraseSpeed": 3,
    "IsPhraseCenter": false,
    "SpeechMCharacterId": null,
    "IsSpeakingFlags": 8,
    "FrameImage": 0,
    "VoiceFileName": "e_42003206_005",
    "BackgroundImage": "",
    "BGM": "",
    "SE": "",
    "Effect": null,
    "BackgroundEffectType": 0,
    "StandCharacters": [
      {
        "MCharacterId": 26201,
        "Position": 2,
        "Action": 0,
        "Emotion": 0,
        "FacialExpression": 3,
        "EnterAction": 0
      },
      {
        "MCharacterId": 17201,
        "Position": 4,
        "Action": 0,
        "Emotion": 0,
        "FacialExpression": 0,
        "EnterAction": 0
      }
    ],
    "StillDetail": {
      "AnimationName": "",
      "AnimationSpeed": null,
      "CameraZoomRatio": null,
      "CameraPositionX": null,
      "CameraPositionY": null,
      "CameraWorkDuration": null,
      "CameraRotation": null
    }
  },
  {
    "GroupOrder": 7,
    "ViewOrder": 1,
    "Name": "\u30d5\u30e5\u30c3\u30bb\u30f3",
    "Phrase": "\u300c\u3075\u3093\u3002\u305d\u308c\u304c\u8cb4\u69d8\u3089\u8ecd\u4eba\u306e\u5f79\u76ee\u3067\u306f\u3042\u308b\u306d\u3001\u672c\u6765\u3002\\n\u3000\u2026\u2026\u3053\u3053\u3067\u4f5c\u696d\u3092\u3057\u3066\u3044\u305f\u306f\u305a\u306e\u30d5\u30a7\u30eb\u30af\u30ea\u30f3\u30b2\u30f3\u306f\u3001\\n\u3000\u6c7a\u3057\u3066\u300e\u7f6a\u304c\u306a\u3044\u300f\u306a\u3069\u3068\u306f\u8a00\u3048\u306a\u3044\u5c0f\u60aa\u515a\u3060\u3051\u308c\u3069\u300d",
    "PhraseFontSize": 2,
    "PhraseSpeed": 3,
    "IsPhraseCenter": false,
    "SpeechMCharacterId": null,
    "IsSpeakingFlags": 2,
    "FrameImage": 0,
    "VoiceFileName": "e_42003206_006",
    "BackgroundImage": "",
    "BGM": "",
    "SE": "",
    "Effect": null,
    "BackgroundEffectType": 0,
    "StandCharacters": [
      {
        "MCharacterId": 26201,
        "Position": 2,
        "Action": 0,
        "Emotion": 0,
        "FacialExpression": 3,
        "EnterAction": 0
      },
      {
        "MCharacterId": 17201,
        "Position": 4,
        "Action": 5,
        "Emotion": 0,
        "FacialExpression": 7,
        "EnterAction": 0
      }
    ],
    "StillDetail": {
      "AnimationName": "",
      "AnimationSpeed": null,
      "CameraZoomRatio": null,
      "CameraPositionX": null,
      "CameraPositionY": null,
      "CameraWorkDuration": null,
      "CameraRotation": null
    }
  },
  {
    "GroupOrder": 8,
    "ViewOrder": 1,
    "Name": "\u30e9\u30a4\u30d7\u30c4\u30a3\u30d2",
    "Phrase": "\u300c\u3075\u3080\u3002\u9053\u3059\u304c\u3089\u60c5\u5831\u4ea4\u63db\u3092\u3057\u305f\u304b\u304e\u308a\u3067\u3059\u3068\u3001\\n\u3000\u3053\u3053\u3067\u30d5\u30a7\u30eb\u30af\u30ea\u30f3\u30b2\u30f3\u6bbf\u4e0b\u304c\u7551\u4ed5\u4e8b\u3092\u3057\u3066\u3044\u305f\u2015\u2015\u3068\u3044\u3046\u8a71\u3067\u3057\u305f\u306d\u300d",
    "PhraseFontSize": 2,
    "PhraseSpeed": 3,
    "IsPhraseCenter": false,
    "SpeechMCharacterId": null,
    "IsSpeakingFlags": 8,
    "FrameImage": 0,
    "VoiceFileName": "e_42003206_007",
    "BackgroundImage": "",
    "BGM": "",
    "SE": "",
    "Effect": null,
    "BackgroundEffectType": 0,
    "StandCharacters": [
      {
        "MCharacterId": 26201,
        "Position": 2,
        "Action": 5,
        "Emotion": 0,
        "FacialExpression": 7,
        "EnterAction": 0
      },
      {
        "MCharacterId": 17201,
        "Position": 4,
        "Action": 0,
        "Emotion": 0,
        "FacialExpression": 0,
        "EnterAction": 0
      }
    ],
    "StillDetail": {
      "AnimationName": "",
      "AnimationSpeed": null,
      "CameraZoomRatio": null,
      "CameraPositionX": null,
      "CameraPositionY": null,
      "CameraWorkDuration": null,
      "CameraRotation": null
    }
  },
  {
    "GroupOrder": 9,
    "ViewOrder": 1,
    "Name": "\u30d5\u30e5\u30c3\u30bb\u30f3",
    "Phrase": "\u300c\u300e\u6bbf\u4e0b\u300f\u306a\u3069\u3068\u656c\u79f0\u3092\u3064\u3051\u3066\u547c\u3076\u5fc5\u8981\u306f\u306a\u3044\u306e\u3060\u3088\u3001\\n\u3000\u30a2\u30ec\u306f\u5b88\u308b\u3079\u304d\u9818\u5730\u3082\u8ca1\u7523\u3082\u5931\u3063\u305f\u611a\u304b\u306a\u6ca1\u843d\u8cb4\u65cf\u3060\u304b\u3089\u306d\u300d",
    "PhraseFontSize": 2,
    "PhraseSpeed": 3,
    "IsPhraseCenter": false,
    "SpeechMCharacterId": null,
    "IsSpeakingFlags": 2,
    "FrameImage": 0,
    "VoiceFileName": "e_42003206_008",
    "BackgroundImage": "",
    "BGM": "",
    "SE": "",
    "Effect": null,
    "BackgroundEffectType": 0,
    "StandCharacters": [
      {
        "MCharacterId": 26201,
        "Position": 2,
        "Action": 0,
        "Emotion": 0,
        "FacialExpression": 0,
        "EnterAction": 0
      },
      {
        "MCharacterId": 17201,
        "Position": 4,
        "Action": 0,
        "Emotion": 0,
        "FacialExpression": 3,
        "EnterAction": 0
      }
    ],
    "StillDetail": {
      "AnimationName": "",
      "AnimationSpeed": null,
      "CameraZoomRatio": null,
      "CameraPositionX": null,
      "CameraPositionY": null,
      "CameraWorkDuration": null,
      "CameraRotation": null
    }
  },
  {
    "GroupOrder": 10,
    "ViewOrder": 1,
    "Name": "\u30d5\u30e5\u30c3\u30bb\u30f3",
    "Phrase": "\u300c\u305d\u308c\u3067\u3082\u8a87\u308a\u9ad8\u304f\u5802\u3005\u3068\u3057\u3066\u3044\u308c\u3070\u3088\u3044\u3082\u306e\u3092\u3001\\n\u3000\u6c17\u6301\u3061\u306f\u308f\u304b\u308b\u3082\u306e\u306e\u2015\u2015\\n\u3000\u3072\u306d\u304f\u308c\u3066\u62d7\u306d\u3066\u5815\u843d\u306e\u6975\u307f\u306b\u3044\u308b\u306e\u3060\u3088\u3001\u6b63\u8996\u306b\u8010\u3048\u3093\u300d",
    "PhraseFontSize": 2,
    "PhraseSpeed": 3,
    "IsPhraseCenter": false,
    "SpeechMCharacterId": null,
    "IsSpeakingFlags": 4,
    "FrameImage": 0,
    "VoiceFileName": "e_42003206_009",
    "BackgroundImage": "",
    "BGM": "",
    "SE": "",
    "Effect": null,
    "BackgroundEffectType": 0,
    "StandCharacters": [
      {
        "MCharacterId": 17201,
        "Position": 3,
        "Action": 0,
        "Emotion": 0,
        "FacialExpression": 7,
        "EnterAction": 0
      }
    ],
    "StillDetail": {
      "AnimationName": "",
      "AnimationSpeed": null,
      "CameraZoomRatio": null,
      "CameraPositionX": null,
      "CameraPositionY": null,
      "CameraWorkDuration": null,
      "CameraRotation": null
    }
  },
  {
    "GroupOrder": 11,
    "ViewOrder": 1,
    "Name": "\u30d5\u30e5\u30c3\u30bb\u30f3",
    "Phrase": "\u300c\u540c\u3058\u8cb4\u65cf\u3068\u3057\u3066\u305d\u306e\u6027\u6839\u3092\u935b\u3048\u76f4\u3057\u3066\u3084\u308d\u3046\u304b\u3068\u3001\\n\u3000\u7121\u7406\u96e3\u984c\u3092\u5439\u3063\u304b\u3051\u305f\u308a\u3057\u3066\u6311\u767a\u3082\u3057\u305f\u306e\u3060\u3051\u3069\u3002\\n\u3000\u30a2\u30ec\u306f\u30d7\u30e9\u30a4\u30c9\u3082\u306a\u304f\u3042\u3063\u3055\u308a\u627f\u8afe\u3057\u3066\u3001\\n\u3000\u4f59\u304c\u547d\u3058\u305f\u3068\u304a\u308a\u306b\u8fb2\u6c11\u306e\u771f\u4f3c\u4e8b\u3092\u59cb\u3081\u305f\u304b\u3089\u306d\u300d",
    "PhraseFontSize": 2,
    "PhraseSpeed": 3,
    "IsPhraseCenter": false,
    "SpeechMCharacterId": null,
    "IsSpeakingFlags": 4,
    "FrameImage": 0,
    "VoiceFileName": "e_42003206_010",
    "BackgroundImage": "",
    "BGM": "",
    "SE": "",
    "Effect": null,
    "BackgroundEffectType": 0,
    "StandCharacters": [
      {
        "MCharacterId": 17201,
        "Position": 3,
        "Action": 0,
        "Emotion": 0,
        "FacialExpression": 0,
        "EnterAction": 0
      }
    ],
    "StillDetail": {
      "AnimationName": "",
      "AnimationSpeed": null,
      "CameraZoomRatio": null,
      "CameraPositionX": null,
      "CameraPositionY": null,
      "CameraWorkDuration": null,
      "CameraRotation": null
    }
  },
  {
    "GroupOrder": 12,
    "ViewOrder": 1,
    "Name": "\u30d5\u30e5\u30c3\u30bb\u30f3",
    "Phrase": "\u300c\u300e\u305d\u3093\u306a\u306e\u306f\u8cb4\u65cf\u306e\u4ed5\u4e8b\u3058\u3083\u306a\u3044\uff01\u300f\u3068\u7247\u624b\u888b\u3067\u3082\u6295\u3052\u3064\u3051\u3066\u304d\u305f\u306a\u3089\u3001\\n\u3000\u307e\u3060\u53ef\u611b\u3052\u3082\u3042\u3063\u305f\u306e\u3060\u3051\u3069\u3002\\n\u3000\u3046\u3046\u3093\u3001\u3059\u3053\u3057\u306f\u6551\u3048\u308b\u4f59\u5730\u3082\u3042\u3063\u305f\u306e\u3060\u3051\u3069\u306d\u300d",
    "PhraseFontSize": 2,
    "PhraseSpeed": 3,
    "IsPhraseCenter": false,
    "SpeechMCharacterId": null,
    "IsSpeakingFlags": 4,
    "FrameImage": 0,
    "VoiceFileName": "e_42003206_011",
    "BackgroundImage": "",
    "BGM": "",
    "SE": "",
    "Effect": null,
    "BackgroundEffectType": 0,
    "StandCharacters": [
      {
        "MCharacterId": 17201,
        "Position": 3,
        "Action": 0,
        "Emotion": 0,
        "FacialExpression": 4,
        "EnterAction": 0
      }
    ],
    "StillDetail": {
      "AnimationName": "",
      "AnimationSpeed": null,
      "CameraZoomRatio": null,
      "CameraPositionX": null,
      "CameraPositionY": null,
      "CameraWorkDuration": null,
      "CameraRotation": null
    }
  },
  {
    "GroupOrder": 13,
    "ViewOrder": 1,
    "Name": "\u30d5\u30e5\u30c3\u30bb\u30f3",
    "Phrase": "\u300c\u2026\u2026\u307e\u3041\u3001\u30a2\u30ec\u306e\u3053\u3068\u306f\u3069\u3046\u3067\u3082\u3044\u3044\u3002\\n\u3000\u3069\u3053\u3067\u866b\u30b1\u30e9\u306e\u3088\u3046\u306b\u304f\u305f\u3070\u308d\u3046\u304c\u3001\u4f59\u306e\u77e5\u3063\u305f\u3053\u3068\u3067\u306f\u306a\u3044\u3002\\n\u3000\u305d\u308c\u3088\u308a\u3082\u3001\u554f\u984c\u306a\u306e\u306f\u300e\u904a\u5712\u5730\u300f\u3068\u3084\u3089\u306a\u306e\u3060\u3088\u300d",
    "PhraseFontSize": 2,
    "PhraseSpeed": 3,
    "IsPhraseCenter": false,
    "SpeechMCharacterId": null,
    "IsSpeakingFlags": 4,
    "FrameImage": 0,
    "VoiceFileName": "e_42003206_012",
    "BackgroundImage": "",
    "BGM": "",
    "SE": "",
    "Effect": null,
    "BackgroundEffectType": 0,
    "StandCharacters": [
      {
        "MCharacterId": 17201,
        "Position": 3,
        "Action": 5,
        "Emotion": 0,
        "FacialExpression": 3,
        "EnterAction": 0
      }
    ],
    "StillDetail": {
      "AnimationName": "",
      "AnimationSpeed": null,
      "CameraZoomRatio": null,
      "CameraPositionX": null,
      "CameraPositionY": null,
      "CameraWorkDuration": null,
      "CameraRotation": null
    }
  },
  {
    "GroupOrder": 14,
    "ViewOrder": 1,
    "Name": "\u30ab\u30fc\u30eb\u30b9\u30eb\u30fc\u30a8",
    "Phrase": "\u300c\u306f\u3044\u3002\u305d\u306e\u300e\u904a\u5712\u5730\u300f\u3092\u8abf\u67fb\u3057\u3001\\n\u3000\u53ef\u80fd\u306a\u3089\u305d\u308c\u304c\u5f15\u304d\u8d77\u3053\u3059\u707d\u798d\u3092\u9632\u3050\u306e\u304c\u6211\u3005\u306e\u4ed5\u4e8b\u3067\u3059\u3002\\n\u3000\u30a2\u30a4\u30bc\u30f3\u30b0\u30e9\u30fc\u30c8\u8ecd\u90e8\u306b\u5384\u4ecb\u3054\u3068\u3092\u62bc\u3057\u3064\u3051\u3089\u308c\u305f\u611f\u304c\u3042\u308a\u307e\u3059\u306d\u3047\u3001\\n\u3000\u308f\u305f\u3057\u305f\u3061\u5e83\u5831\u90e8\u306f\u5f8c\u65b9\u652f\u63f4\u304c\u4e3b\u306a\u5f79\u76ee\u306a\u306e\u306b\u300d",
    "PhraseFontSize": 2,
    "PhraseSpeed": 3,
    "IsPhraseCenter": false,
    "SpeechMCharacterId": null,
    "IsSpeakingFlags": 8,
    "FrameImage": 0,
    "VoiceFileName": "e_42003206_013",
    "BackgroundImage": "",
    "BGM": "",
    "SE": "",
    "Effect": null,
    "BackgroundEffectType": 0,
    "StandCharacters": [
      {
        "MCharacterId": 19201,
        "Position": 2,
        "Action": 0,
        "Emotion": 0,
        "FacialExpression": 0,
        "EnterAction": 1
      },
      {
        "MCharacterId": 17201,
        "Position": 4,
        "Action": 0,
        "Emotion": 0,
        "FacialExpression": 0,
        "EnterAction": 1
      }
    ],
    "StillDetail": {
      "AnimationName": "",
      "AnimationSpeed": null,
      "CameraZoomRatio": null,
      "CameraPositionX": null,
      "CameraPositionY": null,
      "CameraWorkDuration": null,
      "CameraRotation": null
    }
  },
  {
    "GroupOrder": 15,
    "ViewOrder": 1,
    "Name": "\u30e9\u30a4\u30d7\u30c4\u30a3\u30d2",
    "Phrase": "\u300c\u306f\u3044\u3002\u3051\u308c\u3069\u672a\u3060\u306b\u8ecd\u90e8\u306f\u7279\u9244\u968a\u3078\u306e\u504f\u898b\u3084\u53cd\u611f\u304c\u5f37\u3044\u3088\u3046\u3067\u3059\u304b\u3089\u3001\\n\u3000\u305d\u3053\u306b\u51fa\u5411\u3057\u3066\u3044\u308b\u6211\u3005\u3078\u306e\u98a8\u5f53\u305f\u308a\u3082\u5f37\u304f\u306a\u308a\u304c\u3061\u3067\u3042\u308a\u307e\u3059\u300d",
    "PhraseFontSize": 2,
    "PhraseSpeed": 3,
    "IsPhraseCenter": false,
    "SpeechMCharacterId": 26201,
    "IsSpeakingFlags": 0,
    "FrameImage": 0,
    "VoiceFileName": "e_42003206_014",
    "BackgroundImage": "",
    "BGM": "",
    "SE": "",
    "Effect": null,
    "BackgroundEffectType": 0,
    "StandCharacters": [
      {
        "MCharacterId": 19201,
        "Position": 2,
        "Action": 0,
        "Emotion": 0,
        "FacialExpression": 0,
        "EnterAction": 0
      },
      {
        "MCharacterId": 17201,
        "Position": 4,
        "Action": 0,
        "Emotion": 0,
        "FacialExpression": 0,
        "EnterAction": 0
      }
    ],
    "StillDetail": {
      "AnimationName": "",
      "AnimationSpeed": null,
      "CameraZoomRatio": null,
      "CameraPositionX": null,
      "CameraPositionY": null,
      "CameraWorkDuration": null,
      "CameraRotation": null
    }
  },
  {
    "GroupOrder": 16,
    "ViewOrder": 1,
    "Name": "\u30d5\u30e5\u30c3\u30bb\u30f3",
    "Phrase": "\u300c\u8cb4\u69d8\u3089\u306e\u4e8b\u60c5\u306a\u3069\u3069\u3046\u3067\u3082\u3044\u3044\u3001\\n\u3000\u611a\u75f4\u304c\u5410\u304d\u305f\u3044\u306a\u3089\u3070\u9152\u5834\u306a\u3069\u3067\u5410\u304d\u305f\u307e\u3048\u3002\\n\u3000\u305d\u308c\u3088\u308a\u884c\u65b9\u4e0d\u660e\u306e\u30e0\u30eb\u30de\u30f3\u30b9\u30af\u305f\u3093\u304c\u5fc3\u914d\u306a\u306e\u3060\u3088\u3001\u3064\u3044\u3067\u306b\u8eca\u638c\u3082\u306d\u300d",
    "PhraseFontSize": 2,
    "PhraseSpeed": 3,
    "IsPhraseCenter": false,
    "SpeechMCharacterId": null,
    "IsSpeakingFlags": 2,
    "FrameImage": 0,
    "VoiceFileName": "e_42003206_015",
    "BackgroundImage": "",
    "BGM": "",
    "SE": "",
    "Effect": null,
    "BackgroundEffectType": 0,
    "StandCharacters": [
      {
        "MCharacterId": 19201,
        "Position": 2,
        "Action": 0,
        "Emotion": 0,
        "FacialExpression": 0,
        "EnterAction": 0
      },
      {
        "MCharacterId": 17201,
        "Position": 4,
        "Action": 1,
        "Emotion": 0,
        "FacialExpression": 3,
        "EnterAction": 0
      }
    ],
    "StillDetail": {
      "AnimationName": "",
      "AnimationSpeed": null,
      "CameraZoomRatio": null,
      "CameraPositionX": null,
      "CameraPositionY": null,
      "CameraWorkDuration": null,
      "CameraRotation": null
    }
  },
  {
    "GroupOrder": 17,
    "ViewOrder": 1,
    "Name": "\u30ab\u30fc\u30eb\u30b9\u30eb\u30fc\u30a8",
    "Phrase": "\u300c\u307e\u3041\u3001\u3057\u3070\u3089\u304f\u306f\u5927\u4e08\u592b\u3067\u3057\u3087\u3046\u3051\u3069\u306d\u3047\u2026\u2026\u3002\\n\u3000\u305f\u3060\u8eca\u638c\u95a3\u4e0b\u306e\u3088\u3046\u306a\u5927\u4eba\u304c\u8a98\u62d0\u3055\u308c\u305f\u306e\u306f\u4eca\u56de\u304c\u521d\u3081\u3066\u306a\u306e\u3067\u3001\\n\u3000\u3042\u307e\u308a\u697d\u89b3\u8996\u3082\u3067\u304d\u307e\u305b\u3093\u300d",
    "PhraseFontSize": 2,
    "PhraseSpeed": 3,
    "IsPhraseCenter": false,
    "SpeechMCharacterId": null,
    "IsSpeakingFlags": 8,
    "FrameImage": 0,
    "VoiceFileName": "e_42003206_016",
    "BackgroundImage": "",
    "BGM": "",
    "SE": "",
    "Effect": null,
    "BackgroundEffectType": 0,
    "StandCharacters": [
      {
        "MCharacterId": 19201,
        "Position": 2,
        "Action": 0,
        "Emotion": 0,
        "FacialExpression": 4,
        "EnterAction": 0
      },
      {
        "MCharacterId": 17201,
        "Position": 4,
        "Action": 0,
        "Emotion": 0,
        "FacialExpression": 3,
        "EnterAction": 0
      }
    ],
    "StillDetail": {
      "AnimationName": "",
      "AnimationSpeed": null,
      "CameraZoomRatio": null,
      "CameraPositionX": null,
      "CameraPositionY": null,
      "CameraWorkDuration": null,
      "CameraRotation": null
    }
  },
  {
    "GroupOrder": 18,
    "ViewOrder": 1,
    "Name": "\u30d5\u30e5\u30c3\u30bb\u30f3",
    "Phrase": "\u300c\u3075\u3080\u3002\u3057\u304b\u3057\u672a\u3060\u306b\u91c8\u7136\u3068\u3057\u306a\u3044\u306e\u3060\u3051\u3069\u3001\\n\u3000\u672c\u5f53\u306b\u300e\u904a\u5712\u5730\u300f\u306a\u3069\u3068\u3044\u3046\u3082\u306e\u304c\u5b9f\u5728\u3059\u308b\u306e\u304b\u306d\uff1f\\n\u3000\u5358\u306a\u308b\u602a\u5947\u306a\u4f1d\u627f\u3068\u3044\u3046\u304b\u3001\u304a\u3068\u304e\u8a71\u306e\u3088\u3046\u306b\u805e\u3053\u3048\u308b\u306e\u3060\u3051\u3069\u300d",
    "PhraseFontSize": 2,
    "PhraseSpeed": 3,
    "IsPhraseCenter": false,
    "SpeechMCharacterId": null,
    "IsSpeakingFlags": 2,
    "FrameImage": 0,
    "VoiceFileName": "e_42003206_017",
    "BackgroundImage": "",
    "BGM": "",
    "SE": "",
    "Effect": null,
    "BackgroundEffectType": 0,
    "StandCharacters": [
      {
        "MCharacterId": 19201,
        "Position": 2,
        "Action": 0,
        "Emotion": 0,
        "FacialExpression": 4,
        "EnterAction": 0
      },
      {
        "MCharacterId": 17201,
        "Position": 4,
        "Action": 5,
        "Emotion": 8,
        "FacialExpression": 0,
        "EnterAction": 0
      }
    ],
    "StillDetail": {
      "AnimationName": "",
      "AnimationSpeed": null,
      "CameraZoomRatio": null,
      "CameraPositionX": null,
      "CameraPositionY": null,
      "CameraWorkDuration": null,
      "CameraRotation": null
    }
  },
  {
    "GroupOrder": 19,
    "ViewOrder": 1,
    "Name": "\u30e9\u30a4\u30d7\u30c4\u30a3\u30d2",
    "Phrase": "\u300c\u306f\u3044\u3002\u5b9f\u969b\u3001\u90fd\u5e02\u4f1d\u8aac\u3058\u307f\u305f\u8a71\u3067\u306f\u3042\u308a\u307e\u3059\u304c\u2015\u2015\u300d",
    "PhraseFontSize": 2,
    "PhraseSpeed": 3,
    "IsPhraseCenter": false,
    "SpeechMCharacterId": null,
    "IsSpeakingFlags": 4,
    "FrameImage": 0,
    "VoiceFileName": "e_42003206_018",
    "BackgroundImage": "",
    "BGM": "",
    "SE": "",
    "Effect": null,
    "BackgroundEffectType": 0,
    "StandCharacters": [
      {
        "MCharacterId": 26201,
        "Position": 3,
        "Action": 0,
        "Emotion": 0,
        "FacialExpression": 0,
        "EnterAction": 1
      }
    ],
    "StillDetail": {
      "AnimationName": "",
      "AnimationSpeed": null,
      "CameraZoomRatio": null,
      "CameraPositionX": null,
      "CameraPositionY": null,
      "CameraWorkDuration": null,
      "CameraRotation": null
    }
  },
  {
    "GroupOrder": 20,
    "ViewOrder": 1,
    "Name": "\u30e9\u30a4\u30d7\u30c4\u30a3\u30d2",
    "Phrase": "\u300c\u300e\u30a2\u30a4\u30bc\u30f3\u30b0\u30e9\u30fc\u30c8\u56fd\u571f\u306e\u5927\u90e8\u5206\u3092\u5360\u3081\u308b\u96ea\u539f\u306e\u3069\u3053\u304b\u306b\u3001\\n\u3000\u5947\u5999\u306a\u300e\u904a\u5712\u5730\u300f\u304c\u3042\u308b\u3002\u305d\u3053\u306b\u306f\u5b50\u4f9b\u304c\u5922\u4e2d\u306b\u306a\u308b\u3088\u3046\u306a\u3001\\n\u3000\u697d\u3057\u3044\u30a2\u30c8\u30e9\u30af\u30b7\u30e7\u30f3\u304c\u3044\u3063\u3071\u3044\u266a\u300f\u300d",
    "PhraseFontSize": 2,
    "PhraseSpeed": 3,
    "IsPhraseCenter": false,
    "SpeechMCharacterId": null,
    "IsSpeakingFlags": 4,
    "FrameImage": 0,
    "VoiceFileName": "e_42003206_019",
    "BackgroundImage": "",
    "BGM": "",
    "SE": "",
    "Effect": null,
    "BackgroundEffectType": 0,
    "StandCharacters": [
      {
        "MCharacterId": 26201,
        "Position": 3,
        "Action": 0,
        "Emotion": 0,
        "FacialExpression": 0,
        "EnterAction": 0
      }
    ],
    "StillDetail": {
      "AnimationName": "",
      "AnimationSpeed": null,
      "CameraZoomRatio": null,
      "CameraPositionX": null,
      "CameraPositionY": null,
      "CameraWorkDuration": null,
      "CameraRotation": null
    }
  },
  {
    "GroupOrder": 21,
    "ViewOrder": 1,
    "Name": "\u30e9\u30a4\u30d7\u30c4\u30a3\u30d2",
    "Phrase": "\u300c\u2015\u2015\u306a\u3069\u3068\u3001\u5642\u8a71\u3067\u306f\u8a9e\u3089\u308c\u3066\u3044\u307e\u3059\u306d\u300d",
    "PhraseFontSize": 2,
    "PhraseSpeed": 3,
    "IsPhraseCenter": false,
    "SpeechMCharacterId": null,
    "IsSpeakingFlags": 4,
    "FrameImage": 0,
    "VoiceFileName": "e_42003206_020",
    "BackgroundImage": "",
    "BGM": "",
    "SE": "",
    "Effect": null,
    "BackgroundEffectType": 0,
    "StandCharacters": [
      {
        "MCharacterId": 26201,
        "Position": 3,
        "Action": 0,
        "Emotion": 0,
        "FacialExpression": 7,
        "EnterAction": 0
      }
    ],
    "StillDetail": {
      "AnimationName": "",
      "AnimationSpeed": null,
      "CameraZoomRatio": null,
      "CameraPositionX": null,
      "CameraPositionY": null,
      "CameraWorkDuration": null,
      "CameraRotation": null
    }
  },
  {
    "GroupOrder": 22,
    "ViewOrder": 1,
    "Name": "\u30ab\u30fc\u30eb\u30b9\u30eb\u30fc\u30a8",
    "Phrase": "\u300c\u3048\u3048\u3002\u304a\u57ce\u306b\u5f15\u304d\u3053\u3082\u3063\u3066\u308b\u304a\u5b22\u3061\u3083\u307e\u306f\u3054\u5b58\u77e5\u306a\u3044\u3067\u3057\u3087\u3046\u3051\u3069\u3001\\n\u3000\u30a2\u30a4\u30bc\u30f3\u30b0\u30e9\u30fc\u30c8\u306e\u3042\u3061\u3053\u3061\u3067\u6614\u304b\u3089\u56c1\u304b\u308c\u3066\u3044\u308b\u6709\u540d\u306a\u5642\u8a71\u3067\u3059\u3088\u3049\uff1f\u300d",
    "PhraseFontSize": 2,
    "PhraseSpeed": 3,
    "IsPhraseCenter": false,
    "SpeechMCharacterId": 19201,
    "IsSpeakingFlags": 0,
    "FrameImage": 0,
    "VoiceFileName": "e_42003206_021",
    "BackgroundImage": "",
    "BGM": "",
    "SE": "",
    "Effect": null,
    "BackgroundEffectType": 0,
    "StandCharacters": [
      {
        "MCharacterId": 26201,
        "Position": 3,
        "Action": 0,
        "Emotion": 0,
        "FacialExpression": 0,
        "EnterAction": 0
      }
    ],
    "StillDetail": {
      "AnimationName": "",
      "AnimationSpeed": null,
      "CameraZoomRatio": null,
      "CameraPositionX": null,
      "CameraPositionY": null,
      "CameraWorkDuration": null,
      "CameraRotation": null
    }
  },
  {
    "GroupOrder": 23,
    "ViewOrder": 1,
    "Name": "\u30e9\u30a4\u30d7\u30c4\u30a3\u30d2",
    "Phrase": "\u300c\u306f\u3044\u3002\u5730\u57df\u3084\u5e74\u4ee3\u306b\u3088\u3063\u3066\u3001\\n\u3000\u8a9e\u3089\u308c\u308b\u5185\u5bb9\u306b\u306f\u591a\u5c11\u306e\u5dee\u7570\u3082\u3042\u308a\u307e\u3059\u3051\u3069\u3002\\n\u3000\u305d\u306e\u300e\u904a\u5712\u5730\u300f\u306f\u5bb6\u5ead\u306a\u3069\u306b\u5c45\u5834\u6240\u306e\u306a\u3044\u5bc2\u3057\u3044\u5b50\u4f9b\u3092\u898b\u3064\u3051\u3066\u8a98\u3044\u3053\u307f\u3001\\n\u3000\u6642\u306b\u306f\u652b\u3063\u3066\u3057\u307e\u3046\u3088\u3046\u3067\u3059\u300d",
    "PhraseFontSize": 2,
    "PhraseSpeed": 3,
    "IsPhraseCenter": false,
    "SpeechMCharacterId": null,
    "IsSpeakingFlags": 4,
    "FrameImage": 0,
    "VoiceFileName": "e_42003206_022",
    "BackgroundImage": "",
    "BGM": "",
    "SE": "",
    "Effect": null,
    "BackgroundEffectType": 0,
    "StandCharacters": [
      {
        "MCharacterId": 26201,
        "Position": 3,
        "Action": 5,
        "Emotion": 0,
        "FacialExpression": 3,
        "EnterAction": 0
      }
    ],
    "StillDetail": {
      "AnimationName": "",
      "AnimationSpeed": null,
      "CameraZoomRatio": null,
      "CameraPositionX": null,
      "CameraPositionY": null,
      "CameraWorkDuration": null,
      "CameraRotation": null
    }
  },
  {
    "GroupOrder": 24,
    "ViewOrder": 1,
    "Name": "\u30e9\u30a4\u30d7\u30c4\u30a3\u30d2",
    "Phrase": "\u300c\u305d\u3057\u3066\u300e\u904a\u5712\u5730\u300f\u3067\u3001\\n\u3000\u3044\u3064\u307e\u3067\u3082\u5922\u307f\u305f\u3044\u306b\u697d\u3057\u3044\u6642\u9593\u3092\u904e\u3054\u3055\u305b\u3066\u304f\u308c\u308b\u2026\u2026\u3002\\n\u3000\u305d\u3053\u306b\u8ff7\u3044\u3053\u3093\u3060\u3001\u3042\u308b\u3044\u306f\u8a98\u62d0\u3055\u308c\u3066\u304d\u305f\u5b50\u4f9b\u304c\u6e80\u8db3\u3059\u308b\u307e\u3067\u6c38\u9060\u306b\u300d",
    "PhraseFontSize": 2,
    "PhraseSpeed": 3,
    "IsPhraseCenter": false,
    "SpeechMCharacterId": null,
    "IsSpeakingFlags": 4,
    "FrameImage": 0,
    "VoiceFileName": "e_42003206_023",
    "BackgroundImage": "",
    "BGM": "",
    "SE": "",
    "Effect": null,
    "BackgroundEffectType": 0,
    "StandCharacters": [
      {
        "MCharacterId": 26201,
        "Position": 3,
        "Action": 0,
        "Emotion": 0,
        "FacialExpression": 3,
        "EnterAction": 0
      }
    ],
    "StillDetail": {
      "AnimationName": "",
      "AnimationSpeed": null,
      "CameraZoomRatio": null,
      "CameraPositionX": null,
      "CameraPositionY": null,
      "CameraWorkDuration": null,
      "CameraRotation": null
    }
  },
  {
    "GroupOrder": 25,
    "ViewOrder": 1,
    "Name": "\u30e9\u30a4\u30d7\u30c4\u30a3\u30d2",
    "Phrase": "\u300c\u300e\u904a\u5712\u5730\u300f\u304b\u3089\u51fa\u3088\u3046\u3068\u601d\u3048\u3070\u51fa\u3089\u308c\u308b\u3088\u3046\u3067\u3001\\n\u3000\u304a\u3046\u3061\u306b\u5e30\u308a\u305f\u304f\u306a\u3063\u305f\u5b50\u4f9b\u304c\u300e\u904a\u5712\u5730\u300f\u304b\u3089\u8131\u51fa\u3057\u3066\u2015\u2015\\n\u3000\u96ea\u539f\u306e\u30c9\u771f\u3093\u4e2d\u306a\u3069\u306b\u653e\u308a\u3060\u3055\u308c\u3066\u4fdd\u8b77\u3055\u308c\u3066\u3001\\n\u3000\u3044\u308d\u3044\u308d\u81ea\u5206\u306e\u7d4c\u9a13\u3057\u305f\u3053\u3068\u3092\u8a9e\u3063\u3066\u304f\u308c\u308b\u3053\u3068\u304c\u3042\u308b\u308f\u3051\u3067\u3059\u304c\u300d",
    "PhraseFontSize": 2,
    "PhraseSpeed": 3,
    "IsPhraseCenter": false,
    "SpeechMCharacterId": null,
    "IsSpeakingFlags": 4,
    "FrameImage": 0,
    "VoiceFileName": "e_42003206_024",
    "BackgroundImage": "",
    "BGM": "",
    "SE": "",
    "Effect": null,
    "BackgroundEffectType": 0,
    "StandCharacters": [
      {
        "MCharacterId": 26201,
        "Position": 3,
        "Action": 0,
        "Emotion": 0,
        "FacialExpression": 4,
        "EnterAction": 0
      }
    ],
    "StillDetail": {
      "AnimationName": "",
      "AnimationSpeed": null,
      "CameraZoomRatio": null,
      "CameraPositionX": null,
      "CameraPositionY": null,
      "CameraWorkDuration": null,
      "CameraRotation": null
    }
  },
  {
    "GroupOrder": 26,
    "ViewOrder": 1,
    "Name": "\u30e9\u30a4\u30d7\u30c4\u30a3\u30d2",
    "Phrase": "\u300c\u5927\u62b5\u306f\u3053\u3063\u305d\u308a\u5bb6\u51fa\u3057\u305f\u3053\u3068\u306e\u8a00\u3044\u8a33\u3068\u3057\u3066\u3001\\n\u3000\u99ac\u9e7f\u307f\u305f\u3044\u306a\u4f5c\u308a\u8a71\u3092\u3067\u3063\u3061\u3042\u3052\u3066\u308b\u2015\u2015\\n\u3000\u307f\u305f\u3044\u306b\u601d\u308f\u308c\u3066\u3001\u89aa\u5fa1\u3055\u3093\u306a\u3069\u306b\u53f1\u3089\u308c\u308b\u3060\u3051\u306e\u3088\u3046\u3067\u3059\u306a\u300d",
    "PhraseFontSize": 2,
    "PhraseSpeed": 3,
    "IsPhraseCenter": false,
    "SpeechMCharacterId": null,
    "IsSpeakingFlags": 4,
    "FrameImage": 0,
    "VoiceFileName": "e_42003206_025",
    "BackgroundImage": "",
    "BGM": "",
    "SE": "",
    "Effect": null,
    "BackgroundEffectType": 0,
    "StandCharacters": [
      {
        "MCharacterId": 26201,
        "Position": 3,
        "Action": 0,
        "Emotion": 0,
        "FacialExpression": 0,
        "EnterAction": 0
      }
    ],
    "StillDetail": {
      "AnimationName": "",
      "AnimationSpeed": null,
      "CameraZoomRatio": null,
      "CameraPositionX": null,
      "CameraPositionY": null,
      "CameraWorkDuration": null,
      "CameraRotation": null
    }
  },
  {
    "GroupOrder": 27,
    "ViewOrder": 1,
    "Name": "\u30d5\u30e5\u30c3\u30bb\u30f3",
    "Phrase": "\u300c\u3075\u3093\u3001\u305d\u308c\u304c\u5927\u4eba\u3068\u3057\u3066\u306f\u5f53\u7136\u306e\u53cd\u5fdc\u3060\u308d\u3046\u306d\u3002\\n\u3000\u5b9f\u969b\u306b\u300e\u904a\u5712\u5730\u300f\u3068\u3084\u3089\u306e\u5642\u3092\u805e\u3044\u3066\u3001\\n\u3000\u305d\u308c\u3092\u591c\u904a\u3073\u306e\u8a00\u3044\u8a33\u3068\u3057\u3066\u7528\u3044\u305f\u5b50\u3082\u3044\u308b\u3060\u308d\u3046\u3057\u300d",
    "PhraseFontSize": 2,
    "PhraseSpeed": 3,
    "IsPhraseCenter": false,
    "SpeechMCharacterId": null,
    "IsSpeakingFlags": 4,
    "FrameImage": 0,
    "VoiceFileName": "e_42003206_026",
    "BackgroundImage": "",
    "BGM": "",
    "SE": "",
    "Effect": null,
    "BackgroundEffectType": 0,
    "StandCharacters": [
      {
        "MCharacterId": 17201,
        "Position": 3,
        "Action": 0,
        "Emotion": 0,
        "FacialExpression": 0,
        "EnterAction": 1
      }
    ],
    "StillDetail": {
      "AnimationName": "",
      "AnimationSpeed": null,
      "CameraZoomRatio": null,
      "CameraPositionX": null,
      "CameraPositionY": null,
      "CameraWorkDuration": null,
      "CameraRotation": null
    }
  },
  {
    "GroupOrder": 28,
    "ViewOrder": 1,
    "Name": "\u30ab\u30fc\u30eb\u30b9\u30eb\u30fc\u30a8",
    "Phrase": "\u300c\u306f\u3044\u3002\u3051\u308c\u3069\u554f\u984c\u306a\u3053\u3068\u306b\u2015\u2015\\n\u3000\u5b9f\u969b\u306b\u30a2\u30a4\u30bc\u30f3\u30b0\u30e9\u30fc\u30c8\u306e\u5404\u5730\u3067\u3001\\n\u3000\u5b50\u4f9b\u304c\u4e0d\u610f\u306b\u795e\u96a0\u3057\u306b\u906d\u3046\u4e8b\u4ef6\u304c\u983b\u767a\u3057\u3066\u3044\u307e\u3059\u300d",
    "PhraseFontSize": 2,
    "PhraseSpeed": 3,
    "IsPhraseCenter": false,
    "SpeechMCharacterId": null,
    "IsSpeakingFlags": 8,
    "FrameImage": 0,
    "VoiceFileName": "e_42003206_027",
    "BackgroundImage": "",
    "BGM": "",
    "SE": "",
    "Effect": null,
    "BackgroundEffectType": 0,
    "StandCharacters": [
      {
        "MCharacterId": 19201,
        "Position": 2,
        "Action": 0,
        "Emotion": 0,
        "FacialExpression": 7,
        "EnterAction": 1
      },
      {
        "MCharacterId": 17201,
        "Position": 4,
        "Action": 0,
        "Emotion": 0,
        "FacialExpression": 0,
        "EnterAction": 1
      }
    ],
    "StillDetail": {
      "AnimationName": "",
      "AnimationSpeed": null,
      "CameraZoomRatio": null,
      "CameraPositionX": null,
      "CameraPositionY": null,
      "CameraWorkDuration": null,
      "CameraRotation": null
    }
  },
  {
    "GroupOrder": 29,
    "ViewOrder": 1,
    "Name": "\u30ab\u30fc\u30eb\u30b9\u30eb\u30fc\u30a8",
    "Phrase": "\u300c\u5b50\u4f9b\u304c\u6d88\u3048\u305f\u5834\u6240\u3067\u3001\\n\u3000\u4eca\u56de\u306e\u3088\u3046\u306b\u4e0d\u6c17\u5473\u306a\u602a\u7269\u304c\u76ee\u6483\u3055\u308c\u305f\u4f8b\u3082\u3088\u304f\u3042\u308b\u3088\u3046\u3067\u3059\u3002\\n\u3000\u305d\u308c\u3067\u8170\u306e\u91cd\u3044\u8ecd\u90e8\u3082\u3088\u3046\u3084\u304f\u8a71\u3092\u307e\u3068\u3082\u306b\u805e\u304f\u6c17\u306b\u306a\u3063\u3066\u3001\\n\u3000\u635c\u67fb\u3092\u958b\u59cb\u3057\u305f\u308f\u3051\u3067\u3059\u306d\u3047\u2015\u2015\u57fa\u672c\u7684\u306b\u306f\u6211\u3005\u306b\u4e38\u6295\u3052\u3067\u3059\u3051\u3069\u300d",
    "PhraseFontSize": 2,
    "PhraseSpeed": 3,
    "IsPhraseCenter": false,
    "SpeechMCharacterId": null,
    "IsSpeakingFlags": 8,
    "FrameImage": 0,
    "VoiceFileName": "e_42003206_028",
    "BackgroundImage": "",
    "BGM": "",
    "SE": "",
    "Effect": null,
    "BackgroundEffectType": 0,
    "StandCharacters": [
      {
        "MCharacterId": 19201,
        "Position": 2,
        "Action": 0,
        "Emotion": 0,
        "FacialExpression": 0,
        "EnterAction": 0
      },
      {
        "MCharacterId": 17201,
        "Position": 4,
        "Action": 0,
        "Emotion": 0,
        "FacialExpression": 0,
        "EnterAction": 0
      }
    ],
    "StillDetail": {
      "AnimationName": "",
      "AnimationSpeed": null,
      "CameraZoomRatio": null,
      "CameraPositionX": null,
      "CameraPositionY": null,
      "CameraWorkDuration": null,
      "CameraRotation": null
    }
  },
  {
    "GroupOrder": 30,
    "ViewOrder": 1,
    "Name": "\u30e9\u30a4\u30d7\u30c4\u30a3\u30d2",
    "Phrase": "\u300c\u306f\u3044\u3002\u300e\u904a\u5712\u5730\u300f\u304c\u5b9f\u5728\u3059\u308b\u304b\u3069\u3046\u304b\u306f\u3068\u3082\u304b\u304f\u3001\\n\u3000\u5b50\u4f9b\u306f\u78ba\u304b\u306b\u6d88\u3048\u3066\u3044\u308b\u3093\u3067\u3059\u3002\\n\u3000\u5931\u8e2a\u4e8b\u4ef6\u3067\u3059\u3001\u6c7a\u3057\u3066\u653e\u7f6e\u306f\u3067\u304d\u307e\u305b\u3093\u300d",
    "PhraseFontSize": 2,
    "PhraseSpeed": 3,
    "IsPhraseCenter": false,
    "SpeechMCharacterId": null,
    "IsSpeakingFlags": 16,
    "FrameImage": 0,
    "VoiceFileName": "e_42003206_029",
    "BackgroundImage": "",
    "BGM": "",
    "SE": "",
    "Effect": null,
    "BackgroundEffectType": 0,
    "StandCharacters": [
      {
        "MCharacterId": 26201,
        "Position": 1,
        "Action": 5,
        "Emotion": 0,
        "FacialExpression": 3,
        "EnterAction": 1
      },
      {
        "MCharacterId": 19201,
        "Position": 3,
        "Action": 0,
        "Emotion": 0,
        "FacialExpression": 0,
        "EnterAction": 1
      },
      {
        "MCharacterId": 17201,
        "Position": 5,
        "Action": 0,
        "Emotion": 0,
        "FacialExpression": 0,
        "EnterAction": 1
      }
    ],
    "StillDetail": {
      "AnimationName": "",
      "AnimationSpeed": null,
      "CameraZoomRatio": null,
      "CameraPositionX": null,
      "CameraPositionY": null,
      "CameraWorkDuration": null,
      "CameraRotation": null
    }
  },
  {
    "GroupOrder": 31,
    "ViewOrder": 1,
    "Name": "\u30e9\u30a4\u30d7\u30c4\u30a3\u30d2",
    "Phrase": "\u300c\u602a\u7570\u306b\u539f\u56e0\u3092\u6c42\u3081\u305a\u3068\u3082\u3001\\n\u3000\u4eca\u56de\u306f\u7279\u9244\u968a\u306e\u8981\u305f\u308b\u8eca\u638c\u95a3\u4e0b\u307e\u3067\u6d88\u3048\u3066\u3044\u308b\u308f\u3051\u3067\u2026\u2026\u3002\\n\u3000\u6575\u5bfe\u52e2\u529b\u306b\u3088\u308b\u653b\u6483\u3001\u307e\u305f\u306f\u4f55\u3089\u304b\u306e\u72af\u7f6a\u3068\u3044\u3063\u305f\u7dda\u3082\u6709\u308a\u5f97\u307e\u3059\u300d",
    "PhraseFontSize": 2,
    "PhraseSpeed": 3,
    "IsPhraseCenter": false,
    "SpeechMCharacterId": null,
    "IsSpeakingFlags": 16,
    "FrameImage": 0,
    "VoiceFileName": "e_42003206_030",
    "BackgroundImage": "",
    "BGM": "",
    "SE": "",
    "Effect": null,
    "BackgroundEffectType": 0,
    "StandCharacters": [
      {
        "MCharacterId": 26201,
        "Position": 1,
        "Action": 0,
        "Emotion": 0,
        "FacialExpression": 3,
        "EnterAction": 0
      },
      {
        "MCharacterId": 19201,
        "Position": 3,
        "Action": 0,
        "Emotion": 0,
        "FacialExpression": 0,
        "EnterAction": 0
      },
      {
        "MCharacterId": 17201,
        "Position": 5,
        "Action": 0,
        "Emotion": 0,
        "FacialExpression": 0,
        "EnterAction": 0
      }
    ],
    "StillDetail": {
      "AnimationName": "",
      "AnimationSpeed": null,
      "CameraZoomRatio": null,
      "CameraPositionX": null,
      "CameraPositionY": null,
      "CameraWorkDuration": null,
      "CameraRotation": null
    }
  },
  {
    "GroupOrder": 32,
    "ViewOrder": 1,
    "Name": "\u30ab\u30fc\u30eb\u30b9\u30eb\u30fc\u30a8",
    "Phrase": "\u300c\u3046\u3075\u3075\u3002\u3069\u3053\u305e\u306e\u6687\u3067\u6027\u7656\u306e\u6b6a\u3093\u3060\u8cb4\u65cf\u3055\u307e\u304c\u3001\\n\u3000\u5927\u597d\u304d\u306a\u5e7c\u5150\u3092\u6b21\u3005\u3068\u8a98\u62d0\u3057\u3066\u3044\u308b\u2015\u2015\\n\u3000\u307f\u305f\u3044\u306a\u53ef\u80fd\u6027\u3082\u3042\u308a\u307e\u3059\u3088\u306d\u3047\uff1f\u300d",
    "PhraseFontSize": 2,
    "PhraseSpeed": 3,
    "IsPhraseCenter": false,
    "SpeechMCharacterId": null,
    "IsSpeakingFlags": 4,
    "FrameImage": 0,
    "VoiceFileName": "e_42003206_031",
    "BackgroundImage": "",
    "BGM": "",
    "SE": "",
    "Effect": null,
    "BackgroundEffectType": 0,
    "StandCharacters": [
      {
        "MCharacterId": 26201,
        "Position": 1,
        "Action": 0,
        "Emotion": 0,
        "FacialExpression": 0,
        "EnterAction": 0
      },
      {
        "MCharacterId": 19201,
        "Position": 3,
        "Action": 0,
        "Emotion": 1,
        "FacialExpression": 2,
        "EnterAction": 0
      },
      {
        "MCharacterId": 17201,
        "Position": 5,
        "Action": 0,
        "Emotion": 0,
        "FacialExpression": 0,
        "EnterAction": 0
      }
    ],
    "StillDetail": {
      "AnimationName": "",
      "AnimationSpeed": null,
      "CameraZoomRatio": null,
      "CameraPositionX": null,
      "CameraPositionY": null,
      "CameraWorkDuration": null,
      "CameraRotation": null
    }
  },
  {
    "GroupOrder": 33,
    "ViewOrder": 1,
    "Name": "\u30d5\u30e5\u30c3\u30bb\u30f3",
    "Phrase": "\u300c\u304a\u3044\u5f85\u3066\u3001\u3060\u304b\u3089\u8cb4\u69d8\u3089\u306f\u3044\u306e\u4e00\u756a\u306b\u4f59\u306e\u5c45\u57ce\u306b\u6765\u305f\u306e\u304b\u306d\uff1f\\n\u3000\u4f59\u306f\u78ba\u304b\u306b\u611b\u3089\u3057\u3044\u5c11\u5973\u304c\u597d\u304d\u3060\u304c\u8a98\u62d0\u306a\u3069\u3057\u306a\u3044\u3063\u3001\\n\u3000\u5408\u6cd5\u7684\u306b\u624b\u306b\u5165\u308c\u308b\u306e\u304c\u8490\u96c6\u5bb6\u3068\u3057\u3066\u306e\u77dc\u6301\u306a\u306e\u3060\u3088\uff01\u300d",
    "PhraseFontSize": 2,
    "PhraseSpeed": 3,
    "IsPhraseCenter": false,
    "SpeechMCharacterId": null,
    "IsSpeakingFlags": 1,
    "FrameImage": 0,
    "VoiceFileName": "e_42003206_032",
    "BackgroundImage": "",
    "BGM": "",
    "SE": "",
    "Effect": null,
    "BackgroundEffectType": 0,
    "StandCharacters": [
      {
        "MCharacterId": 26201,
        "Position": 1,
        "Action": 0,
        "Emotion": 0,
        "FacialExpression": 0,
        "EnterAction": 0
      },
      {
        "MCharacterId": 19201,
        "Position": 3,
        "Action": 0,
        "Emotion": 0,
        "FacialExpression": 2,
        "EnterAction": 0
      },
      {
        "MCharacterId": 17201,
        "Position": 5,
        "Action": 0,
        "Emotion": 0,
        "FacialExpression": 3,
        "EnterAction": 0
      }
    ],
    "StillDetail": {
      "AnimationName": "",
      "AnimationSpeed": null,
      "CameraZoomRatio": null,
      "CameraPositionX": null,
      "CameraPositionY": null,
      "CameraWorkDuration": null,
      "CameraRotation": null
    }
  },
  {
    "GroupOrder": 34,
    "ViewOrder": 1,
    "Name": "\u30e9\u30a4\u30d7\u30c4\u30a3\u30d2",
    "Phrase": "\u300c\u3044\u3048\u3002\u65e5\u9803\u306e\u8a00\u52d5\u3092\u898b\u308b\u9650\u308a\u3001\\n\u3000\u6bbf\u4e0b\u306a\u3089\u3084\u308a\u304b\u306d\u306a\u3044\u2015\u2015\u3068\u8ecd\u90e8\u306f\u5224\u65ad\u3057\u3066\u3044\u307e\u3059\u300d",
    "PhraseFontSize": 2,
    "PhraseSpeed": 3,
    "IsPhraseCenter": false,
    "SpeechMCharacterId": null,
    "IsSpeakingFlags": 16,
    "FrameImage": 0,
    "VoiceFileName": "e_42003206_033",
    "BackgroundImage": "",
    "BGM": "",
    "SE": "",
    "Effect": null,
    "BackgroundEffectType": 0,
    "StandCharacters": [
      {
        "MCharacterId": 26201,
        "Position": 1,
        "Action": 0,
        "Emotion": 5,
        "FacialExpression": 4,
        "EnterAction": 0
      },
      {
        "MCharacterId": 19201,
        "Position": 3,
        "Action": 0,
        "Emotion": 0,
        "FacialExpression": 2,
        "EnterAction": 0
      },
      {
        "MCharacterId": 17201,
        "Position": 5,
        "Action": 0,
        "Emotion": 0,
        "FacialExpression": 3,
        "EnterAction": 0
      }
    ],
    "StillDetail": {
      "AnimationName": "",
      "AnimationSpeed": null,
      "CameraZoomRatio": null,
      "CameraPositionX": null,
      "CameraPositionY": null,
      "CameraWorkDuration": null,
      "CameraRotation": null
    }
  },
  {
    "GroupOrder": 35,
    "ViewOrder": 1,
    "Name": "\u30d5\u30e5\u30c3\u30bb\u30f3",
    "Phrase": "\u300c\u4f55\u3043\uff1f \u3060\u304b\u3089\u8cb4\u69d8\u3089\u306f\u5acc\u3044\u306a\u306e\u3060\u3088\u3063\u3001\\n\u3000\u50b2\u6162\u3067\u504f\u898b\u306b\u6e80\u3061\u3066\u3044\u3066\u2026\u2026\uff01\u300d",
    "PhraseFontSize": 2,
    "PhraseSpeed": 3,
    "IsPhraseCenter": false,
    "SpeechMCharacterId": null,
    "IsSpeakingFlags": 4,
    "FrameImage": 0,
    "VoiceFileName": "e_42003206_034",
    "BackgroundImage": "",
    "BGM": "",
    "SE": "",
    "Effect": null,
    "BackgroundEffectType": 0,
    "StandCharacters": [
      {
        "MCharacterId": 17201,
        "Position": 3,
        "Action": 1,
        "Emotion": 3,
        "FacialExpression": 3,
        "EnterAction": 1
      }
    ],
    "StillDetail": {
      "AnimationName": "",
      "AnimationSpeed": null,
      "CameraZoomRatio": null,
      "CameraPositionX": null,
      "CameraPositionY": null,
      "CameraWorkDuration": null,
      "CameraRotation": null
    }
  },
  {
    "GroupOrder": 36,
    "ViewOrder": 1,
    "Name": "\u30ab\u30fc\u30eb\u30b9\u30eb\u30fc\u30a8",
    "Phrase": "\u300c\u3046\u3075\u3075\u3001\u305d\u308c\u306f\u304a\u4e92\u3044\u3055\u307e\u3067\u3059\u3051\u3069\u306d\u3047\u266a\\n\u3000\u3057\u304b\u3057\u307e\u3041\u3001\u30d5\u30e5\u30c3\u30bb\u30f3\u304a\u5b22\u3061\u3083\u307e\u304c\u72af\u4eba\u3067\u306f\u306a\u3044\u3068\u3057\u305f\u3089\u2015\u2015\\n\u3000\u5b9f\u969b\u3001\u3069\u3046\u3044\u3046\u3053\u3068\u306a\u3093\u3067\u3057\u3087\u3046\uff1f\\n\u3000\u672c\u5f53\u306b\u5642\u8a71\u3067\u8a9e\u3089\u308c\u308b\u3088\u3046\u306a\u3001\u300e\u904a\u5712\u5730\u300f\u304c\u5b9f\u5728\u3059\u308b\u3068\u3067\u3082\uff1f\u300d",
    "PhraseFontSize": 2,
    "PhraseSpeed": 3,
    "IsPhraseCenter": false,
    "SpeechMCharacterId": null,
    "IsSpeakingFlags": 8,
    "FrameImage": 0,
    "VoiceFileName": "e_42003206_035",
    "BackgroundImage": "",
    "BGM": "",
    "SE": "",
    "Effect": null,
    "BackgroundEffectType": 0,
    "StandCharacters": [
      {
        "MCharacterId": 19201,
        "Position": 2,
        "Action": 0,
        "Emotion": 0,
        "FacialExpression": 2,
        "EnterAction": 1
      },
      {
        "MCharacterId": 17201,
        "Position": 4,
        "Action": 9,
        "Emotion": 3,
        "FacialExpression": 7,
        "EnterAction": 1
      }
    ],
    "StillDetail": {
      "AnimationName": "",
      "AnimationSpeed": null,
      "CameraZoomRatio": null,
      "CameraPositionX": null,
      "CameraPositionY": null,
      "CameraWorkDuration": null,
      "CameraRotation": null
    }
  },
  {
    "GroupOrder": 37,
    "ViewOrder": 1,
    "Name": "\u30ab\u30fc\u30eb\u30b9\u30eb\u30fc\u30a8",
    "Phrase": "\u300c\u3060\u3068\u3057\u305f\u3089\u3001\u72af\u884c\u306e\u52d5\u6a5f\u306f\u4f55\u306a\u3093\u3067\u3057\u3087\u3046\uff1f\\n\u3000\u5bc2\u3057\u3044\u5b50\u4f9b\u3092\u652b\u3063\u3066\u3001\u5922\u307f\u305f\u3044\u306b\u697d\u3057\u3044\u6642\u9593\u3092\u904e\u3054\u3055\u305b\u3066\u2015\u2015\\n\u3000\u8ab0\u304c\u3001\u3069\u306e\u3088\u3046\u306a\u5f97\u3092\u3059\u308b\u3068\uff1f\u300d",
    "PhraseFontSize": 2,
    "PhraseSpeed": 3,
    "IsPhraseCenter": false,
    "SpeechMCharacterId": null,
    "IsSpeakingFlags": 8,
    "FrameImage": 0,
    "VoiceFileName": "e_42003206_036",
    "BackgroundImage": "",
    "BGM": "",
    "SE": "",
    "Effect": null,
    "BackgroundEffectType": 0,
    "StandCharacters": [
      {
        "MCharacterId": 19201,
        "Position": 2,
        "Action": 0,
        "Emotion": 8,
        "FacialExpression": 0,
        "EnterAction": 0
      },
      {
        "MCharacterId": 17201,
        "Position": 4,
        "Action": 0,
        "Emotion": 0,
        "FacialExpression": 0,
        "EnterAction": 0
      }
    ],
    "StillDetail": {
      "AnimationName": "",
      "AnimationSpeed": null,
      "CameraZoomRatio": null,
      "CameraPositionX": null,
      "CameraPositionY": null,
      "CameraWorkDuration": null,
      "CameraRotation": null
    }
  },
  {
    "GroupOrder": 38,
    "ViewOrder": 1,
    "Name": "\u30d5\u30e5\u30c3\u30bb\u30f3",
    "Phrase": "\u300c\u3075\u3093\u3002\u5358\u306a\u308b\u6148\u5584\u4e8b\u696d\u3060\u3063\u305f\u3089\u826f\u3044\u306e\u3060\u3051\u3069\u3001\\n\u3000\u3042\u307e\u308a\u305d\u306e\u3088\u3046\u306a\u6d6e\u304b\u308c\u305f\u771f\u76f8\u3092\u671f\u5f85\u3059\u308b\u3079\u304d\u3067\u306f\u306a\u3044\u3060\u308d\u3046\u306d\u300d",
    "PhraseFontSize": 2,
    "PhraseSpeed": 3,
    "IsPhraseCenter": false,
    "SpeechMCharacterId": null,
    "IsSpeakingFlags": 2,
    "FrameImage": 0,
    "VoiceFileName": "e_42003206_037",
    "BackgroundImage": "",
    "BGM": "",
    "SE": "",
    "Effect": null,
    "BackgroundEffectType": 0,
    "StandCharacters": [
      {
        "MCharacterId": 19201,
        "Position": 2,
        "Action": 0,
        "Emotion": 0,
        "FacialExpression": 0,
        "EnterAction": 0
      },
      {
        "MCharacterId": 17201,
        "Position": 4,
        "Action": 5,
        "Emotion": 0,
        "FacialExpression": 0,
        "EnterAction": 0
      }
    ],
    "StillDetail": {
      "AnimationName": "",
      "AnimationSpeed": null,
      "CameraZoomRatio": null,
      "CameraPositionX": null,
      "CameraPositionY": null,
      "CameraWorkDuration": null,
      "CameraRotation": null
    }
  },
  {
    "GroupOrder": 39,
    "ViewOrder": 1,
    "Name": "\u30d5\u30e5\u30c3\u30bb\u30f3",
    "Phrase": "\u300c\u5e7b\u9727\u306b\u5145\u3061\u6e80\u3061\u305f\u3001\u7a62\u3089\u308f\u3057\u3044\u3053\u306e\u4e16\u754c\u3067\u306f\u2015\u2015\u3002\\n\u3000\u3044\u3064\u3067\u3082\u9727\u306e\u5965\u306b\u306f\u3001\\n\u3000\u76ee\u3092\u80cc\u3051\u305f\u304f\u306a\u308b\u3088\u3046\u306a\u919c\u60aa\u306a\u771f\u5b9f\u304c\u96a0\u308c\u3066\u3044\u308b\u306e\u3060\u3088\u300d",
    "PhraseFontSize": 2,
    "PhraseSpeed": 3,
    "IsPhraseCenter": false,
    "SpeechMCharacterId": null,
    "IsSpeakingFlags": 2,
    "FrameImage": 0,
    "VoiceFileName": "e_42003206_038",
    "BackgroundImage": "",
    "BGM": "",
    "SE": "",
    "Effect": null,
    "BackgroundEffectType": 0,
    "StandCharacters": [
      {
        "MCharacterId": 19201,
        "Position": 2,
        "Action": 0,
        "Emotion": 0,
        "FacialExpression": 0,
        "EnterAction": 0
      },
      {
        "MCharacterId": 17201,
        "Position": 4,
        "Action": 0,
        "Emotion": 0,
        "FacialExpression": 5,
        "EnterAction": 0
      }
    ],
    "StillDetail": {
      "AnimationName": "",
      "AnimationSpeed": null,
      "CameraZoomRatio": null,
      "CameraPositionX": null,
      "CameraPositionY": null,
      "CameraWorkDuration": null,
      "CameraRotation": null
    }
  }
]