﻿[
  {
    "GroupOrder": 1,
    "ViewOrder": 1,
    "Name": "\u30a4\u30a8\u30c6\u30a3",
    "Phrase": "\u300c\u30e2\u30a9\u30a9\u30a9\u30aa\uff01 \u30e2\u30a9\u30a9\u30a9\u30aa\uff01\u300d",
    "PhraseFontSize": 2,
    "PhraseSpeed": 3,
    "IsPhraseCenter": false,
    "SpeechMCharacterId": null,
    "IsSpeakingFlags": 4,
    "FrameImage": 1,
    "VoiceFileName": "",
    "BackgroundImage": "106102",
    "BGM": "adv_01",
    "SE": "",
    "Effect": null,
    "BackgroundEffectType": 0,
    "StandCharacters": [
      {
        "MCharacterId": 122,
        "Position": 3,
        "Action": 1,
        "Emotion": 0,
        "FacialExpression": 0,
        "EnterAction": 1
      }
    ],
    "StillDetail": {
      "AnimationName": "",
      "AnimationSpeed": null,
      "CameraZoomRatio": null,
      "CameraPositionX": null,
      "CameraPositionY": null,
      "CameraWorkDuration": null,
      "CameraRotation": null
    }
  },
  {
    "GroupOrder": 2,
    "ViewOrder": 1,
    "Name": "",
    "Phrase": "\u9cf4\u304d\u58f0\u306f\u9593\u5ef6\u3073\u3057\u3066\u3044\u308b\u3082\u306e\u306e\u3001\u30a4\u30a8\u30c6\u30a3\u305f\u3061\u306e\u52d5\u304d\u306f\u610f\u5916\u306a\u307b\u3069\u6a5f\u654f\u3060\u3002\\n\u5de8\u5927\u306a\u4e21\u624b\u3092\u632f\u308a\u56de\u3057\u3066\u66b4\u308c\u308b\u305d\u306e\u59ff\u306f\u3001\\n\u9b54\u7269\u3068\u3044\u3046\u3088\u308a\u707d\u5bb3\u306e\u3088\u3046\u3060\u2015\u2015\u8089\u3068\u81ea\u6211\u3092\u3082\u3064\u3001\u5730\u5439\u96ea\u3060\u3002",
    "PhraseFontSize": 2,
    "PhraseSpeed": 3,
    "IsPhraseCenter": false,
    "SpeechMCharacterId": null,
    "IsSpeakingFlags": 0,
    "FrameImage": 0,
    "VoiceFileName": "",
    "BackgroundImage": "",
    "BGM": "",
    "SE": "",
    "Effect": null,
    "BackgroundEffectType": 0,
    "StandCharacters": [
      {
        "MCharacterId": 122,
        "Position": 3,
        "Action": 0,
        "Emotion": 0,
        "FacialExpression": 0,
        "EnterAction": 0
      }
    ],
    "StillDetail": {
      "AnimationName": "",
      "AnimationSpeed": null,
      "CameraZoomRatio": null,
      "CameraPositionX": null,
      "CameraPositionY": null,
      "CameraWorkDuration": null,
      "CameraRotation": null
    }
  },
  {
    "GroupOrder": 3,
    "ViewOrder": 1,
    "Name": "\u30e0\u30eb\u30de\u30f3\u30b9\u30af",
    "Phrase": "\u300c\u3048\u3044\u3063\u3001\u3048\u3044\u3063\uff01\u300d",
    "PhraseFontSize": 2,
    "PhraseSpeed": 3,
    "IsPhraseCenter": false,
    "SpeechMCharacterId": null,
    "IsSpeakingFlags": 4,
    "FrameImage": 0,
    "VoiceFileName": "e_42003202_001",
    "BackgroundImage": "",
    "BGM": "",
    "SE": "",
    "Effect": null,
    "BackgroundEffectType": 0,
    "StandCharacters": [
      {
        "MCharacterId": 28201,
        "Position": 3,
        "Action": 1,
        "Emotion": 0,
        "FacialExpression": 3,
        "EnterAction": 1
      }
    ],
    "StillDetail": {
      "AnimationName": "",
      "AnimationSpeed": null,
      "CameraZoomRatio": null,
      "CameraPositionX": null,
      "CameraPositionY": null,
      "CameraWorkDuration": null,
      "CameraRotation": null
    }
  },
  {
    "GroupOrder": 4,
    "ViewOrder": 1,
    "Name": "",
    "Phrase": "\u305d\u308c\u3067\u3082\u602f\u307e\u305a\u306b\u3001\u30e0\u30eb\u30de\u30f3\u30b9\u30af\u304c\u5fdc\u6226\u3057\u3066\u3044\u308b\u3002\\n\u3061\u3044\u3055\u306a\u5f7c\u5973\u306b\u306f\u4e0d\u91e3\u5408\u3044\u306a\u6b66\u9aa8\u306a\u72d9\u6483\u9283\u3092\u69cb\u3048\u3001\u9023\u5c04\u2015\u2015\u3002",
    "PhraseFontSize": 2,
    "PhraseSpeed": 3,
    "IsPhraseCenter": false,
    "SpeechMCharacterId": null,
    "IsSpeakingFlags": 0,
    "FrameImage": 0,
    "VoiceFileName": "",
    "BackgroundImage": "",
    "BGM": "",
    "SE": "",
    "Effect": null,
    "BackgroundEffectType": 0,
    "StandCharacters": [
      {
        "MCharacterId": 28201,
        "Position": 3,
        "Action": 0,
        "Emotion": 0,
        "FacialExpression": 3,
        "EnterAction": 0
      }
    ],
    "StillDetail": {
      "AnimationName": "",
      "AnimationSpeed": null,
      "CameraZoomRatio": null,
      "CameraPositionX": null,
      "CameraPositionY": null,
      "CameraWorkDuration": null,
      "CameraRotation": null
    }
  },
  {
    "GroupOrder": 5,
    "ViewOrder": 1,
    "Name": "\u30e0\u30eb\u30de\u30f3\u30b9\u30af",
    "Phrase": "\u300c\u3060\u3081\uff01 \u3042\u3044\u3066\u306f\u300e\u3051\u3080\u304f\u3058\u3083\u3089\u300f\u3060\u304b\u3089\u3001\\n\u3000\u300e\u304d\u3085\u3046\u3057\u3087\u300f\u304c\u308f\u304b\u308a\u306b\u304f\u3044\u3088\uff01\\n\u3000\u304a\u306b\u304f\u3082\u300e\u3076\u3042\u3064\u3044\u300f\u3057\u3001\u300e\u3060\u3093\u304c\u3093\u300f\u304c\u3068\u304a\u3089\u306a\u3044\u2026\u2026\uff01\u300d",
    "PhraseFontSize": 2,
    "PhraseSpeed": 3,
    "IsPhraseCenter": false,
    "SpeechMCharacterId": null,
    "IsSpeakingFlags": 4,
    "FrameImage": 0,
    "VoiceFileName": "e_42003202_002",
    "BackgroundImage": "",
    "BGM": "",
    "SE": "",
    "Effect": null,
    "BackgroundEffectType": 0,
    "StandCharacters": [
      {
        "MCharacterId": 28201,
        "Position": 3,
        "Action": 0,
        "Emotion": 5,
        "FacialExpression": 4,
        "EnterAction": 0
      }
    ],
    "StillDetail": {
      "AnimationName": "",
      "AnimationSpeed": null,
      "CameraZoomRatio": null,
      "CameraPositionX": null,
      "CameraPositionY": null,
      "CameraWorkDuration": null,
      "CameraRotation": null
    }
  },
  {
    "GroupOrder": 6,
    "ViewOrder": 1,
    "Name": "",
    "Phrase": "\u3069\u3046\u3084\u3089\u3001\u30e0\u30eb\u30de\u30f3\u30b9\u30af\u306b\u3068\u3063\u3066\u306f\u76f8\u6027\u304c\u60aa\u3044\u6575\u306e\u3088\u3046\u3060\u3002\\n\u5f7c\u5973\u306f\u7279\u9244\u968a\u3067\u306f\u30f4\u30a9\u30eb\u30b4\u306b\u5339\u6575\u3059\u308b\u72d9\u6483\u306e\u540d\u624b\u3060\u304c\u3001\\n\u8eab\u4f53\u7684\u306b\u306f\u304b\u5f31\u3044\u5b50\u4f9b\u3067\u3042\u308b\u2015\u2015\u63a5\u8fd1\u6226\u306b\u306a\u308b\u3068\u975e\u5e38\u306b\u4e0d\u5229\u3060\u3002",
    "PhraseFontSize": 2,
    "PhraseSpeed": 3,
    "IsPhraseCenter": false,
    "SpeechMCharacterId": null,
    "IsSpeakingFlags": 0,
    "FrameImage": 0,
    "VoiceFileName": "",
    "BackgroundImage": "",
    "BGM": "",
    "SE": "",
    "Effect": null,
    "BackgroundEffectType": 0,
    "StandCharacters": [
      {
        "MCharacterId": 28201,
        "Position": 3,
        "Action": 0,
        "Emotion": 0,
        "FacialExpression": 4,
        "EnterAction": 0
      }
    ],
    "StillDetail": {
      "AnimationName": "",
      "AnimationSpeed": null,
      "CameraZoomRatio": null,
      "CameraPositionX": null,
      "CameraPositionY": null,
      "CameraWorkDuration": null,
      "CameraRotation": null
    }
  },
  {
    "GroupOrder": 7,
    "ViewOrder": 1,
    "Name": "\u30a4\u30a8\u30c6\u30a3",
    "Phrase": "\u300c\u30e2\u30a9\u30aa\u30aa\u30aa\u30aa\u30aa\uff01\u300d",
    "PhraseFontSize": 2,
    "PhraseSpeed": 3,
    "IsPhraseCenter": false,
    "SpeechMCharacterId": null,
    "IsSpeakingFlags": 4,
    "FrameImage": 1,
    "VoiceFileName": "",
    "BackgroundImage": "",
    "BGM": "",
    "SE": "",
    "Effect": null,
    "BackgroundEffectType": 0,
    "StandCharacters": [
      {
        "MCharacterId": 122,
        "Position": 3,
        "Action": 1,
        "Emotion": 0,
        "FacialExpression": 0,
        "EnterAction": 1
      }
    ],
    "StillDetail": {
      "AnimationName": "",
      "AnimationSpeed": null,
      "CameraZoomRatio": null,
      "CameraPositionX": null,
      "CameraPositionY": null,
      "CameraWorkDuration": null,
      "CameraRotation": null
    }
  },
  {
    "GroupOrder": 8,
    "ViewOrder": 1,
    "Name": "\u30e0\u30eb\u30de\u30f3\u30b9\u30af",
    "Phrase": "\u300c\u3072\u3083\u3063\u3001\u3072\u3083\u3042\u3063\uff1f \u3042\u3070\u308c\u306a\u3044\u3067\u3063\u3001\u3053\u308f\u3044\uff01\u300d",
    "PhraseFontSize": 2,
    "PhraseSpeed": 3,
    "IsPhraseCenter": false,
    "SpeechMCharacterId": null,
    "IsSpeakingFlags": 4,
    "FrameImage": 0,
    "VoiceFileName": "e_42003202_003",
    "BackgroundImage": "",
    "BGM": "",
    "SE": "",
    "Effect": null,
    "BackgroundEffectType": 0,
    "StandCharacters": [
      {
        "MCharacterId": 28201,
        "Position": 3,
        "Action": 5,
        "Emotion": 2,
        "FacialExpression": 1,
        "EnterAction": 0
      }
    ],
    "StillDetail": {
      "AnimationName": "",
      "AnimationSpeed": null,
      "CameraZoomRatio": null,
      "CameraPositionX": null,
      "CameraPositionY": null,
      "CameraWorkDuration": null,
      "CameraRotation": null
    }
  },
  {
    "GroupOrder": 9,
    "ViewOrder": 1,
    "Name": "",
    "Phrase": "\u30e0\u30eb\u30de\u30f3\u30b9\u30af\uff01\\n\u76f4\u63a5\u3001\u81f3\u8fd1\u8ddd\u96e2\u3067\u7b4b\u9aa8\u9686\u3005\u3068\u3057\u305f\u30a4\u30a8\u30c6\u30a3\u3068\u6226\u3046\u306e\u306f\u5371\u967a\u3060\uff01\\n\u99ac\u8eca\u3092\u76fe\u306b\u3057\u3066\u3001\u8eab\u306e\u5b89\u5168\u3092\u78ba\u4fdd\u3057\u306a\u304c\u3089\u72d9\u6483\u3092\u2015\u2015\u3002",
    "PhraseFontSize": 2,
    "PhraseSpeed": 3,
    "IsPhraseCenter": false,
    "SpeechMCharacterId": null,
    "IsSpeakingFlags": 0,
    "FrameImage": 0,
    "VoiceFileName": "",
    "BackgroundImage": "",
    "BGM": "",
    "SE": "",
    "Effect": null,
    "BackgroundEffectType": 0,
    "StandCharacters": [
      {
        "MCharacterId": 28201,
        "Position": 3,
        "Action": 0,
        "Emotion": 0,
        "FacialExpression": 1,
        "EnterAction": 0
      }
    ],
    "StillDetail": {
      "AnimationName": "",
      "AnimationSpeed": null,
      "CameraZoomRatio": null,
      "CameraPositionX": null,
      "CameraPositionY": null,
      "CameraWorkDuration": null,
      "CameraRotation": null
    }
  },
  {
    "GroupOrder": 10,
    "ViewOrder": 1,
    "Name": "\u30e0\u30eb\u30de\u30f3\u30b9\u30af",
    "Phrase": "\u300c\u2026\u2026\uff01\uff1f \u3042\u3076\u306a\u3044\u3063\u3001\u300e\u3057\u3083\u3057\u3087\u3046\u300f\u3055\u3093\uff01\u300d",
    "PhraseFontSize": 2,
    "PhraseSpeed": 3,
    "IsPhraseCenter": false,
    "SpeechMCharacterId": null,
    "IsSpeakingFlags": 4,
    "FrameImage": 1,
    "VoiceFileName": "e_42003202_004",
    "BackgroundImage": "",
    "BGM": "",
    "SE": "",
    "Effect": null,
    "BackgroundEffectType": 0,
    "StandCharacters": [
      {
        "MCharacterId": 28201,
        "Position": 3,
        "Action": 1,
        "Emotion": 4,
        "FacialExpression": 1,
        "EnterAction": 0
      }
    ],
    "StillDetail": {
      "AnimationName": "",
      "AnimationSpeed": null,
      "CameraZoomRatio": null,
      "CameraPositionX": null,
      "CameraPositionY": null,
      "CameraWorkDuration": null,
      "CameraRotation": null
    }
  },
  {
    "GroupOrder": 11,
    "ViewOrder": 1,
    "Name": "",
    "Phrase": "\u601d\u3044\u3064\u304f\u304b\u304e\u308a\u306e\u6226\u8853\u3092\u53eb\u3093\u3067\u3044\u308b\u3068\u3001\\n\u30a4\u30a8\u30c6\u30a3\u305f\u3061\u304c\u3053\u3061\u3089\u306e\u58f0\u306b\u6c17\u3065\u3044\u3066\u63a5\u8fd1\u3057\u3066\u304d\u305f\u3002\\n\u305d\u3057\u3066\u2015\u2015\u3042\u308d\u3046\u3053\u3068\u304b\u3001\\n\u4f55\u5339\u304b\u306e\u30a4\u30a8\u30c6\u30a3\u304c\u5354\u529b\u3057\u3066\u3053\u3061\u3089\u306e\u4e57\u3063\u305f\u99ac\u8eca\u3092\u6301\u3061\u4e0a\u3052\u3066\u3057\u307e\u3046\u3002",
    "PhraseFontSize": 2,
    "PhraseSpeed": 3,
    "IsPhraseCenter": false,
    "SpeechMCharacterId": null,
    "IsSpeakingFlags": 0,
    "FrameImage": 0,
    "VoiceFileName": "",
    "BackgroundImage": "",
    "BGM": "",
    "SE": "",
    "Effect": null,
    "BackgroundEffectType": 0,
    "StandCharacters": [
      {
        "MCharacterId": 122,
        "Position": 2,
        "Action": 1,
        "Emotion": 0,
        "FacialExpression": 0,
        "EnterAction": 1
      },
      {
        "MCharacterId": 127,
        "Position": 4,
        "Action": 1,
        "Emotion": 0,
        "FacialExpression": 0,
        "EnterAction": 1
      }
    ],
    "StillDetail": {
      "AnimationName": "",
      "AnimationSpeed": null,
      "CameraZoomRatio": null,
      "CameraPositionX": null,
      "CameraPositionY": null,
      "CameraWorkDuration": null,
      "CameraRotation": null
    }
  },
  {
    "GroupOrder": 12,
    "ViewOrder": 1,
    "Name": "",
    "Phrase": "\u6d6e\u904a\u611f\u3002\u99ac\u8eca\u304c\u5446\u6c17\u306a\u304f\u5730\u9762\u304b\u3089\u96e2\u308c\u3001\\n\u76f4\u5f8c\u2015\u2015\u601d\u3044\u3063\u304d\u308a\u653e\u308a\u6295\u3052\u3089\u308c\u305f\u3002\\n\u8996\u754c\u304c\u731b\u70c8\u306b\u56de\u8ee2\u3057\u3001\u76f4\u5f8c\u306b\u3053\u3061\u3089\u306e\u5168\u8eab\u306b\u885d\u6483\u304c\u8d70\u308b\u3002",
    "PhraseFontSize": 2,
    "PhraseSpeed": 3,
    "IsPhraseCenter": false,
    "SpeechMCharacterId": null,
    "IsSpeakingFlags": 0,
    "FrameImage": 0,
    "VoiceFileName": "",
    "BackgroundImage": "",
    "BGM": "",
    "SE": "",
    "Effect": null,
    "BackgroundEffectType": 2,
    "StandCharacters": [
      {
        "MCharacterId": 122,
        "Position": 2,
        "Action": 0,
        "Emotion": 0,
        "FacialExpression": 0,
        "EnterAction": 0
      },
      {
        "MCharacterId": 127,
        "Position": 4,
        "Action": 0,
        "Emotion": 0,
        "FacialExpression": 0,
        "EnterAction": 0
      }
    ],
    "StillDetail": {
      "AnimationName": "",
      "AnimationSpeed": null,
      "CameraZoomRatio": null,
      "CameraPositionX": null,
      "CameraPositionY": null,
      "CameraWorkDuration": null,
      "CameraRotation": null
    }
  },
  {
    "GroupOrder": 13,
    "ViewOrder": 1,
    "Name": "\u30e0\u30eb\u30de\u30f3\u30b9\u30af",
    "Phrase": "\u300c\u3042\u3041\u3063\u3001\u300e\u3057\u3083\u3057\u3087\u3046\u300f\u3055\u3041\u3093\uff01 \u3060\u3044\u3058\u3087\u3046\u3076\u3063\uff01\uff1f\u300d",
    "PhraseFontSize": 2,
    "PhraseSpeed": 3,
    "IsPhraseCenter": false,
    "SpeechMCharacterId": null,
    "IsSpeakingFlags": 4,
    "FrameImage": 1,
    "VoiceFileName": "e_42003202_005",
    "BackgroundImage": "",
    "BGM": "",
    "SE": "",
    "Effect": null,
    "BackgroundEffectType": 0,
    "StandCharacters": [
      {
        "MCharacterId": 28201,
        "Position": 3,
        "Action": 0,
        "Emotion": 5,
        "FacialExpression": 4,
        "EnterAction": 1
      }
    ],
    "StillDetail": {
      "AnimationName": "",
      "AnimationSpeed": null,
      "CameraZoomRatio": null,
      "CameraPositionX": null,
      "CameraPositionY": null,
      "CameraWorkDuration": null,
      "CameraRotation": null
    }
  },
  {
    "GroupOrder": 14,
    "ViewOrder": 1,
    "Name": "",
    "Phrase": "\u554f\u984c\u306a\u3044\uff01\\n\u99ac\u8eca\u306f\u5927\u7834\u3057\u305f\u304c\u3001\u53d7\u3051\u8eab\u3092\u53d6\u3063\u305f\u306e\u3067\u81ea\u5206\u306f\u8efd\u50b7\u3060\uff01",
    "PhraseFontSize": 2,
    "PhraseSpeed": 3,
    "IsPhraseCenter": false,
    "SpeechMCharacterId": null,
    "IsSpeakingFlags": 0,
    "FrameImage": 0,
    "VoiceFileName": "",
    "BackgroundImage": "",
    "BGM": "",
    "SE": "",
    "Effect": null,
    "BackgroundEffectType": 0,
    "StandCharacters": [
      {
        "MCharacterId": 28201,
        "Position": 3,
        "Action": 0,
        "Emotion": 0,
        "FacialExpression": 4,
        "EnterAction": 0
      }
    ],
    "StillDetail": {
      "AnimationName": "",
      "AnimationSpeed": null,
      "CameraZoomRatio": null,
      "CameraPositionX": null,
      "CameraPositionY": null,
      "CameraWorkDuration": null,
      "CameraRotation": null
    }
  },
  {
    "GroupOrder": 15,
    "ViewOrder": 1,
    "Name": "\u30e0\u30eb\u30de\u30f3\u30b9\u30af",
    "Phrase": "\u300c\u3046\u3048\u3047\u3093\u3001\u3088\u304b\u3063\u305f\u2026\u2026\u3002\\n\u3000\u3067\u3082\u3001\u3069\u3046\u3057\u3088\u3046\uff1f\\n\u3000\u304a\u3082\u3063\u3066\u305f\u3088\u308a\u300e\u3064\u3088\u3044\u300f\u3088\u3001\u300e\u3044\u3048\u3066\u3043\u300f\u3055\u3093\uff01\u300d",
    "PhraseFontSize": 2,
    "PhraseSpeed": 3,
    "IsPhraseCenter": false,
    "SpeechMCharacterId": null,
    "IsSpeakingFlags": 4,
    "FrameImage": 0,
    "VoiceFileName": "e_42003202_006",
    "BackgroundImage": "",
    "BGM": "",
    "SE": "",
    "Effect": null,
    "BackgroundEffectType": 0,
    "StandCharacters": [
      {
        "MCharacterId": 28201,
        "Position": 3,
        "Action": 3,
        "Emotion": 0,
        "FacialExpression": 4,
        "EnterAction": 0
      }
    ],
    "StillDetail": {
      "AnimationName": "",
      "AnimationSpeed": null,
      "CameraZoomRatio": null,
      "CameraPositionX": null,
      "CameraPositionY": null,
      "CameraWorkDuration": null,
      "CameraRotation": null
    }
  },
  {
    "GroupOrder": 16,
    "ViewOrder": 1,
    "Name": "",
    "Phrase": "\u5927\u4e08\u592b\u3060\u3001\u843d\u3061\u7740\u3051\u30e0\u30eb\u30de\u30f3\u30b9\u30af\u3002\\n\u51b7\u9759\u306b\u5bfe\u51e6\u3059\u308c\u3070\u5012\u305b\u306a\u3044\u76f8\u624b\u3067\u306f\u306a\u3044\u3002\\n\u307e\u305a\u306f\u8089\u5f3e\u6226\u306b\u512a\u308c\u305f\u30d5\u30a7\u30eb\u30af\u30ea\u30f3\u30b2\u30f3\u306b\u727d\u5236\u3057\u3066\u3082\u3089\u3044\u3001\\n\u30e0\u30eb\u30de\u30f3\u30b9\u30af\u304c\u8ddd\u96e2\u3092\u53d6\u3063\u3066\u6575\u306e\u982d\u90e8\u3092\u6b63\u78ba\u306b\u6483\u3061\u629c\u3044\u3066\u3044\u3051\u3070\u2015\u2015\u3002",
    "PhraseFontSize": 2,
    "PhraseSpeed": 3,
    "IsPhraseCenter": false,
    "SpeechMCharacterId": null,
    "IsSpeakingFlags": 0,
    "FrameImage": 0,
    "VoiceFileName": "",
    "BackgroundImage": "",
    "BGM": "",
    "SE": "",
    "Effect": null,
    "BackgroundEffectType": 0,
    "StandCharacters": [
      {
        "MCharacterId": 28201,
        "Position": 3,
        "Action": 0,
        "Emotion": 0,
        "FacialExpression": 4,
        "EnterAction": 0
      }
    ],
    "StillDetail": {
      "AnimationName": "",
      "AnimationSpeed": null,
      "CameraZoomRatio": null,
      "CameraPositionX": null,
      "CameraPositionY": null,
      "CameraWorkDuration": null,
      "CameraRotation": null
    }
  },
  {
    "GroupOrder": 17,
    "ViewOrder": 1,
    "Name": "\u30e0\u30eb\u30de\u30f3\u30b9\u30af",
    "Phrase": "\u300c\u3042\u308c\uff1f \u3067\u3082\u2026\u2026\\n\u3000\u305d\u306e\u300e\u3075\u3047\u308b\u304f\u308a\u3093\u3052\u3093\u300f\u3055\u3093\u306f\u3001\u3069\u3053\uff1f\u300d",
    "PhraseFontSize": 2,
    "PhraseSpeed": 3,
    "IsPhraseCenter": false,
    "SpeechMCharacterId": null,
    "IsSpeakingFlags": 4,
    "FrameImage": 0,
    "VoiceFileName": "e_42003202_007",
    "BackgroundImage": "",
    "BGM": "",
    "SE": "",
    "Effect": null,
    "BackgroundEffectType": 0,
    "StandCharacters": [
      {
        "MCharacterId": 28201,
        "Position": 3,
        "Action": 0,
        "Emotion": 8,
        "FacialExpression": 1,
        "EnterAction": 0
      }
    ],
    "StillDetail": {
      "AnimationName": "",
      "AnimationSpeed": null,
      "CameraZoomRatio": null,
      "CameraPositionX": null,
      "CameraPositionY": null,
      "CameraWorkDuration": null,
      "CameraRotation": null
    }
  },
  {
    "GroupOrder": 18,
    "ViewOrder": 1,
    "Name": "\u30d5\u30a7\u30eb\u30af\u30ea\u30f3\u30b2\u30f3",
    "Phrase": "\u300c\u304e\u3083\u306f\u306f\u306f\uff01 \u30b5\u30f3\u30ad\u30e5\u30fc\u99ac\u9e7f\u3069\u3082\u3063\u3001\\n\u3000\u305b\u3044\u305c\u3044\u5fc5\u6b7b\u306b\u30a4\u30a8\u30c6\u30a3\u3092\u8db3\u6b62\u3081\u3057\u3068\u3044\u3066\u306d\uff01\\n\u3000\u4ed5\u4e8b\u3067\u3082\u306a\u3044\u306e\u306b\u3001\u3064\u307e\u308a\u91d1\u3082\u652f\u6255\u308f\u308c\u306a\u3044\u306e\u306b\u547d\u3092\u5f35\u308c\u308b\u304b\uff01\\n\u3000\u30a2\u30db\u304f\u3055\u3044\u3063\u3001\u3042\u305f\u3057\u306f\u9003\u3052\u308b\u304b\u3089\u5f8c\u306f\u3088\u308d\u3057\u304f\uff01\u300d",
    "PhraseFontSize": 2,
    "PhraseSpeed": 3,
    "IsPhraseCenter": false,
    "SpeechMCharacterId": null,
    "IsSpeakingFlags": 4,
    "FrameImage": 0,
    "VoiceFileName": "e_42003202_008",
    "BackgroundImage": "",
    "BGM": "",
    "SE": "",
    "Effect": null,
    "BackgroundEffectType": 0,
    "StandCharacters": [
      {
        "MCharacterId": 5201,
        "Position": 3,
        "Action": 0,
        "Emotion": 1,
        "FacialExpression": 2,
        "EnterAction": 1
      }
    ],
    "StillDetail": {
      "AnimationName": "",
      "AnimationSpeed": null,
      "CameraZoomRatio": null,
      "CameraPositionX": null,
      "CameraPositionY": null,
      "CameraWorkDuration": null,
      "CameraRotation": null
    }
  },
  {
    "GroupOrder": 19,
    "ViewOrder": 1,
    "Name": "",
    "Phrase": "\u9ad8\u7b11\u3044\u3057\u306a\u304c\u3089\u3001\u30d5\u30a7\u30eb\u30af\u30ea\u30f3\u30b2\u30f3\u304c\u8131\u514e\u306e\u5982\u304f\u6226\u7dda\u96e2\u8131\u3057\u3066\u3044\u304f\u3002\\n\u305d\u3093\u306a\u5f7c\u5973\u306e\u81ea\u5206\u52dd\u624b\u3059\u304e\u308b\u884c\u52d5\u3092\u898b\u3066\u3001\\n\u30e0\u30eb\u30de\u30f3\u30b9\u30af\u306f\u30b5\u30f3\u30bf\u3055\u3093\u306e\u6b63\u4f53\u3092\u77e5\u3063\u305f\u5e7c\u5b50\u306e\u3088\u3046\u306b\u5f53\u60d1\u3057\u305f\u3002",
    "PhraseFontSize": 2,
    "PhraseSpeed": 3,
    "IsPhraseCenter": false,
    "SpeechMCharacterId": null,
    "IsSpeakingFlags": 0,
    "FrameImage": 0,
    "VoiceFileName": "",
    "BackgroundImage": "",
    "BGM": "",
    "SE": "",
    "Effect": null,
    "BackgroundEffectType": 0,
    "StandCharacters": [
      {
        "MCharacterId": 5201,
        "Position": 3,
        "Action": 0,
        "Emotion": 0,
        "FacialExpression": 2,
        "EnterAction": 0
      }
    ],
    "StillDetail": {
      "AnimationName": "",
      "AnimationSpeed": null,
      "CameraZoomRatio": null,
      "CameraPositionX": null,
      "CameraPositionY": null,
      "CameraWorkDuration": null,
      "CameraRotation": null
    }
  },
  {
    "GroupOrder": 20,
    "ViewOrder": 1,
    "Name": "\u30e0\u30eb\u30de\u30f3\u30b9\u30af",
    "Phrase": "\u300c\u3048\u3063\u3001\u3042\u308c\u3063\u2026\u2026\u3046\u305d\u3060\u3088\u306d\uff1f\\n\u3000\u3069\u3053\u306b\u3044\u304f\u306e\u3001\u300e\u3075\u3047\u308b\u304f\u308a\u3093\u3052\u3093\u300f\u3055\u3093\uff1f\\n\u3000\u306a\u3093\u3067\u3001\u3048\u3063\u3068\u3001\u3069\u3046\u3044\u3046\u3053\u3068\u304b\u306a\u3041\u2015\u2015\u300d",
    "PhraseFontSize": 2,
    "PhraseSpeed": 3,
    "IsPhraseCenter": false,
    "SpeechMCharacterId": null,
    "IsSpeakingFlags": 4,
    "FrameImage": 0,
    "VoiceFileName": "e_42003202_009",
    "BackgroundImage": "",
    "BGM": "",
    "SE": "",
    "Effect": null,
    "BackgroundEffectType": 0,
    "StandCharacters": [
      {
        "MCharacterId": 28201,
        "Position": 3,
        "Action": 0,
        "Emotion": 4,
        "FacialExpression": 1,
        "EnterAction": 1
      }
    ],
    "StillDetail": {
      "AnimationName": "",
      "AnimationSpeed": null,
      "CameraZoomRatio": null,
      "CameraPositionX": null,
      "CameraPositionY": null,
      "CameraWorkDuration": null,
      "CameraRotation": null
    }
  },
  {
    "GroupOrder": 21,
    "ViewOrder": 1,
    "Name": "\u30a4\u30a8\u30c6\u30a3",
    "Phrase": "\u300c\u30e2\u30a9\u30aa\u30aa\u30aa\u30aa\u30aa\uff01\u300d",
    "PhraseFontSize": 2,
    "PhraseSpeed": 3,
    "IsPhraseCenter": false,
    "SpeechMCharacterId": null,
    "IsSpeakingFlags": 4,
    "FrameImage": 0,
    "VoiceFileName": "",
    "BackgroundImage": "",
    "BGM": "",
    "SE": "",
    "Effect": null,
    "BackgroundEffectType": 0,
    "StandCharacters": [
      {
        "MCharacterId": 122,
        "Position": 3,
        "Action": 5,
        "Emotion": 0,
        "FacialExpression": 0,
        "EnterAction": 1
      }
    ],
    "StillDetail": {
      "AnimationName": "",
      "AnimationSpeed": null,
      "CameraZoomRatio": null,
      "CameraPositionX": null,
      "CameraPositionY": null,
      "CameraWorkDuration": null,
      "CameraRotation": null
    }
  },
  {
    "GroupOrder": 22,
    "ViewOrder": 1,
    "Name": "",
    "Phrase": "\u305d\u3093\u306a\u30e0\u30eb\u30de\u30f3\u30b9\u30af\u306e\u4e00\u77ac\u306e\u9699\u3092\u7a81\u3044\u3066\u3001\\n\u30a4\u30a8\u30c6\u30a3\u304c\u5de8\u5927\u306a\u624b\u306e\u3072\u3089\u3067\u5f7c\u5973\u3092\u30d6\u30c3\u53e9\u3044\u305f\u3002\\n\u5516\u7136\u3068\u3057\u3066\u3044\u305f\u305b\u3044\u3067\u9632\u5fa1\u3082\u56de\u907f\u3082\u3067\u304d\u305a\u3001\\n\u4f53\u91cd\u306e\u8efd\u3044\u5f7c\u5973\u306f\u6d3e\u624b\u306b\u5439\u3063\u98db\u3093\u3067\u5730\u9762\u3092\u30b4\u30ed\u30b4\u30ed\u3068\u8ee2\u304c\u308b\u3002",
    "PhraseFontSize": 2,
    "PhraseSpeed": 3,
    "IsPhraseCenter": false,
    "SpeechMCharacterId": null,
    "IsSpeakingFlags": 0,
    "FrameImage": 0,
    "VoiceFileName": "",
    "BackgroundImage": "",
    "BGM": "",
    "SE": "",
    "Effect": 5,
    "BackgroundEffectType": 0,
    "StandCharacters": [
      {
        "MCharacterId": 122,
        "Position": 3,
        "Action": 0,
        "Emotion": 0,
        "FacialExpression": 0,
        "EnterAction": 0
      }
    ],
    "StillDetail": {
      "AnimationName": "",
      "AnimationSpeed": null,
      "CameraZoomRatio": null,
      "CameraPositionX": null,
      "CameraPositionY": null,
      "CameraWorkDuration": null,
      "CameraRotation": null
    }
  },
  {
    "GroupOrder": 23,
    "ViewOrder": 1,
    "Name": "\u30e0\u30eb\u30de\u30f3\u30b9\u30af",
    "Phrase": "\u300c\u2026\u2026\u2026\u2026\u300d",
    "PhraseFontSize": 2,
    "PhraseSpeed": 3,
    "IsPhraseCenter": false,
    "SpeechMCharacterId": null,
    "IsSpeakingFlags": 4,
    "FrameImage": 0,
    "VoiceFileName": "e_42003202_010",
    "BackgroundImage": "",
    "BGM": "",
    "SE": "",
    "Effect": null,
    "BackgroundEffectType": 0,
    "StandCharacters": [
      {
        "MCharacterId": 28201,
        "Position": 3,
        "Action": 0,
        "Emotion": 2,
        "FacialExpression": 7,
        "EnterAction": 1
      }
    ],
    "StillDetail": {
      "AnimationName": "",
      "AnimationSpeed": null,
      "CameraZoomRatio": null,
      "CameraPositionX": null,
      "CameraPositionY": null,
      "CameraWorkDuration": null,
      "CameraRotation": null
    }
  },
  {
    "GroupOrder": 24,
    "ViewOrder": 1,
    "Name": "",
    "Phrase": "\u5931\u795e\u3057\u305f\u3089\u3057\u304f\u3001\u30e0\u30eb\u30de\u30f3\u30b9\u30af\u306f\u305d\u306e\u307e\u307e\u52d5\u304b\u306a\u304f\u306a\u308b\u3002\\n\u3053\u3061\u3089\u306f\u5f15\u3063\u7e70\u308a\u8fd4\u3063\u305f\u99ac\u8eca\u304b\u3089\u3069\u3046\u306b\u304b\u9019\u3044\u3060\u3057\u3066\u3001\\n\u305d\u3093\u306a\u5f7c\u5973\u306e\u540d\u3092\u4f55\u5ea6\u3082\u547c\u3093\u3060\u3002",
    "PhraseFontSize": 2,
    "PhraseSpeed": 3,
    "IsPhraseCenter": false,
    "SpeechMCharacterId": null,
    "IsSpeakingFlags": 0,
    "FrameImage": 0,
    "VoiceFileName": "",
    "BackgroundImage": "",
    "BGM": "",
    "SE": "",
    "Effect": null,
    "BackgroundEffectType": 0,
    "StandCharacters": [
      {
        "MCharacterId": 28201,
        "Position": 3,
        "Action": 0,
        "Emotion": 0,
        "FacialExpression": 7,
        "EnterAction": 0
      }
    ],
    "StillDetail": {
      "AnimationName": "",
      "AnimationSpeed": null,
      "CameraZoomRatio": null,
      "CameraPositionX": null,
      "CameraPositionY": null,
      "CameraWorkDuration": null,
      "CameraRotation": null
    }
  },
  {
    "GroupOrder": 25,
    "ViewOrder": 1,
    "Name": "\u30d5\u30a7\u30eb\u30af\u30ea\u30f3\u30b2\u30f3",
    "Phrase": "\u300c\u3046\u308f\u3063\u3001\u75db\u305d\u3046\u2026\u2026\u53ef\u54c0\u60f3\u306b\u306d\u3002\\n\u3000\u307e\u3041\u3001\u3042\u305f\u3057\u306b\u306f\u95a2\u4fc2\u306a\u3044\u3051\u3069\u2015\u2015\u300d",
    "PhraseFontSize": 2,
    "PhraseSpeed": 3,
    "IsPhraseCenter": false,
    "SpeechMCharacterId": null,
    "IsSpeakingFlags": 4,
    "FrameImage": 0,
    "VoiceFileName": "e_42003202_011",
    "BackgroundImage": "",
    "BGM": "",
    "SE": "",
    "Effect": null,
    "BackgroundEffectType": 0,
    "StandCharacters": [
      {
        "MCharacterId": 5201,
        "Position": 3,
        "Action": 0,
        "Emotion": 2,
        "FacialExpression": 4,
        "EnterAction": 1
      }
    ],
    "StillDetail": {
      "AnimationName": "",
      "AnimationSpeed": null,
      "CameraZoomRatio": null,
      "CameraPositionX": null,
      "CameraPositionY": null,
      "CameraWorkDuration": null,
      "CameraRotation": null
    }
  },
  {
    "GroupOrder": 26,
    "ViewOrder": 1,
    "Name": "",
    "Phrase": "\u3055\u3059\u304c\u306b\u591a\u5c11\u306f\u826f\u5fc3\u304c\u548e\u3081\u305f\u3089\u3057\u3044\u30d5\u30a7\u30eb\u30af\u30ea\u30f3\u30b2\u30f3\u304c\u3001\\n\u3053\u3061\u3089\u3092\u632f\u308a\u8fd4\u3063\u3066\u9752\u3056\u3081\u308b\u3002\\n\u305d\u3093\u306a\u5f7c\u5973\u306b\u5929\u7f70\u3092\u4e0b\u3055\u3093\u3068\u3059\u308b\u304b\u306e\u3088\u3046\u306b\u3001\\n\u3059\u3079\u3066\u306e\u30a4\u30a8\u30c6\u30a3\u304c\u7a81\u9032\u3057\u3066\u884c\u3063\u305f\u3002",
    "PhraseFontSize": 2,
    "PhraseSpeed": 3,
    "IsPhraseCenter": false,
    "SpeechMCharacterId": null,
    "IsSpeakingFlags": 0,
    "FrameImage": 0,
    "VoiceFileName": "",
    "BackgroundImage": "",
    "BGM": "",
    "SE": "",
    "Effect": null,
    "BackgroundEffectType": 0,
    "StandCharacters": [
      {
        "MCharacterId": 122,
        "Position": 2,
        "Action": 1,
        "Emotion": 0,
        "FacialExpression": 0,
        "EnterAction": 1
      },
      {
        "MCharacterId": 127,
        "Position": 4,
        "Action": 1,
        "Emotion": 0,
        "FacialExpression": 0,
        "EnterAction": 1
      }
    ],
    "StillDetail": {
      "AnimationName": "",
      "AnimationSpeed": null,
      "CameraZoomRatio": null,
      "CameraPositionX": null,
      "CameraPositionY": null,
      "CameraWorkDuration": null,
      "CameraRotation": null
    }
  },
  {
    "GroupOrder": 27,
    "ViewOrder": 1,
    "Name": "\u30d5\u30a7\u30eb\u30af\u30ea\u30f3\u30b2\u30f3",
    "Phrase": "\u300c\u3048\u3048\u3063\uff1f \u3061\u3087\u3063\u3001\u3053\u3063\u3061\u6765\u3093\u306a\uff01\\n\u3000\u4f55\u3067\u3042\u305f\u3057\u3092\u72d9\u3046\u306e\u3088\u3063\u3001\\n\u3000\u304a\u8179\u304c\u7a7a\u3044\u3066\u308b\u306a\u3089\u8eca\u638c\u3068\u304b\u3092\u98df\u3079\u308c\u3070\u3041\uff01\uff1f\u300d",
    "PhraseFontSize": 2,
    "PhraseSpeed": 3,
    "IsPhraseCenter": false,
    "SpeechMCharacterId": null,
    "IsSpeakingFlags": 4,
    "FrameImage": 0,
    "VoiceFileName": "e_42003202_012",
    "BackgroundImage": "",
    "BGM": "",
    "SE": "",
    "Effect": null,
    "BackgroundEffectType": 0,
    "StandCharacters": [
      {
        "MCharacterId": 5201,
        "Position": 3,
        "Action": 0,
        "Emotion": 5,
        "FacialExpression": 1,
        "EnterAction": 1
      }
    ],
    "StillDetail": {
      "AnimationName": "",
      "AnimationSpeed": null,
      "CameraZoomRatio": null,
      "CameraPositionX": null,
      "CameraPositionY": null,
      "CameraWorkDuration": null,
      "CameraRotation": null
    }
  },
  {
    "GroupOrder": 28,
    "ViewOrder": 1,
    "Name": "",
    "Phrase": "\u3061\u3087\u3063\u3068\u3069\u3046\u304b\u3068\u601d\u3046\u3088\u3046\u306a\u767a\u8a00\u3092\u3057\u306a\u304c\u3089\u3001\\n\u30d5\u30a7\u30eb\u30af\u30ea\u30f3\u30b2\u30f3\u304c\u8eab\u306b\u632f\u308b\u706b\u306e\u7c89\u3092\u6255\u3046\u305f\u3081\u306b\u683c\u95d8\u306e\u69cb\u3048\u3092\u53d6\u308b\u3002\\n\u3060\u304c\u3001\u3053\u3061\u3089\u306f\u305d\u3093\u306a\u5f7c\u5973\u306e\u6226\u3044\u306e\u884c\u304f\u672b\u3092\u898b\u5b88\u308b\u3053\u3068\u3082\u3067\u304d\u306a\u304b\u3063\u305f\u3002",
    "PhraseFontSize": 2,
    "PhraseSpeed": 3,
    "IsPhraseCenter": false,
    "SpeechMCharacterId": null,
    "IsSpeakingFlags": 0,
    "FrameImage": 0,
    "VoiceFileName": "",
    "BackgroundImage": "",
    "BGM": "",
    "SE": "",
    "Effect": null,
    "BackgroundEffectType": 0,
    "StandCharacters": [
      {
        "MCharacterId": 5201,
        "Position": 3,
        "Action": 1,
        "Emotion": 0,
        "FacialExpression": 3,
        "EnterAction": 0
      }
    ],
    "StillDetail": {
      "AnimationName": "",
      "AnimationSpeed": null,
      "CameraZoomRatio": null,
      "CameraPositionX": null,
      "CameraPositionY": null,
      "CameraWorkDuration": null,
      "CameraRotation": null
    }
  },
  {
    "GroupOrder": 29,
    "ViewOrder": 1,
    "Name": "\u30a4\u30a8\u30c6\u30a3",
    "Phrase": "\u300c\u30e2\u30a9\u30a9\u30aa\u30aa\u30aa\u30aa\u2015\u2015\u300d",
    "PhraseFontSize": 2,
    "PhraseSpeed": 3,
    "IsPhraseCenter": false,
    "SpeechMCharacterId": null,
    "IsSpeakingFlags": 4,
    "FrameImage": 1,
    "VoiceFileName": "",
    "BackgroundImage": "",
    "BGM": "",
    "SE": "",
    "Effect": 5,
    "BackgroundEffectType": 0,
    "StandCharacters": [
      {
        "MCharacterId": 122,
        "Position": 3,
        "Action": 7,
        "Emotion": 0,
        "FacialExpression": 0,
        "EnterAction": 0
      }
    ],
    "StillDetail": {
      "AnimationName": "",
      "AnimationSpeed": null,
      "CameraZoomRatio": null,
      "CameraPositionX": null,
      "CameraPositionY": null,
      "CameraWorkDuration": null,
      "CameraRotation": null
    }
  },
  {
    "GroupOrder": 30,
    "ViewOrder": 1,
    "Name": "",
    "Phrase": "\u4e0d\u6c17\u5473\u306a\u9cf4\u304d\u58f0\u3092\u3042\u3052\u306a\u304c\u3089\u3001\u4e00\u5339\u306e\u30a4\u30a8\u30c6\u30a3\u304c\u6b69\u307f\u5bc4\u3063\u3066\u304d\u3066\u3001\\n\u3053\u3061\u3089\u306e\u9854\u9762\u3092\u305d\u306e\u5de8\u5927\u306a\u624b\u306e\u3072\u3089\u3067\u5305\u3080\u3088\u3046\u306b\u63e1\u3063\u305f\u3002\\n\u8996\u754c\u304c\u95c7\u3067\u9589\u3056\u3055\u308c\u3001\u982d\u90e8\u3092\u7de0\u3081\u3042\u3052\u3089\u308c\u3066\u5446\u6c17\u306a\u304f\u610f\u8b58\u304c\u843d\u3061\u305f\u3002",
    "PhraseFontSize": 2,
    "PhraseSpeed": 3,
    "IsPhraseCenter": false,
    "SpeechMCharacterId": null,
    "IsSpeakingFlags": 0,
    "FrameImage": 0,
    "VoiceFileName": "",
    "BackgroundImage": "",
    "BGM": "",
    "SE": "",
    "Effect": null,
    "BackgroundEffectType": 0,
    "StandCharacters": [
      {
        "MCharacterId": 122,
        "Position": 3,
        "Action": 5,
        "Emotion": 0,
        "FacialExpression": 0,
        "EnterAction": 0
      }
    ],
    "StillDetail": {
      "AnimationName": "",
      "AnimationSpeed": null,
      "CameraZoomRatio": null,
      "CameraPositionX": null,
      "CameraPositionY": null,
      "CameraWorkDuration": null,
      "CameraRotation": null
    }
  }
]