﻿[
  {
    "GroupOrder": 1,
    "ViewOrder": 1,
    "Name": "\u6c37\u306e\u5973\u795e\u50cf",
    "Phrase": "\u300c\u30f4\u30a1\u30a2\u30a2\u30a2\u30a2\u30a2\u30a2\u30a2\uff01\u300d",
    "PhraseFontSize": 3,
    "PhraseSpeed": 3,
    "IsPhraseCenter": true,
    "SpeechMCharacterId": null,
    "IsSpeakingFlags": 4,
    "FrameImage": 1,
    "VoiceFileName": "",
    "BackgroundImage": "106904",
    "BGM": "adv_01",
    "SE": "",
    "Effect": null,
    "BackgroundEffectType": 0,
    "StandCharacters": [
      {
        "MCharacterId": 122,
        "Position": 3,
        "Action": 0,
        "Emotion": 0,
        "FacialExpression": 0,
        "EnterAction": 1
      }
    ],
    "StillDetail": {
      "AnimationName": "",
      "AnimationSpeed": null,
      "CameraZoomRatio": null,
      "CameraPositionX": null,
      "CameraPositionY": null,
      "CameraWorkDuration": null,
      "CameraRotation": null
    }
  },
  {
    "GroupOrder": 2,
    "ViewOrder": 1,
    "Name": "",
    "Phrase": "\u30d5\u30a7\u30eb\u30af\u30ea\u30f3\u30b2\u30f3\u304c\u52c7\u307e\u3057\u304f\u6b69\u3092\u8e0f\u307f\u51fa\u3059\u3068\u540c\u6642\u306b\u3001\\n\u6c37\u306e\u5973\u795e\u50cf\u304c\u5f7c\u5973\u306e\u9593\u8fd1\u306b\u77ac\u9593\u79fb\u52d5\u3057\u3066\u3044\u305f\u3002",
    "PhraseFontSize": 2,
    "PhraseSpeed": 3,
    "IsPhraseCenter": false,
    "SpeechMCharacterId": null,
    "IsSpeakingFlags": 0,
    "FrameImage": 0,
    "VoiceFileName": "",
    "BackgroundImage": "",
    "BGM": "",
    "SE": "",
    "Effect": null,
    "BackgroundEffectType": 0,
    "StandCharacters": [],
    "StillDetail": {
      "AnimationName": "",
      "AnimationSpeed": null,
      "CameraZoomRatio": null,
      "CameraPositionX": null,
      "CameraPositionY": null,
      "CameraWorkDuration": null,
      "CameraRotation": null
    }
  },
  {
    "GroupOrder": 3,
    "ViewOrder": 1,
    "Name": "",
    "Phrase": "\u30a4\u30a8\u30c6\u30a3\u3082\u920d\u91cd\u305d\u3046\u306a\u898b\u305f\u76ee\u306b\u53cd\u3057\u305f\u9ad8\u901f\u79fb\u52d5\u3092\u3057\u3066\u3044\u305f\u304c\u3001\\n\u305d\u308c\u4ee5\u4e0a\u3060\u2015\u2015\u6050\u3089\u304f\u306f\u3001\\n\u6469\u64e6\u4fc2\u6570\u304c\u307b\u307c\u96f6\u306e\u6c37\u9762\u3092\u6ed1\u3063\u3066\u75be\u8d70\u3057\u3066\u304d\u305f\u306e\u3060\u3002",
    "PhraseFontSize": 2,
    "PhraseSpeed": 3,
    "IsPhraseCenter": false,
    "SpeechMCharacterId": null,
    "IsSpeakingFlags": 0,
    "FrameImage": 0,
    "VoiceFileName": "",
    "BackgroundImage": "",
    "BGM": "",
    "SE": "",
    "Effect": 5,
    "BackgroundEffectType": 0,
    "StandCharacters": [
      {
        "MCharacterId": 122,
        "Position": 3,
        "Action": 7,
        "Emotion": 0,
        "FacialExpression": 0,
        "EnterAction": 0
      }
    ],
    "StillDetail": {
      "AnimationName": "",
      "AnimationSpeed": null,
      "CameraZoomRatio": null,
      "CameraPositionX": null,
      "CameraPositionY": null,
      "CameraWorkDuration": null,
      "CameraRotation": null
    }
  },
  {
    "GroupOrder": 4,
    "ViewOrder": 1,
    "Name": "\u30d5\u30a7\u30eb\u30af\u30ea\u30f3\u30b2\u30f3",
    "Phrase": "\u300c\u2015\u2015\u2015\u2015\u300d",
    "PhraseFontSize": 2,
    "PhraseSpeed": 3,
    "IsPhraseCenter": false,
    "SpeechMCharacterId": null,
    "IsSpeakingFlags": 4,
    "FrameImage": 0,
    "VoiceFileName": "e_42003210_001",
    "BackgroundImage": "",
    "BGM": "",
    "SE": "",
    "Effect": null,
    "BackgroundEffectType": 0,
    "StandCharacters": [
      {
        "MCharacterId": 5201,
        "Position": 3,
        "Action": 0,
        "Emotion": 4,
        "FacialExpression": 1,
        "EnterAction": 1
      }
    ],
    "StillDetail": {
      "AnimationName": "",
      "AnimationSpeed": null,
      "CameraZoomRatio": null,
      "CameraPositionX": null,
      "CameraPositionY": null,
      "CameraWorkDuration": null,
      "CameraRotation": null
    }
  },
  {
    "GroupOrder": 5,
    "ViewOrder": 1,
    "Name": "\u6c37\u306e\u5973\u795e\u50cf",
    "Phrase": "\u300c\u30f4\u30a1\u30a2\u30a2\u30a2\u30a2\uff01\u300d",
    "PhraseFontSize": 2,
    "PhraseSpeed": 3,
    "IsPhraseCenter": false,
    "SpeechMCharacterId": null,
    "IsSpeakingFlags": 4,
    "FrameImage": 1,
    "VoiceFileName": "",
    "BackgroundImage": "",
    "BGM": "",
    "SE": "thrust_01",
    "Effect": null,
    "BackgroundEffectType": 0,
    "StandCharacters": [
      {
        "MCharacterId": 122,
        "Position": 3,
        "Action": 0,
        "Emotion": 0,
        "FacialExpression": 0,
        "EnterAction": 0
      }
    ],
    "StillDetail": {
      "AnimationName": "",
      "AnimationSpeed": null,
      "CameraZoomRatio": null,
      "CameraPositionX": null,
      "CameraPositionY": null,
      "CameraWorkDuration": null,
      "CameraRotation": null
    }
  },
  {
    "GroupOrder": 6,
    "ViewOrder": 1,
    "Name": "",
    "Phrase": "\u8b66\u53e5\u3092\u767a\u3059\u308b\u6687\u3082\u306a\u3044\u3002\\n\u6c37\u306e\u5973\u795e\u50cf\u304c\u8033\u969c\u308a\u306a\u6012\u53f7\u3092\u767a\u3057\u3001\\n\u80cc\u4e2d\u304b\u3089\u5c16\u3063\u305f\u6c37\u67f1\u3092\u4f38\u3070\u3057\u3066\u30d5\u30a7\u30eb\u30af\u30ea\u30f3\u30b2\u30f3\u306e\u5168\u8eab\u3092\u4e32\u523a\u3057\u306b\u3057\u305f\u3002\\n\u8840\u3057\u3076\u304d\u304c\u98db\u3073\u6563\u3063\u3066\u3001\u3053\u3061\u3089\u306e\u9854\u9762\u3059\u3089\u3082\u71b1\u304f\u6fe1\u3089\u3057\u305f\u3002",
    "PhraseFontSize": 2,
    "PhraseSpeed": 3,
    "IsPhraseCenter": false,
    "SpeechMCharacterId": null,
    "IsSpeakingFlags": 0,
    "FrameImage": 0,
    "VoiceFileName": "",
    "BackgroundImage": "",
    "BGM": "",
    "SE": "",
    "Effect": null,
    "BackgroundEffectType": 0,
    "StandCharacters": [
      {
        "MCharacterId": 5201,
        "Position": 3,
        "Action": 0,
        "Emotion": 0,
        "FacialExpression": 1,
        "EnterAction": 1
      }
    ],
    "StillDetail": {
      "AnimationName": "",
      "AnimationSpeed": null,
      "CameraZoomRatio": null,
      "CameraPositionX": null,
      "CameraPositionY": null,
      "CameraWorkDuration": null,
      "CameraRotation": null
    }
  },
  {
    "GroupOrder": 7,
    "ViewOrder": 1,
    "Name": "",
    "Phrase": "\u2015\u2015\u30d5\u30a7\u30eb\u30af\u30ea\u30f3\u30b2\u30f3\uff01\uff1f",
    "PhraseFontSize": 2,
    "PhraseSpeed": 3,
    "IsPhraseCenter": false,
    "SpeechMCharacterId": null,
    "IsSpeakingFlags": 0,
    "FrameImage": 0,
    "VoiceFileName": "",
    "BackgroundImage": "",
    "BGM": "",
    "SE": "",
    "Effect": null,
    "BackgroundEffectType": 0,
    "StandCharacters": [
      {
        "MCharacterId": 5201,
        "Position": 3,
        "Action": 3,
        "Emotion": 0,
        "FacialExpression": 4,
        "EnterAction": 0
      }
    ],
    "StillDetail": {
      "AnimationName": "",
      "AnimationSpeed": null,
      "CameraZoomRatio": null,
      "CameraPositionX": null,
      "CameraPositionY": null,
      "CameraWorkDuration": null,
      "CameraRotation": null
    }
  },
  {
    "GroupOrder": 8,
    "ViewOrder": 1,
    "Name": "\u30d5\u30a7\u30eb\u30af\u30ea\u30f3\u30b2\u30f3",
    "Phrase": "\u300c\u3042\uff5e\u3042\u2026\u2026\u3002\u3042\u305f\u3057\u3001\u307b\u3093\u3068\u306b\u4f55\u3084\u3063\u3066\u3093\u3060\u304b\u300d",
    "PhraseFontSize": 2,
    "PhraseSpeed": 3,
    "IsPhraseCenter": false,
    "SpeechMCharacterId": null,
    "IsSpeakingFlags": 4,
    "FrameImage": 0,
    "VoiceFileName": "e_42003210_002",
    "BackgroundImage": "",
    "BGM": "",
    "SE": "",
    "Effect": null,
    "BackgroundEffectType": 0,
    "StandCharacters": [
      {
        "MCharacterId": 5201,
        "Position": 3,
        "Action": 0,
        "Emotion": 2,
        "FacialExpression": 4,
        "EnterAction": 0
      }
    ],
    "StillDetail": {
      "AnimationName": "",
      "AnimationSpeed": null,
      "CameraZoomRatio": null,
      "CameraPositionX": null,
      "CameraPositionY": null,
      "CameraWorkDuration": null,
      "CameraRotation": null
    }
  },
  {
    "GroupOrder": 9,
    "ViewOrder": 1,
    "Name": "",
    "Phrase": "\u6c37\u67f1\u3067\u8cab\u304b\u308c\u305f\u307e\u307e\u3001\u30d5\u30a7\u30eb\u30af\u30ea\u30f3\u30b2\u30f3\u304c\u8ff7\u5b50\u307f\u305f\u3044\u306a\u6d99\u58f0\u3067\u307c\u3084\u3044\u305f\u3002",
    "PhraseFontSize": 2,
    "PhraseSpeed": 3,
    "IsPhraseCenter": false,
    "SpeechMCharacterId": null,
    "IsSpeakingFlags": 0,
    "FrameImage": 0,
    "VoiceFileName": "",
    "BackgroundImage": "",
    "BGM": "",
    "SE": "",
    "Effect": null,
    "BackgroundEffectType": 0,
    "StandCharacters": [
      {
        "MCharacterId": 5201,
        "Position": 3,
        "Action": 0,
        "Emotion": 0,
        "FacialExpression": 4,
        "EnterAction": 0
      }
    ],
    "StillDetail": {
      "AnimationName": "",
      "AnimationSpeed": null,
      "CameraZoomRatio": null,
      "CameraPositionX": null,
      "CameraPositionY": null,
      "CameraWorkDuration": null,
      "CameraRotation": null
    }
  },
  {
    "GroupOrder": 10,
    "ViewOrder": 1,
    "Name": "\u30d5\u30a7\u30eb\u30af\u30ea\u30f3\u30b2\u30f3",
    "Phrase": "\u300c\u3079\u3064\u306b\u7d66\u6599\u3082\u3001\u7279\u5225\u624b\u5f53\u3066\u3082\u51fa\u306a\u3044\u3093\u3060\u308d\u3046\u306b\u3002\\n\u3000\u6226\u3063\u3066\u3082\u75b2\u308c\u308b\u3060\u3051\u3067\u3001\u75db\u3044\u3057\u9762\u5012\u3060\u3057\u99ac\u9e7f\u99ac\u9e7f\u3057\u3044\u3057\u2026\u2026\u3002\\n\u3000\u3042\u305f\u3057\u306b\u306f\u4f55\u306e\u5f97\u3082\u306a\u3044\u3093\u3060\u304b\u3089\u3001\u3044\u3064\u3082\u306e\u3088\u3046\u306b\u9003\u3052\u308a\u3083\u3042\u3044\u3044\u306e\u306b\u306d\u300d",
    "PhraseFontSize": 2,
    "PhraseSpeed": 3,
    "IsPhraseCenter": false,
    "SpeechMCharacterId": null,
    "IsSpeakingFlags": 4,
    "FrameImage": 0,
    "VoiceFileName": "e_42003210_003",
    "BackgroundImage": "",
    "BGM": "",
    "SE": "",
    "Effect": null,
    "BackgroundEffectType": 0,
    "StandCharacters": [
      {
        "MCharacterId": 5201,
        "Position": 3,
        "Action": 0,
        "Emotion": 0,
        "FacialExpression": 7,
        "EnterAction": 0
      }
    ],
    "StillDetail": {
      "AnimationName": "",
      "AnimationSpeed": null,
      "CameraZoomRatio": null,
      "CameraPositionX": null,
      "CameraPositionY": null,
      "CameraWorkDuration": null,
      "CameraRotation": null
    }
  },
  {
    "GroupOrder": 11,
    "ViewOrder": 1,
    "Name": "",
    "Phrase": "\u5168\u8eab\u3092\u8840\u3067\u8d64\u304f\u67d3\u3081\u306a\u304c\u3089\u3001\\n\u30d5\u30a7\u30eb\u30af\u30ea\u30f3\u30b2\u30f3\u306f\u30d4\u30af\u30d4\u30af\u3068\u9707\u3048\u308b\u4e21\u8155\u3092\u5e83\u3052\u305f\u3002\\n\u3069\u3046\u898b\u3066\u3082\u81f4\u547d\u50b7\u3092\u8ca0\u3063\u3066\u3044\u308b\u306e\u306b\u2015\u2015\\n\u305d\u306e\u58f0\u306f\u3001\u5c0f\u63fa\u308b\u304e\u3082\u3057\u3066\u3044\u306a\u3044\u3002",
    "PhraseFontSize": 2,
    "PhraseSpeed": 3,
    "IsPhraseCenter": false,
    "SpeechMCharacterId": null,
    "IsSpeakingFlags": 0,
    "FrameImage": 0,
    "VoiceFileName": "",
    "BackgroundImage": "",
    "BGM": "",
    "SE": "",
    "Effect": null,
    "BackgroundEffectType": 0,
    "StandCharacters": [
      {
        "MCharacterId": 5201,
        "Position": 3,
        "Action": 7,
        "Emotion": 0,
        "FacialExpression": 0,
        "EnterAction": 0
      }
    ],
    "StillDetail": {
      "AnimationName": "",
      "AnimationSpeed": null,
      "CameraZoomRatio": null,
      "CameraPositionX": null,
      "CameraPositionY": null,
      "CameraWorkDuration": null,
      "CameraRotation": null
    }
  },
  {
    "GroupOrder": 12,
    "ViewOrder": 1,
    "Name": "\u30d5\u30a7\u30eb\u30af\u30ea\u30f3\u30b2\u30f3",
    "Phrase": "\u300c\u3064\u3045\u304b\u307e\u3041\u3048\u305f\u3041\u3042\u2026\u2026\u3002\\n\u3000\u304a\u697d\u3057\u307f\u306e\u6642\u9593\u306f\u7d42\u308f\u308a\u3088\u3001\u30af\u30bd\u73a9\u5177\u300d",
    "PhraseFontSize": 2,
    "PhraseSpeed": 3,
    "IsPhraseCenter": false,
    "SpeechMCharacterId": null,
    "IsSpeakingFlags": 4,
    "FrameImage": 0,
    "VoiceFileName": "e_42003210_004",
    "BackgroundImage": "",
    "BGM": "",
    "SE": "",
    "Effect": null,
    "BackgroundEffectType": 0,
    "StandCharacters": [
      {
        "MCharacterId": 5201,
        "Position": 3,
        "Action": 0,
        "Emotion": 0,
        "FacialExpression": 8,
        "EnterAction": 0
      }
    ],
    "StillDetail": {
      "AnimationName": "",
      "AnimationSpeed": null,
      "CameraZoomRatio": null,
      "CameraPositionX": null,
      "CameraPositionY": null,
      "CameraWorkDuration": null,
      "CameraRotation": null
    }
  },
  {
    "GroupOrder": 13,
    "ViewOrder": 1,
    "Name": "",
    "Phrase": "\u305d\u306e\u307e\u307e\u30d5\u30a7\u30eb\u30af\u30ea\u30f3\u30b2\u30f3\u306f\u3001\\n\u307e\u308b\u3067\u62b1\u64c1\u3059\u308b\u307f\u305f\u3044\u306b\u6c37\u306e\u5973\u795e\u50cf\u306e\u80cc\u4e2d\u306b\u624b\u3092\u56de\u3059\u3002\\n\u5f7c\u5973\u306e\u50b7\u304c\u300e\u65e7\u304d\u5049\u5927\u306a\u308b\u8840\u300f\u306b\u3088\u308a\u77ac\u6642\u306b\u518d\u751f\u3057\u2015\u2015\\n\u305d\u306e\u5168\u8eab\u3092\u523a\u3057\u8cab\u3044\u305f\u6c37\u67f1\u3068\u534a\u3070\u7652\u7740\u3057\u3066\u3001\u6575\u3092\u305d\u306e\u5834\u306b\u56fa\u5b9a\u3059\u308b\u3002",
    "PhraseFontSize": 2,
    "PhraseSpeed": 3,
    "IsPhraseCenter": false,
    "SpeechMCharacterId": null,
    "IsSpeakingFlags": 0,
    "FrameImage": 0,
    "VoiceFileName": "",
    "BackgroundImage": "",
    "BGM": "",
    "SE": "",
    "Effect": null,
    "BackgroundEffectType": 0,
    "StandCharacters": [
      {
        "MCharacterId": 5201,
        "Position": 3,
        "Action": 0,
        "Emotion": 0,
        "FacialExpression": 8,
        "EnterAction": 0
      }
    ],
    "StillDetail": {
      "AnimationName": "",
      "AnimationSpeed": null,
      "CameraZoomRatio": null,
      "CameraPositionX": null,
      "CameraPositionY": null,
      "CameraWorkDuration": null,
      "CameraRotation": null
    }
  },
  {
    "GroupOrder": 14,
    "ViewOrder": 1,
    "Name": "\u30d5\u30a7\u30eb\u30af\u30ea\u30f3\u30b2\u30f3",
    "Phrase": "\u300c\u304e\u3083\u306f\u306f\u306f\u306f\u2026\u2026\u266a\\n\u3000\u99ac\u9e7f\u306d\u3047\u3001\u52dd\u3063\u305f\u3068\u601d\u3063\u305f\uff1f\u3000\u3042\u305f\u3057\u3092\u6bba\u305b\u305f\u3063\u3066\uff1f\\n\u3000\u90aa\u9b54\u8005\u306f\u6392\u9664\u3067\u304d\u305f\u304b\u3089\u3001\u5f8c\u306f\u81ea\u5206\u597d\u307f\u306e\u5b50\u4f9b\u3092\u751f\u7523\u3059\u308b\u3060\u3051\u3060\u3063\u3066\uff1f\u300d",
    "PhraseFontSize": 2,
    "PhraseSpeed": 3,
    "IsPhraseCenter": false,
    "SpeechMCharacterId": null,
    "IsSpeakingFlags": 4,
    "FrameImage": 0,
    "VoiceFileName": "e_42003210_005",
    "BackgroundImage": "",
    "BGM": "",
    "SE": "",
    "Effect": null,
    "BackgroundEffectType": 0,
    "StandCharacters": [
      {
        "MCharacterId": 5201,
        "Position": 3,
        "Action": 0,
        "Emotion": 1,
        "FacialExpression": 8,
        "EnterAction": 0
      }
    ],
    "StillDetail": {
      "AnimationName": "",
      "AnimationSpeed": null,
      "CameraZoomRatio": null,
      "CameraPositionX": null,
      "CameraPositionY": null,
      "CameraWorkDuration": null,
      "CameraRotation": null
    }
  },
  {
    "GroupOrder": 15,
    "ViewOrder": 1,
    "Name": "\u30d5\u30a7\u30eb\u30af\u30ea\u30f3\u30b2\u30f3",
    "Phrase": "\u300c\u3054\u3081\uff5e\u3093\u3002\u6b8b\u5ff5\u306d\u3047\u3001\u3042\u3093\u305f\u306e\u671b\u307f\u306f\u53f6\u308f\u306a\u3044\u308f\u3002\\n\u3000\u3060\u3063\u3066\u3001\u3042\u305f\u3057\u306f\u6b7b\u306a\u306a\u3044\u3082\u3093\u2015\u2015\\n\u3000\u3042\u3093\u305f\u307f\u305f\u3044\u306a\u96d1\u9b5a\u3054\u3068\u304d\u306b\u3001\u3053\u306e\u3042\u305f\u3057\u304c\u6bba\u3055\u308c\u3066\u582a\u308b\u3082\u3093\u304b\u300d",
    "PhraseFontSize": 2,
    "PhraseSpeed": 3,
    "IsPhraseCenter": false,
    "SpeechMCharacterId": null,
    "IsSpeakingFlags": 4,
    "FrameImage": 0,
    "VoiceFileName": "e_42003210_006",
    "BackgroundImage": "",
    "BGM": "",
    "SE": "",
    "Effect": null,
    "BackgroundEffectType": 0,
    "StandCharacters": [
      {
        "MCharacterId": 5201,
        "Position": 3,
        "Action": 0,
        "Emotion": 0,
        "FacialExpression": 8,
        "EnterAction": 0
      }
    ],
    "StillDetail": {
      "AnimationName": "",
      "AnimationSpeed": null,
      "CameraZoomRatio": null,
      "CameraPositionX": null,
      "CameraPositionY": null,
      "CameraWorkDuration": null,
      "CameraRotation": null
    }
  },
  {
    "GroupOrder": 16,
    "ViewOrder": 1,
    "Name": "\u30d5\u30a7\u30eb\u30af\u30ea\u30f3\u30b2\u30f3",
    "Phrase": "\u300c\u3042\u305f\u3057\u306f\u307e\u3060\u3001\u5b50\u4f9b\u306e\u3053\u308d\u306b\u5922\u898b\u305f\u307f\u305f\u3044\u306b\u5e78\u305b\u306b\u306a\u308c\u3066\u306a\u3044\u3093\u3060\u304b\u3089\u3002\\n\u3000\u307e\u3060\u307e\u3060\u3001\u6b7b\u3093\u3067\u3082\u6b7b\u306b\u304d\u308c\u306a\u3044\u3093\u3060\u304b\u3089\u2015\u2015\\n\u3000\u3046\u3063\u304b\u308a\u8cb4\u65cf\u306e\u30af\u30bd\u5973\u3068\u7d50\u5a5a\u3057\u305f\u6319\u3052\u53e5\u306b\u3001\\n\u3000\u307f\u3093\u306a\u304b\u3089\u5632\u7b11\u308f\u308c\u306a\u304c\u3089\u72ac\u6b7b\u306b\u3057\u305f\u30d1\u30d1\u307f\u305f\u3044\u306b\u306f\u306a\u3089\u306a\u3044\u308f\u300d",
    "PhraseFontSize": 2,
    "PhraseSpeed": 3,
    "IsPhraseCenter": false,
    "SpeechMCharacterId": null,
    "IsSpeakingFlags": 4,
    "FrameImage": 0,
    "VoiceFileName": "e_42003210_007",
    "BackgroundImage": "",
    "BGM": "",
    "SE": "",
    "Effect": null,
    "BackgroundEffectType": 0,
    "StandCharacters": [
      {
        "MCharacterId": 5201,
        "Position": 3,
        "Action": 0,
        "Emotion": 0,
        "FacialExpression": 3,
        "EnterAction": 0
      }
    ],
    "StillDetail": {
      "AnimationName": "",
      "AnimationSpeed": null,
      "CameraZoomRatio": null,
      "CameraPositionX": null,
      "CameraPositionY": null,
      "CameraWorkDuration": null,
      "CameraRotation": null
    }
  },
  {
    "GroupOrder": 17,
    "ViewOrder": 1,
    "Name": "\u30d5\u30a7\u30eb\u30af\u30ea\u30f3\u30b2\u30f3",
    "Phrase": "\u300c\u305d\u3057\u3066\u3002\u3042\u305f\u3057\u306f\u306d\u3047\u3001\u7d76\u5bfe\u306b\u7d76\u5bfe\u306b\u7d76\u5bfe\u306b\u2026\u2026\u300d",
    "PhraseFontSize": 2,
    "PhraseSpeed": 3,
    "IsPhraseCenter": false,
    "SpeechMCharacterId": null,
    "IsSpeakingFlags": 4,
    "FrameImage": 0,
    "VoiceFileName": "e_42003210_008",
    "BackgroundImage": "",
    "BGM": "",
    "SE": "",
    "Effect": null,
    "BackgroundEffectType": 0,
    "StandCharacters": [
      {
        "MCharacterId": 5201,
        "Position": 3,
        "Action": 0,
        "Emotion": 0,
        "FacialExpression": 7,
        "EnterAction": 0
      }
    ],
    "StillDetail": {
      "AnimationName": "",
      "AnimationSpeed": null,
      "CameraZoomRatio": null,
      "CameraPositionX": null,
      "CameraPositionY": null,
      "CameraWorkDuration": null,
      "CameraRotation": null
    }
  },
  {
    "GroupOrder": 18,
    "ViewOrder": 1,
    "Name": "\u30d5\u30a7\u30eb\u30af\u30ea\u30f3\u30b2\u30f3",
    "Phrase": "\u300c\u2015\u2015\u3082\u3046\u4e8c\u5ea6\u3068\u3001\u30de\u30de\u307f\u305f\u3044\u306b\u306f\u9003\u3052\u306a\u3044\uff01\u300d",
    "PhraseFontSize": 2,
    "PhraseSpeed": 3,
    "IsPhraseCenter": false,
    "SpeechMCharacterId": null,
    "IsSpeakingFlags": 4,
    "FrameImage": 1,
    "VoiceFileName": "e_42003210_009",
    "BackgroundImage": "",
    "BGM": "",
    "SE": "",
    "Effect": 5,
    "BackgroundEffectType": 0,
    "StandCharacters": [
      {
        "MCharacterId": 5201,
        "Position": 3,
        "Action": 0,
        "Emotion": 0,
        "FacialExpression": 3,
        "EnterAction": 0
      }
    ],
    "StillDetail": {
      "AnimationName": "",
      "AnimationSpeed": null,
      "CameraZoomRatio": null,
      "CameraPositionX": null,
      "CameraPositionY": null,
      "CameraWorkDuration": null,
      "CameraRotation": null
    }
  },
  {
    "GroupOrder": 19,
    "ViewOrder": 1,
    "Name": "",
    "Phrase": "\u8a87\u308a\u9ad8\u304f\u53eb\u3093\u3067\u3001\u30d5\u30a7\u30eb\u30af\u30ea\u30f3\u30b2\u30f3\u304c\u4e21\u8155\u306b\u6e3e\u8eab\u306e\u529b\u3092\u3053\u3081\u308b\u3002\\n\u30b8\u30bf\u30d0\u30bf\u66b4\u308c\u308b\u6c37\u306e\u5973\u795e\u50cf\u304c\u3001\\n\u77ac\u6642\u306b\u3072\u3073\u5272\u308c\u3066\u2015\u2015\u3042\u3063\u3055\u308a\u3068\u7815\u3051\u6563\u3063\u305f\u3002",
    "PhraseFontSize": 2,
    "PhraseSpeed": 3,
    "IsPhraseCenter": false,
    "SpeechMCharacterId": null,
    "IsSpeakingFlags": 0,
    "FrameImage": 0,
    "VoiceFileName": "",
    "BackgroundImage": "",
    "BGM": "",
    "SE": "break_1",
    "Effect": null,
    "BackgroundEffectType": 0,
    "StandCharacters": [
      {
        "MCharacterId": 122,
        "Position": 3,
        "Action": 6,
        "Emotion": 0,
        "FacialExpression": 0,
        "EnterAction": 1
      }
    ],
    "StillDetail": {
      "AnimationName": "",
      "AnimationSpeed": null,
      "CameraZoomRatio": null,
      "CameraPositionX": null,
      "CameraPositionY": null,
      "CameraWorkDuration": null,
      "CameraRotation": null
    }
  },
  {
    "GroupOrder": 20,
    "ViewOrder": 1,
    "Name": "\u30d5\u30a7\u30eb\u30af\u30ea\u30f3\u30b2\u30f3",
    "Phrase": "\u300c\u3055\u3041\u2026\u2026\u3002\u3082\u3046\u9589\u5712\u6642\u9593\u307f\u305f\u3044\u3060\u3057\u3001\u304a\u3046\u3061\u306b\u5e30\u308b\u308f\u3088\u300d",
    "PhraseFontSize": 2,
    "PhraseSpeed": 3,
    "IsPhraseCenter": false,
    "SpeechMCharacterId": null,
    "IsSpeakingFlags": 4,
    "FrameImage": 0,
    "VoiceFileName": "e_42003210_010",
    "BackgroundImage": "",
    "BGM": "",
    "SE": "",
    "Effect": null,
    "BackgroundEffectType": 0,
    "StandCharacters": [
      {
        "MCharacterId": 5201,
        "Position": 3,
        "Action": 0,
        "Emotion": 0,
        "FacialExpression": 0,
        "EnterAction": 0
      }
    ],
    "StillDetail": {
      "AnimationName": "",
      "AnimationSpeed": null,
      "CameraZoomRatio": null,
      "CameraPositionX": null,
      "CameraPositionY": null,
      "CameraWorkDuration": null,
      "CameraRotation": null
    }
  },
  {
    "GroupOrder": 21,
    "ViewOrder": 1,
    "Name": "",
    "Phrase": "\u7815\u3051\u305f\u6c37\u306e\u306a\u304b\u304b\u3089\u8ee2\u304c\u308a\u51fa\u3066\u304d\u305f\u30e0\u30eb\u30de\u30f3\u30b9\u30af\u3092\u3001\\n\u8840\u307e\u307f\u308c\u306e\u30d5\u30a7\u30eb\u30af\u30ea\u30f3\u30b2\u30f3\u304c\u512a\u3057\u304f\u62b1\u304d\u7559\u3081\u308b\u3002",
    "PhraseFontSize": 2,
    "PhraseSpeed": 3,
    "IsPhraseCenter": false,
    "SpeechMCharacterId": null,
    "IsSpeakingFlags": 0,
    "FrameImage": 0,
    "VoiceFileName": "",
    "BackgroundImage": "",
    "BGM": "",
    "SE": "",
    "Effect": null,
    "BackgroundEffectType": 0,
    "StandCharacters": [
      {
        "MCharacterId": 5201,
        "Position": 3,
        "Action": 0,
        "Emotion": 0,
        "FacialExpression": 5,
        "EnterAction": 0
      },
      {
        "MCharacterId": 28201,
        "Position": 4,
        "Action": 7,
        "Emotion": 0,
        "FacialExpression": 7,
        "EnterAction": 0
      }
    ],
    "StillDetail": {
      "AnimationName": "",
      "AnimationSpeed": null,
      "CameraZoomRatio": null,
      "CameraPositionX": null,
      "CameraPositionY": null,
      "CameraWorkDuration": null,
      "CameraRotation": null
    }
  },
  {
    "GroupOrder": 22,
    "ViewOrder": 1,
    "Name": "",
    "Phrase": "\u304b\u304f\u3057\u3066\u3001\u5947\u5999\u306a\u904a\u5712\u5730\u3067\u5dfb\u304d\u8d77\u3053\u3063\u305f\u7570\u5909\u306f\u89e3\u6c7a\u3057\u305f\u3002\\n\u904a\u5712\u5730\u306e\u2015\u2015\u300e\u5de3\u300f\u306e\u652f\u914d\u8005\u304c\u5012\u3055\u308c\u305f\u76f4\u5f8c\u3001\\n\u307e\u3055\u306b\u3059\u3079\u3066\u304c\u5922\u3060\u3063\u305f\u304b\u306e\u3088\u3046\u306b\u3001\\n\u4f55\u3082\u304b\u3082\u304c\u6eb6\u3051\u3066\u5d29\u308c\u3066\u3057\u307e\u3063\u305f\u306e\u3060\u3002",
    "PhraseFontSize": 2,
    "PhraseSpeed": 3,
    "IsPhraseCenter": false,
    "SpeechMCharacterId": null,
    "IsSpeakingFlags": 0,
    "FrameImage": 0,
    "VoiceFileName": "",
    "BackgroundImage": "110305",
    "BGM": "",
    "SE": "",
    "Effect": null,
    "BackgroundEffectType": 0,
    "StandCharacters": [],
    "StillDetail": {
      "AnimationName": "",
      "AnimationSpeed": null,
      "CameraZoomRatio": null,
      "CameraPositionX": null,
      "CameraPositionY": null,
      "CameraWorkDuration": null,
      "CameraRotation": null
    }
  },
  {
    "GroupOrder": 23,
    "ViewOrder": 1,
    "Name": "",
    "Phrase": "\u540c\u6642\u306b\u5145\u3061\u6e80\u3061\u3066\u3044\u305f\u5e7b\u9727\u3082\u3001\u7dba\u9e97\u3055\u3063\u3071\u308a\u62ed\u3044\u53bb\u3089\u308c\u305f\u3002\\n\u6050\u3089\u304f\u306f\u3001\u3042\u306e\u6c37\u306e\u5973\u795e\u50cf\u3053\u305d\u304c\u5e7b\u9727\u306e\u767a\u751f\u6e90\u3060\u3063\u305f\u306e\u3060\u308d\u3046\u3002",
    "PhraseFontSize": 2,
    "PhraseSpeed": 3,
    "IsPhraseCenter": false,
    "SpeechMCharacterId": null,
    "IsSpeakingFlags": 0,
    "FrameImage": 0,
    "VoiceFileName": "",
    "BackgroundImage": "",
    "BGM": "",
    "SE": "",
    "Effect": null,
    "BackgroundEffectType": 0,
    "StandCharacters": [],
    "StillDetail": {
      "AnimationName": "",
      "AnimationSpeed": null,
      "CameraZoomRatio": null,
      "CameraPositionX": null,
      "CameraPositionY": null,
      "CameraWorkDuration": null,
      "CameraRotation": null
    }
  },
  {
    "GroupOrder": 24,
    "ViewOrder": 1,
    "Name": "\u30ab\u30fc\u30eb\u30b9\u30eb\u30fc\u30a8",
    "Phrase": "\u300c\u975e\u5e38\u306b\u6b8b\u5ff5\u3067\u3059\u306d\u3047\u3002\u9b54\u7269\u3055\u3048\u6392\u9664\u3057\u3066\u3057\u307e\u3048\u3070\u3001\\n\u3000\u3042\u306e\u904a\u5712\u5730\u306f\u6211\u304c\u56fd\u306b\u304a\u3051\u308b\u5c48\u6307\u306e\u89b3\u5149\u540d\u6240\u306b\u306a\u308a\u305d\u3046\u3067\u3057\u305f\u306e\u306b\u3002\\n\u3000\u4e16\u754c\u3067\u552f\u4e00\u306e\u3001\u4f55\u3082\u304b\u3082\u304c\u6c37\u3067\u3067\u304d\u305f\u5a2f\u697d\u65bd\u8a2d\u3067\u3059\u3088\u3049\u2015\u2015\\n\u3000\u306a\u304b\u306a\u304b\u30dc\u30ed\u3044\u5546\u58f2\u306b\u306a\u308a\u305d\u3046\u3060\u3063\u305f\u3093\u3067\u3059\u3051\u3069\u306d\u3047\uff1f\u300d",
    "PhraseFontSize": 2,
    "PhraseSpeed": 3,
    "IsPhraseCenter": false,
    "SpeechMCharacterId": null,
    "IsSpeakingFlags": 4,
    "FrameImage": 0,
    "VoiceFileName": "e_42003210_011",
    "BackgroundImage": "104002",
    "BGM": "adv_02",
    "SE": "",
    "Effect": null,
    "BackgroundEffectType": 0,
    "StandCharacters": [
      {
        "MCharacterId": 19201,
        "Position": 3,
        "Action": 3,
        "Emotion": 0,
        "FacialExpression": 4,
        "EnterAction": 1
      }
    ],
    "StillDetail": {
      "AnimationName": "",
      "AnimationSpeed": null,
      "CameraZoomRatio": null,
      "CameraPositionX": null,
      "CameraPositionY": null,
      "CameraWorkDuration": null,
      "CameraRotation": null
    }
  },
  {
    "GroupOrder": 25,
    "ViewOrder": 1,
    "Name": "\u30d5\u30e5\u30c3\u30bb\u30f3",
    "Phrase": "\u300c\u91d1\u306e\u3053\u3068\u3057\u304b\u982d\u306b\u306a\u3044\u306e\u304b\u8cb4\u69d8\u300d",
    "PhraseFontSize": 2,
    "PhraseSpeed": 3,
    "IsPhraseCenter": false,
    "SpeechMCharacterId": null,
    "IsSpeakingFlags": 2,
    "FrameImage": 0,
    "VoiceFileName": "e_42003210_012",
    "BackgroundImage": "",
    "BGM": "",
    "SE": "",
    "Effect": null,
    "BackgroundEffectType": 0,
    "StandCharacters": [
      {
        "MCharacterId": 19201,
        "Position": 2,
        "Action": 0,
        "Emotion": 0,
        "FacialExpression": 0,
        "EnterAction": 1
      },
      {
        "MCharacterId": 17201,
        "Position": 4,
        "Action": 0,
        "Emotion": 0,
        "FacialExpression": 3,
        "EnterAction": 1
      }
    ],
    "StillDetail": {
      "AnimationName": "",
      "AnimationSpeed": null,
      "CameraZoomRatio": null,
      "CameraPositionX": null,
      "CameraPositionY": null,
      "CameraWorkDuration": null,
      "CameraRotation": null
    }
  },
  {
    "GroupOrder": 26,
    "ViewOrder": 1,
    "Name": "\u30e9\u30a4\u30d7\u30c4\u30a3\u30d2",
    "Phrase": "\u300c\u4e0a\u5b98\u6bbf\u2026\u2026\u3002\u672c\u5b98\u3082\u6d41\u77f3\u306b\u305d\u306e\u767a\u8a00\u306f\u3069\u3046\u304b\u3068\u601d\u3044\u307e\u3059\u3001\\n\u3000\u88ab\u5bb3\u8005\u3082\u51fa\u3066\u3044\u308b\u3093\u3067\u3059\u304b\u3089\u4e0d\u8b39\u614e\u3067\u3059\u3088\u300d",
    "PhraseFontSize": 2,
    "PhraseSpeed": 3,
    "IsPhraseCenter": false,
    "SpeechMCharacterId": null,
    "IsSpeakingFlags": 4,
    "FrameImage": 0,
    "VoiceFileName": "e_42003210_013",
    "BackgroundImage": "",
    "BGM": "",
    "SE": "",
    "Effect": null,
    "BackgroundEffectType": 0,
    "StandCharacters": [
      {
        "MCharacterId": 26201,
        "Position": 3,
        "Action": 0,
        "Emotion": 5,
        "FacialExpression": 4,
        "EnterAction": 1
      }
    ],
    "StillDetail": {
      "AnimationName": "",
      "AnimationSpeed": null,
      "CameraZoomRatio": null,
      "CameraPositionX": null,
      "CameraPositionY": null,
      "CameraWorkDuration": null,
      "CameraRotation": null
    }
  },
  {
    "GroupOrder": 27,
    "ViewOrder": 1,
    "Name": "\u30ab\u30fc\u30eb\u30b9\u30eb\u30fc\u30a8",
    "Phrase": "\u300c\u3044\u3044\u3048\u3002\u30a2\u30a4\u30bc\u30f3\u30b0\u30e9\u30fc\u30c8\u304c\u8a87\u308b\u6700\u65b0\u533b\u7642\u3092\u65bd\u305b\u3070\u3001\\n\u3000\u30a4\u30a8\u30c6\u30a3\u306b\u5909\u3048\u3089\u308c\u305f\u5b50\u4f9b\u305f\u3061\u3082\u5143\u306b\u623b\u305b\u308b\u304b\u3082\u3057\u308c\u307e\u305b\u3093\u3002\\n\u3000\u3082\u3057\u3082\u305d\u308c\u304c\u53ef\u80fd\u3060\u3063\u305f\u5834\u5408\u3001\\n\u3000\u4eca\u56de\u306e\u4e8b\u4ef6\u306b\u304a\u3051\u308b\u300e\u4eba\u9593\u306e\u6b7b\u8005\u300f\u306f\u3044\u306a\u304b\u3063\u305f\u2015\u2015\u3068\u8a00\u3048\u307e\u3059\u3088\u306d\u3047\uff1f\u300d",
    "PhraseFontSize": 2,
    "PhraseSpeed": 3,
    "IsPhraseCenter": false,
    "SpeechMCharacterId": null,
    "IsSpeakingFlags": 8,
    "FrameImage": 0,
    "VoiceFileName": "e_42003210_014",
    "BackgroundImage": "",
    "BGM": "",
    "SE": "",
    "Effect": null,
    "BackgroundEffectType": 0,
    "StandCharacters": [
      {
        "MCharacterId": 19201,
        "Position": 2,
        "Action": 0,
        "Emotion": 0,
        "FacialExpression": 2,
        "EnterAction": 1
      },
      {
        "MCharacterId": 17201,
        "Position": 4,
        "Action": 0,
        "Emotion": 0,
        "FacialExpression": 0,
        "EnterAction": 1
      }
    ],
    "StillDetail": {
      "AnimationName": "",
      "AnimationSpeed": null,
      "CameraZoomRatio": null,
      "CameraPositionX": null,
      "CameraPositionY": null,
      "CameraWorkDuration": null,
      "CameraRotation": null
    }
  },
  {
    "GroupOrder": 28,
    "ViewOrder": 1,
    "Name": "\u30d5\u30e5\u30c3\u30bb\u30f3",
    "Phrase": "\u300c\u3075\u3093\u3002\u76f8\u5909\u308f\u3089\u305a\u3001\u8a00\u3044\u9003\u308c\u306e\u6280\u8853\u3070\u304b\u308a\u304c\u9054\u8005\u3060\u306d\u300d",
    "PhraseFontSize": 2,
    "PhraseSpeed": 3,
    "IsPhraseCenter": false,
    "SpeechMCharacterId": null,
    "IsSpeakingFlags": 2,
    "FrameImage": 0,
    "VoiceFileName": "e_42003210_015",
    "BackgroundImage": "",
    "BGM": "",
    "SE": "",
    "Effect": null,
    "BackgroundEffectType": 0,
    "StandCharacters": [
      {
        "MCharacterId": 19201,
        "Position": 2,
        "Action": 0,
        "Emotion": 0,
        "FacialExpression": 2,
        "EnterAction": 0
      },
      {
        "MCharacterId": 17201,
        "Position": 4,
        "Action": 5,
        "Emotion": 0,
        "FacialExpression": 3,
        "EnterAction": 0
      }
    ],
    "StillDetail": {
      "AnimationName": "",
      "AnimationSpeed": null,
      "CameraZoomRatio": null,
      "CameraPositionX": null,
      "CameraPositionY": null,
      "CameraWorkDuration": null,
      "CameraRotation": null
    }
  },
  {
    "GroupOrder": 29,
    "ViewOrder": 1,
    "Name": "",
    "Phrase": "\u5947\u5999\u306a\u904a\u5712\u5730\u304c\u5d29\u58ca\u3057\u305f\u3001\u305d\u306e\u65e5\u306e\u5915\u523b\u3067\u3042\u308b\u3002\\n\u9045\u308c\u3066\u99c6\u3051\u3064\u3051\u305f\u30d5\u30e5\u30c3\u30bb\u30f3\u305f\u3061\u306b\u3088\u308a\u6211\u3005\u306f\u6551\u52a9\u3055\u308c\u3001\\n\u3072\u3068\u307e\u305a\u5f7c\u5973\u306e\u5c45\u57ce\u3078\u3068\u904b\u3070\u308c\u3066\u6cbb\u7642\u306a\u3069\u3092\u53d7\u3051\u305f\u3002",
    "PhraseFontSize": 2,
    "PhraseSpeed": 3,
    "IsPhraseCenter": false,
    "SpeechMCharacterId": null,
    "IsSpeakingFlags": 0,
    "FrameImage": 0,
    "VoiceFileName": "",
    "BackgroundImage": "",
    "BGM": "",
    "SE": "",
    "Effect": null,
    "BackgroundEffectType": 0,
    "StandCharacters": [],
    "StillDetail": {
      "AnimationName": "",
      "AnimationSpeed": null,
      "CameraZoomRatio": null,
      "CameraPositionX": null,
      "CameraPositionY": null,
      "CameraWorkDuration": null,
      "CameraRotation": null
    }
  },
  {
    "GroupOrder": 30,
    "ViewOrder": 1,
    "Name": "",
    "Phrase": "\u304d\u3061\u3093\u3068\u3057\u305f\u533b\u7642\u65bd\u8a2d\u3067\u8abf\u3079\u306a\u3044\u304b\u304e\u308a\u4e88\u65ad\u306f\u8a31\u3055\u308c\u306a\u3044\u304c\u3001\\n\u5168\u54e1\u3001\u7121\u50b7\u3068\u306f\u3044\u304b\u306a\u304b\u3063\u305f\u304c\u547d\u3092\u843d\u3068\u3059\u3053\u3068\u3082\u306a\u304b\u3063\u305f\u3002",
    "PhraseFontSize": 2,
    "PhraseSpeed": 3,
    "IsPhraseCenter": false,
    "SpeechMCharacterId": null,
    "IsSpeakingFlags": 0,
    "FrameImage": 0,
    "VoiceFileName": "",
    "BackgroundImage": "",
    "BGM": "",
    "SE": "",
    "Effect": null,
    "BackgroundEffectType": 0,
    "StandCharacters": [],
    "StillDetail": {
      "AnimationName": "",
      "AnimationSpeed": null,
      "CameraZoomRatio": null,
      "CameraPositionX": null,
      "CameraPositionY": null,
      "CameraWorkDuration": null,
      "CameraRotation": null
    }
  },
  {
    "GroupOrder": 31,
    "ViewOrder": 1,
    "Name": "",
    "Phrase": "\u6c37\u306e\u5973\u795e\u50cf\u306e\u80ce\u5185\u3067\u5168\u8eab\u3092\u5f04\u3089\u308c\u3066\u3044\u305f\u30e0\u30eb\u30de\u30f3\u30b9\u30af\u3082\u3001\\n\u5e78\u3044\u306a\u3053\u3068\u306b\u3001\u9b54\u7269\u306b\u5909\u3058\u308b\u3053\u3068\u3082\u306a\u304f\u2015\u2015\\n\u73fe\u5728\u306f\u3001\u8c6a\u83ef\u306a\u30d9\u30c3\u30c9\u306e\u4e0a\u3067\u5065\u3084\u304b\u306b\u7b11\u3063\u3066\u3044\u308b\u3002",
    "PhraseFontSize": 2,
    "PhraseSpeed": 3,
    "IsPhraseCenter": false,
    "SpeechMCharacterId": null,
    "IsSpeakingFlags": 0,
    "FrameImage": 0,
    "VoiceFileName": "",
    "BackgroundImage": "",
    "BGM": "",
    "SE": "",
    "Effect": null,
    "BackgroundEffectType": 0,
    "StandCharacters": [],
    "StillDetail": {
      "AnimationName": "",
      "AnimationSpeed": null,
      "CameraZoomRatio": null,
      "CameraPositionX": null,
      "CameraPositionY": null,
      "CameraWorkDuration": null,
      "CameraRotation": null
    }
  },
  {
    "GroupOrder": 32,
    "ViewOrder": 1,
    "Name": "\u30e0\u30eb\u30de\u30f3\u30b9\u30af",
    "Phrase": "\u300c\u3048\u3078\u3078\u3002\u3088\u304b\u3063\u305f\u3088\u3001\u300e\u3070\u3051\u3082\u306e\u300f\u306b\u306a\u3089\u306a\u304f\u3066\u2026\u2026\u3002\\n\u3000\u308f\u305f\u3057\u306f\u300e\u3070\u3051\u3082\u306e\u300f\u3067\u3082\u3001\u300e\u304a\u3070\u3051\u300f\u3067\u3082\u306a\u3044\u3082\u3093\u300d",
    "PhraseFontSize": 2,
    "PhraseSpeed": 3,
    "IsPhraseCenter": false,
    "SpeechMCharacterId": null,
    "IsSpeakingFlags": 4,
    "FrameImage": 0,
    "VoiceFileName": "e_42003210_016",
    "BackgroundImage": "",
    "BGM": "",
    "SE": "",
    "Effect": null,
    "BackgroundEffectType": 0,
    "StandCharacters": [
      {
        "MCharacterId": 28201,
        "Position": 3,
        "Action": 8,
        "Emotion": 0,
        "FacialExpression": 5,
        "EnterAction": 1
      }
    ],
    "StillDetail": {
      "AnimationName": "",
      "AnimationSpeed": null,
      "CameraZoomRatio": null,
      "CameraPositionX": null,
      "CameraPositionY": null,
      "CameraWorkDuration": null,
      "CameraRotation": null
    }
  },
  {
    "GroupOrder": 33,
    "ViewOrder": 1,
    "Name": "\u30e0\u30eb\u30de\u30f3\u30b9\u30af",
    "Phrase": "\u300c\u3067\u3082\u3002\u3053\u3093\u304b\u3044\u306f\u3001\u3042\u3093\u307e\u308a\u300e\u3084\u304f\u300f\u306b\u305f\u3066\u306a\u304b\u3063\u305f\u304d\u304c\u3059\u308b\u3088\u3002\\n\u3000\u3054\u3081\u3093\u306a\u3055\u3044\u3001\u300e\u3057\u3083\u3057\u3087\u3046\u300f\u3055\u3093\u2026\u2026\u3002\\n\u3000\u308f\u305f\u3057\u300e\u306f\u308a\u304d\u3063\u3066\u305f\u300f\u306e\u306b\u3001\\n\u3000\u300e\u3051\u3063\u304b\u300f\u3092\u3060\u305b\u306a\u304f\u3066\u300e\u306f\u305a\u304b\u3057\u3044\u300f\u306a\u300d",
    "PhraseFontSize": 2,
    "PhraseSpeed": 3,
    "IsPhraseCenter": false,
    "SpeechMCharacterId": null,
    "IsSpeakingFlags": 4,
    "FrameImage": 0,
    "VoiceFileName": "e_42003210_017",
    "BackgroundImage": "",
    "BGM": "",
    "SE": "",
    "Effect": null,
    "BackgroundEffectType": 0,
    "StandCharacters": [
      {
        "MCharacterId": 28201,
        "Position": 3,
        "Action": 3,
        "Emotion": 0,
        "FacialExpression": 4,
        "EnterAction": 0
      }
    ],
    "StillDetail": {
      "AnimationName": "",
      "AnimationSpeed": null,
      "CameraZoomRatio": null,
      "CameraPositionX": null,
      "CameraPositionY": null,
      "CameraWorkDuration": null,
      "CameraRotation": null
    }
  },
  {
    "GroupOrder": 34,
    "ViewOrder": 1,
    "Name": "\u30d5\u30e5\u30c3\u30bb\u30f3",
    "Phrase": "\u300c\u5426\u30c3\u3001\u6065\u3058\u5165\u308b\u3053\u3068\u306a\u3069\u306a\u3044\u306e\u3060\u3088\u30e0\u30eb\u30de\u30f3\u30b9\u30af\u305f\u3093\uff01\\n\u3000\u30e0\u30eb\u30de\u30f3\u30b9\u30af\u305f\u3093\u306f\u5065\u3084\u304b\u306b\u751f\u304d\u3066\u3044\u308b\u3060\u3051\u3067\u3044\u3044\u3063\u3001\\n\u3000\u305d\u308c\u3060\u3051\u3067\u4eca\u65e5\u3082\u592a\u967d\u306f\u6607\u308a\u4e16\u754c\u306f\u8f1d\u304d\u306b\u6e80\u305f\u3055\u308c\u308b\u2026\u2026\u2606\u300d",
    "PhraseFontSize": 2,
    "PhraseSpeed": 3,
    "IsPhraseCenter": false,
    "SpeechMCharacterId": null,
    "IsSpeakingFlags": 4,
    "FrameImage": 0,
    "VoiceFileName": "e_42003210_018",
    "BackgroundImage": "",
    "BGM": "",
    "SE": "",
    "Effect": null,
    "BackgroundEffectType": 0,
    "StandCharacters": [
      {
        "MCharacterId": 17201,
        "Position": 3,
        "Action": 1,
        "Emotion": 7,
        "FacialExpression": 8,
        "EnterAction": 2
      }
    ],
    "StillDetail": {
      "AnimationName": "",
      "AnimationSpeed": null,
      "CameraZoomRatio": null,
      "CameraPositionX": null,
      "CameraPositionY": null,
      "CameraWorkDuration": null,
      "CameraRotation": null
    }
  },
  {
    "GroupOrder": 35,
    "ViewOrder": 1,
    "Name": "",
    "Phrase": "\u982d\u306e\u60aa\u3044\u3053\u3068\u3092\u53eb\u3093\u3067\u3044\u308b\u30d5\u30e5\u30c3\u30bb\u30f3\u3068\u3001\\n\u4eca\u56de\u306f\u304a\u5f79\u76ee\u3069\u304a\u308a\u5f8c\u65b9\u652f\u63f4\u306b\u5fb9\u3057\u3066\u304f\u308c\u305f\u5e83\u5831\u90e8\u306e\u4e8c\u4eba\u3082\u3001\\n\u30d9\u30c3\u30c9\u3092\u56f2\u3093\u3067\u4e00\u4f11\u307f\u3057\u3066\u3044\u308b\u3002",
    "PhraseFontSize": 2,
    "PhraseSpeed": 3,
    "IsPhraseCenter": false,
    "SpeechMCharacterId": null,
    "IsSpeakingFlags": 0,
    "FrameImage": 0,
    "VoiceFileName": "",
    "BackgroundImage": "",
    "BGM": "",
    "SE": "",
    "Effect": null,
    "BackgroundEffectType": 0,
    "StandCharacters": [],
    "StillDetail": {
      "AnimationName": "",
      "AnimationSpeed": null,
      "CameraZoomRatio": null,
      "CameraPositionX": null,
      "CameraPositionY": null,
      "CameraWorkDuration": null,
      "CameraRotation": null
    }
  },
  {
    "GroupOrder": 36,
    "ViewOrder": 1,
    "Name": "",
    "Phrase": "\u3061\u3087\u3046\u3069\u5915\u98df\u6642\u3060\u3002\\n\u30d5\u30e5\u30c3\u30bb\u30f3\u304c\u6211\u3005\u306e\u305f\u3081\u306b\u7528\u610f\u3057\u3066\u3044\u305f\u3089\u3057\u3044\u6599\u7406\u306e\u76bf\u3092\u7247\u624b\u306b\u3001\\n\u307f\u3093\u306a\u3067\u4f11\u606f\u304c\u3066\u3089\u795d\u3044\u9152\u3068\u6d12\u843d\u3053\u3093\u3067\u3044\u308b\u3002",
    "PhraseFontSize": 2,
    "PhraseSpeed": 3,
    "IsPhraseCenter": false,
    "SpeechMCharacterId": null,
    "IsSpeakingFlags": 0,
    "FrameImage": 0,
    "VoiceFileName": "",
    "BackgroundImage": "",
    "BGM": "",
    "SE": "",
    "Effect": null,
    "BackgroundEffectType": 0,
    "StandCharacters": [],
    "StillDetail": {
      "AnimationName": "",
      "AnimationSpeed": null,
      "CameraZoomRatio": null,
      "CameraPositionX": null,
      "CameraPositionY": null,
      "CameraWorkDuration": null,
      "CameraRotation": null
    }
  },
  {
    "GroupOrder": 37,
    "ViewOrder": 1,
    "Name": "\u30ab\u30fc\u30eb\u30b9\u30eb\u30fc\u30a8",
    "Phrase": "\u300c\u3082\u3050\u3082\u3050\u3002\u610f\u5916\u3068\u6599\u7406\u304c\u304a\u4e0a\u624b\u306a\u3093\u3067\u3059\u306d\u3047\u3001\u30d5\u30e5\u30c3\u30bb\u30f3\u304a\u5b22\u3061\u3083\u307e\u3002\\n\u3000\u7533\u3057\u8a33\u3042\u308a\u307e\u305b\u3093\u2015\u2015\\n\u3000\u5a01\u5f35\u308b\u3053\u3068\u4ee5\u5916\u306f\u4f55\u3082\u3067\u304d\u306a\u3044\u3093\u3060\u3068\u601d\u3044\u3053\u3093\u3067\u3044\u307e\u3057\u305f\u300d",
    "PhraseFontSize": 2,
    "PhraseSpeed": 3,
    "IsPhraseCenter": false,
    "SpeechMCharacterId": null,
    "IsSpeakingFlags": 8,
    "FrameImage": 0,
    "VoiceFileName": "e_42003210_019",
    "BackgroundImage": "",
    "BGM": "",
    "SE": "",
    "Effect": null,
    "BackgroundEffectType": 0,
    "StandCharacters": [
      {
        "MCharacterId": 19201,
        "Position": 2,
        "Action": 0,
        "Emotion": 0,
        "FacialExpression": 7,
        "EnterAction": 1
      },
      {
        "MCharacterId": 26201,
        "Position": 4,
        "Action": 0,
        "Emotion": 0,
        "FacialExpression": 0,
        "EnterAction": 1
      }
    ],
    "StillDetail": {
      "AnimationName": "",
      "AnimationSpeed": null,
      "CameraZoomRatio": null,
      "CameraPositionX": null,
      "CameraPositionY": null,
      "CameraWorkDuration": null,
      "CameraRotation": null
    }
  },
  {
    "GroupOrder": 38,
    "ViewOrder": 1,
    "Name": "\u30e9\u30a4\u30d7\u30c4\u30a3\u30d2",
    "Phrase": "\u300c\u306f\u3044\u3002\u7d20\u6674\u3089\u3057\u3044\u304a\u5473\u3067\u3059\u3001\u3054\u76f8\u4f34\u306b\u4e0e\u308c\u3066\u5149\u6804\u3067\u3042\u308a\u307e\u3059\u300d",
    "PhraseFontSize": 2,
    "PhraseSpeed": 3,
    "IsPhraseCenter": false,
    "SpeechMCharacterId": null,
    "IsSpeakingFlags": 2,
    "FrameImage": 0,
    "VoiceFileName": "e_42003210_020",
    "BackgroundImage": "",
    "BGM": "",
    "SE": "",
    "Effect": null,
    "BackgroundEffectType": 0,
    "StandCharacters": [
      {
        "MCharacterId": 19201,
        "Position": 2,
        "Action": 0,
        "Emotion": 0,
        "FacialExpression": 0,
        "EnterAction": 0
      },
      {
        "MCharacterId": 26201,
        "Position": 4,
        "Action": 0,
        "Emotion": 0,
        "FacialExpression": 8,
        "EnterAction": 0
      }
    ],
    "StillDetail": {
      "AnimationName": "",
      "AnimationSpeed": null,
      "CameraZoomRatio": null,
      "CameraPositionX": null,
      "CameraPositionY": null,
      "CameraWorkDuration": null,
      "CameraRotation": null
    }
  },
  {
    "GroupOrder": 39,
    "ViewOrder": 1,
    "Name": "\u30d5\u30e5\u30c3\u30bb\u30f3",
    "Phrase": "\u300c\u3075\u3093\u3002\u305b\u3063\u304b\u304f\u771f\u5fc3\u3092\u3053\u3081\u3066\u3064\u304f\u3063\u305f\u6599\u7406\u3092\u3001\\n\u3000\u8150\u3089\u305b\u3066\u6368\u3066\u3066\u3057\u307e\u3046\u306e\u3082\u6b8b\u5ff5\u3060\u304b\u3089\u306d\u3002\\n\u3000\u3082\u3063\u3068\u611f\u8b1d\u3057\u3001\u8cde\u8cdb\u3059\u308b\u304c\u3088\u3044\u2015\u2015\\n\u3000\u8cb4\u69d8\u3089\u306e\u3088\u3046\u306a\u4fd7\u7269\u306b\u306f\u3082\u3063\u305f\u3044\u306a\u3044\u3050\u3089\u3044\u306e\u3001\u81f3\u9ad8\u306e\u7f8e\u5473\u3060\u308d\u3046\uff1f\u300d",
    "PhraseFontSize": 2,
    "PhraseSpeed": 3,
    "IsPhraseCenter": false,
    "SpeechMCharacterId": null,
    "IsSpeakingFlags": 4,
    "FrameImage": 0,
    "VoiceFileName": "e_42003210_021",
    "BackgroundImage": "",
    "BGM": "",
    "SE": "",
    "Effect": null,
    "BackgroundEffectType": 0,
    "StandCharacters": [
      {
        "MCharacterId": 17201,
        "Position": 3,
        "Action": 0,
        "Emotion": 0,
        "FacialExpression": 3,
        "EnterAction": 1
      }
    ],
    "StillDetail": {
      "AnimationName": "",
      "AnimationSpeed": null,
      "CameraZoomRatio": null,
      "CameraPositionX": null,
      "CameraPositionY": null,
      "CameraWorkDuration": null,
      "CameraRotation": null
    }
  },
  {
    "GroupOrder": 40,
    "ViewOrder": 1,
    "Name": "\u30e9\u30a4\u30d7\u30c4\u30a3\u30d2",
    "Phrase": "\u300c\u306f\u3044\u3002\u672c\u5b98\u3082\u597d\u304d\u3067\u3088\u304f\u6599\u7406\u3092\u3059\u308b\u3093\u3067\u3059\u304c\u3001\\n\u3000\u3068\u3066\u3082\u6bbf\u4e0b\u306e\u8155\u524d\u306b\u306f\u53ca\u3073\u307e\u305b\u3093\u306a\u3002\\n\u3000\u30ec\u30b7\u30d4\u306a\u3069\u3092\u6559\u308f\u308a\u305f\u3044\u3082\u306e\u3067\u3059\u3001\\n\u3000\u6545\u90f7\u306e\u5b50\u4f9b\u305f\u3061\u306b\u3082\u5473\u308f\u308f\u305b\u3066\u3042\u3052\u305f\u3044\u2026\u2026\u266a\u300d",
    "PhraseFontSize": 2,
    "PhraseSpeed": 3,
    "IsPhraseCenter": false,
    "SpeechMCharacterId": null,
    "IsSpeakingFlags": 2,
    "FrameImage": 0,
    "VoiceFileName": "e_42003210_022",
    "BackgroundImage": "",
    "BGM": "",
    "SE": "",
    "Effect": null,
    "BackgroundEffectType": 0,
    "StandCharacters": [
      {
        "MCharacterId": 19201,
        "Position": 2,
        "Action": 0,
        "Emotion": 0,
        "FacialExpression": 0,
        "EnterAction": 1
      },
      {
        "MCharacterId": 26201,
        "Position": 4,
        "Action": 5,
        "Emotion": 0,
        "FacialExpression": 2,
        "EnterAction": 1
      }
    ],
    "StillDetail": {
      "AnimationName": "",
      "AnimationSpeed": null,
      "CameraZoomRatio": null,
      "CameraPositionX": null,
      "CameraPositionY": null,
      "CameraWorkDuration": null,
      "CameraRotation": null
    }
  },
  {
    "GroupOrder": 41,
    "ViewOrder": 1,
    "Name": "\u30ab\u30fc\u30eb\u30b9\u30eb\u30fc\u30a8",
    "Phrase": "\u300c\u3048\u3048\u3002\u304a\u5b22\u3061\u3083\u307e\u306f\u304a\u898b\u5408\u3044\u3068\u304b\u306b\u8208\u5473\u3042\u308a\u307e\u305b\u3093\u304b\u306d\u3047\u3001\\n\u3000\u3053\u306e\u8155\u524d\u306a\u3089\u5f15\u304f\u624b\u3042\u307e\u305f\u3067\u3059\u3088\u3049\uff1f\\n\u3000\u6027\u683c\u306b\u304b\u306a\u308a\u96e3\u304c\u3042\u308b\u306e\u304c\u6b8b\u5ff5\u3067\u3059\u3051\u3069\u3001\\n\u3000\u8840\u7d71\u304c\u826f\u304f\u3066\u5bb6\u4e8b\u3082\u3067\u304d\u308b\u306a\u3089\u306a\u304b\u306a\u304b\u306e\u512a\u826f\u7269\u4ef6\u3068\u8a00\u3048\u307e\u3059\u266a\u300d",
    "PhraseFontSize": 2,
    "PhraseSpeed": 3,
    "IsPhraseCenter": false,
    "SpeechMCharacterId": null,
    "IsSpeakingFlags": 8,
    "FrameImage": 0,
    "VoiceFileName": "e_42003210_023",
    "BackgroundImage": "",
    "BGM": "",
    "SE": "",
    "Effect": null,
    "BackgroundEffectType": 0,
    "StandCharacters": [
      {
        "MCharacterId": 19201,
        "Position": 2,
        "Action": 0,
        "Emotion": 1,
        "FacialExpression": 2,
        "EnterAction": 0
      },
      {
        "MCharacterId": 26201,
        "Position": 4,
        "Action": 0,
        "Emotion": 0,
        "FacialExpression": 2,
        "EnterAction": 0
      }
    ],
    "StillDetail": {
      "AnimationName": "",
      "AnimationSpeed": null,
      "CameraZoomRatio": null,
      "CameraPositionX": null,
      "CameraPositionY": null,
      "CameraWorkDuration": null,
      "CameraRotation": null
    }
  },
  {
    "GroupOrder": 42,
    "ViewOrder": 1,
    "Name": "\u30d5\u30e5\u30c3\u30bb\u30f3",
    "Phrase": "\u300c\u666e\u6bb5\u306f\u5bb6\u4e8b\u306a\u3069\u305b\u3093\u305e\u3001\\n\u3000\u722c\u866b\u985e\u306e\u5206\u969b\u3067\u308f\u308a\u3068\u5668\u7528\u306a\u30b7\u30f3\u30c7\u30ec\u30e9\u306b\u4efb\u305b\u304d\u308a\u306a\u306e\u3060\u3088\u3002\\n\u3000\u305f\u3060\u4eca\u56de\u306f\u30a2\u30ec\u3082\u305d\u308c\u306a\u308a\u306b\u6d3b\u8e8d\u3057\u305f\u304b\u3089\u306d\u3001\\n\u3000\u53e9\u304d\u8d77\u3053\u3057\u3066\u6599\u7406\u306a\u3069\u3092\u3055\u305b\u308b\u306e\u3082\u9177\u3060\u308d\u3046\u300d",
    "PhraseFontSize": 2,
    "PhraseSpeed": 3,
    "IsPhraseCenter": false,
    "SpeechMCharacterId": null,
    "IsSpeakingFlags": 4,
    "FrameImage": 0,
    "VoiceFileName": "e_42003210_024",
    "BackgroundImage": "",
    "BGM": "",
    "SE": "",
    "Effect": null,
    "BackgroundEffectType": 0,
    "StandCharacters": [
      {
        "MCharacterId": 17201,
        "Position": 3,
        "Action": 0,
        "Emotion": 0,
        "FacialExpression": 3,
        "EnterAction": 1
      }
    ],
    "StillDetail": {
      "AnimationName": "",
      "AnimationSpeed": null,
      "CameraZoomRatio": null,
      "CameraPositionX": null,
      "CameraPositionY": null,
      "CameraWorkDuration": null,
      "CameraRotation": null
    }
  },
  {
    "GroupOrder": 43,
    "ViewOrder": 1,
    "Name": "",
    "Phrase": "\u3061\u3089\u308a\u3068\u30d5\u30e5\u30c3\u30bb\u30f3\u304c\u4e00\u77a5\u3057\u305f\u5148\u2015\u2015\\n\u30d9\u30c3\u30c9\u306b\u5bdd\u8ee2\u3093\u3060\u30e0\u30eb\u30de\u30f3\u30b9\u30af\u306e\u6795\u5143\u3067\u3001\\n\u5c0f\u578b\u306e\u30b5\u30a4\u30ba\u306b\u623b\u3063\u305f\u30b7\u30f3\u30c7\u30ec\u30e9\u304c\u4e38\u307e\u3063\u3066\u7720\u3063\u3066\u3044\u308b\u3002\\n\u307e\u3060\u50b7\u306f\u7652\u3048\u3066\u3044\u306a\u3044\u3088\u3046\u3067\u3001\u3042\u3061\u3053\u3061\u306b\u5305\u5e2f\u304c\u5dfb\u304b\u308c\u3066\u3044\u305f\u3002",
    "PhraseFontSize": 2,
    "PhraseSpeed": 3,
    "IsPhraseCenter": false,
    "SpeechMCharacterId": null,
    "IsSpeakingFlags": 0,
    "FrameImage": 0,
    "VoiceFileName": "",
    "BackgroundImage": "",
    "BGM": "",
    "SE": "",
    "Effect": null,
    "BackgroundEffectType": 0,
    "StandCharacters": [
      {
        "MCharacterId": 102,
        "Position": 3,
        "Action": 0,
        "Emotion": 0,
        "FacialExpression": 7,
        "EnterAction": 0
      }
    ],
    "StillDetail": {
      "AnimationName": "",
      "AnimationSpeed": null,
      "CameraZoomRatio": null,
      "CameraPositionX": null,
      "CameraPositionY": null,
      "CameraWorkDuration": null,
      "CameraRotation": null
    }
  },
  {
    "GroupOrder": 44,
    "ViewOrder": 1,
    "Name": "\u30d5\u30e5\u30c3\u30bb\u30f3",
    "Phrase": "\u300c\u3075\u3093\u3002\u4e0b\u50d5\u3092\u6c17\u9063\u3046\u3053\u3068\u3082\u3001\u6642\u306b\u306f\u5fc5\u8981\u306a\u306e\u3060\u3088\u3002\\n\u3000\u2026\u2026\u3088\u304f\u3084\u3063\u3066\u304f\u308c\u305f\u306d\u30b7\u30f3\u30c7\u30ec\u30e9\u3001\\n\u3000\u8d77\u304d\u305f\u3089\u4e45\u3057\u3076\u308a\u306b\u9c57\u3092\u78e8\u3044\u3066\u3042\u3052\u3088\u3046\u300d",
    "PhraseFontSize": 2,
    "PhraseSpeed": 3,
    "IsPhraseCenter": false,
    "SpeechMCharacterId": null,
    "IsSpeakingFlags": 4,
    "FrameImage": 0,
    "VoiceFileName": "e_42003210_025",
    "BackgroundImage": "",
    "BGM": "",
    "SE": "",
    "Effect": null,
    "BackgroundEffectType": 0,
    "StandCharacters": [
      {
        "MCharacterId": 17201,
        "Position": 3,
        "Action": 5,
        "Emotion": 0,
        "FacialExpression": 0,
        "EnterAction": 1
      }
    ],
    "StillDetail": {
      "AnimationName": "",
      "AnimationSpeed": null,
      "CameraZoomRatio": null,
      "CameraPositionX": null,
      "CameraPositionY": null,
      "CameraWorkDuration": null,
      "CameraRotation": null
    }
  },
  {
    "GroupOrder": 45,
    "ViewOrder": 1,
    "Name": "",
    "Phrase": "\u30d5\u30e5\u30c3\u30bb\u30f3\u306f\u9a5a\u304f\u307b\u3069\u512a\u3057\u304f\u5fae\u7b11\u3080\u3068\u3001\u305d\u3063\u3068\u30b7\u30f3\u30c7\u30ec\u30e9\u306e\u982d\u3092\u64ab\u3067\u308b\u3002\\n\u3060\u304c\u77ac\u6642\u306b\u8868\u60c5\u3092\u967a\u3057\u304f\u3057\u3066\u3001\u304e\u308a\u304e\u308a\u3068\u82db\u7acb\u305f\u3057\u3052\u306b\u6b6f\u304e\u3057\u308a\u3057\u305f\u3002",
    "PhraseFontSize": 2,
    "PhraseSpeed": 3,
    "IsPhraseCenter": false,
    "SpeechMCharacterId": null,
    "IsSpeakingFlags": 0,
    "FrameImage": 0,
    "VoiceFileName": "",
    "BackgroundImage": "",
    "BGM": "",
    "SE": "",
    "Effect": null,
    "BackgroundEffectType": 0,
    "StandCharacters": [
      {
        "MCharacterId": 102,
        "Position": 3,
        "Action": 2,
        "Emotion": 2,
        "FacialExpression": 7,
        "EnterAction": 1
      }
    ],
    "StillDetail": {
      "AnimationName": "",
      "AnimationSpeed": null,
      "CameraZoomRatio": null,
      "CameraPositionX": null,
      "CameraPositionY": null,
      "CameraWorkDuration": null,
      "CameraRotation": null
    }
  },
  {
    "GroupOrder": 46,
    "ViewOrder": 1,
    "Name": "\u30d5\u30e5\u30c3\u30bb\u30f3",
    "Phrase": "\u300c\u2026\u2026\u30d5\u30a7\u30eb\u30af\u30ea\u30f3\u30b2\u30f3\u3082\u3001\u4eca\u56de\u306f\u304c\u3093\u3070\u3063\u305f\u306d\u3002\\n\u3000\u6065\u77e5\u3089\u305a\u306e\u3001\u6ca1\u843d\u8cb4\u65cf\u306a\u308a\u306b\u300d",
    "PhraseFontSize": 2,
    "PhraseSpeed": 3,
    "IsPhraseCenter": false,
    "SpeechMCharacterId": null,
    "IsSpeakingFlags": 4,
    "FrameImage": 0,
    "VoiceFileName": "e_42003210_026",
    "BackgroundImage": "",
    "BGM": "",
    "SE": "",
    "Effect": null,
    "BackgroundEffectType": 0,
    "StandCharacters": [
      {
        "MCharacterId": 17201,
        "Position": 3,
        "Action": 0,
        "Emotion": 0,
        "FacialExpression": 5,
        "EnterAction": 1
      }
    ],
    "StillDetail": {
      "AnimationName": "",
      "AnimationSpeed": null,
      "CameraZoomRatio": null,
      "CameraPositionX": null,
      "CameraPositionY": null,
      "CameraWorkDuration": null,
      "CameraRotation": null
    }
  },
  {
    "GroupOrder": 47,
    "ViewOrder": 1,
    "Name": "\u30d5\u30a7\u30eb\u30af\u30ea\u30f3\u30b2\u30f3",
    "Phrase": "\u300c\u3059\u3046\u3001\u3059\u3046\u2026\u2026\u266a\u300d",
    "PhraseFontSize": 2,
    "PhraseSpeed": 3,
    "IsPhraseCenter": false,
    "SpeechMCharacterId": null,
    "IsSpeakingFlags": 4,
    "FrameImage": 0,
    "VoiceFileName": "e_42003210_027",
    "BackgroundImage": "",
    "BGM": "",
    "SE": "",
    "Effect": null,
    "BackgroundEffectType": 0,
    "StandCharacters": [
      {
        "MCharacterId": 5201,
        "Position": 3,
        "Action": 8,
        "Emotion": 0,
        "FacialExpression": 7,
        "EnterAction": 0
      }
    ],
    "StillDetail": {
      "AnimationName": "",
      "AnimationSpeed": null,
      "CameraZoomRatio": null,
      "CameraPositionX": null,
      "CameraPositionY": null,
      "CameraWorkDuration": null,
      "CameraRotation": null
    }
  },
  {
    "GroupOrder": 48,
    "ViewOrder": 1,
    "Name": "",
    "Phrase": "\u547c\u3073\u304b\u3051\u3089\u308c\u305f\u30d5\u30a7\u30eb\u30af\u30ea\u30f3\u30b2\u30f3\u306f\u3001\\n\u3055\u3059\u304c\u306b\u6d88\u8017\u3057\u304d\u3063\u3066\u3044\u308b\u306e\u3060\u308d\u3046\u2015\u2015\u719f\u7761\u3057\u3066\u3044\u308b\u306e\u3067\u8fd4\u4e8b\u306f\u3057\u306a\u3044\u3002\\n\u305d\u3093\u306a\u5f7c\u5973\u306b\u30e0\u30eb\u30de\u30f3\u30b9\u30af\u304c\u305a\u3063\u3068\u62b1\u304d\u3064\u3044\u3066\u3044\u308b\u306e\u304c\u3001\\n\u5f7c\u5973\u306e\u3053\u3068\u304c\u5927\u597d\u304d\u306a\u30d5\u30e5\u30c3\u30bb\u30f3\u306b\u306f\u6c17\u306b\u98df\u308f\u306a\u3044\u3089\u3057\u3044\u3002",
    "PhraseFontSize": 2,
    "PhraseSpeed": 3,
    "IsPhraseCenter": false,
    "SpeechMCharacterId": null,
    "IsSpeakingFlags": 0,
    "FrameImage": 0,
    "VoiceFileName": "",
    "BackgroundImage": "",
    "BGM": "",
    "SE": "",
    "Effect": null,
    "BackgroundEffectType": 0,
    "StandCharacters": [
      {
        "MCharacterId": 5201,
        "Position": 3,
        "Action": 0,
        "Emotion": 0,
        "FacialExpression": 7,
        "EnterAction": 0
      },
      {
        "MCharacterId": 28201,
        "Position": 4,
        "Action": 0,
        "Emotion": 0,
        "FacialExpression": 5,
        "EnterAction": 1
      }
    ],
    "StillDetail": {
      "AnimationName": "",
      "AnimationSpeed": null,
      "CameraZoomRatio": null,
      "CameraPositionX": null,
      "CameraPositionY": null,
      "CameraWorkDuration": null,
      "CameraRotation": null
    }
  },
  {
    "GroupOrder": 49,
    "ViewOrder": 1,
    "Name": "\u30d5\u30e5\u30c3\u30bb\u30f3",
    "Phrase": "\u300c\u30d5\u30a7\u30eb\u30af\u30ea\u30f3\u30b2\u30f3\u306e\u304f\u305b\u306b\u751f\u610f\u6c17\u306a\u306e\u3060\u3088\u3001\\n\u3000\u3069\u306e\u3088\u3046\u306a\u65b9\u6cd5\u3067\u30e0\u30eb\u30de\u30f3\u30b9\u30af\u305f\u3093\u306b\u53d6\u308a\u5165\u3063\u305f\u306e\u3060\u308d\u3046\u306d\u3002\\n\u3000\u3042\u3041\u5fcc\u3005\u3057\u3044\u3001\u8179\u304c\u7acb\u3064\u306d\u2015\u2015\u5bdd\u9854\u306b\u843d\u66f8\u304d\u3067\u3082\u3057\u3066\u3084\u308d\u3046\u304b\u300d",
    "PhraseFontSize": 2,
    "PhraseSpeed": 3,
    "IsPhraseCenter": false,
    "SpeechMCharacterId": null,
    "IsSpeakingFlags": 4,
    "FrameImage": 0,
    "VoiceFileName": "e_42003210_028",
    "BackgroundImage": "",
    "BGM": "",
    "SE": "",
    "Effect": null,
    "BackgroundEffectType": 0,
    "StandCharacters": [
      {
        "MCharacterId": 17201,
        "Position": 3,
        "Action": 0,
        "Emotion": 3,
        "FacialExpression": 3,
        "EnterAction": 1
      }
    ],
    "StillDetail": {
      "AnimationName": "",
      "AnimationSpeed": null,
      "CameraZoomRatio": null,
      "CameraPositionX": null,
      "CameraPositionY": null,
      "CameraWorkDuration": null,
      "CameraRotation": null
    }
  },
  {
    "GroupOrder": 50,
    "ViewOrder": 1,
    "Name": "\u30e0\u30eb\u30de\u30f3\u30b9\u30af",
    "Phrase": "\u300c\u3075\u3075\u3002\u300e\u3075\u3047\u308b\u304f\u308a\u3093\u3052\u3093\u300f\u3055\u3093\u3082\u3001\\n\u3000\u304a\u306a\u3058\u3088\u3046\u306a\u3053\u3068\u3092\u300e\u3044\u3063\u3066\u300f\u305f\u3088\u3002\\n\u3000\u3084\u3063\u3071\u308a\u300e\u304d\u305e\u304f\u300f\u306e\u3072\u3068\u3063\u3066\u3001\u306b\u3066\u308b\u3068\u3053\u308d\u304c\u3042\u308b\u3093\u3060\u306d\u300d",
    "PhraseFontSize": 2,
    "PhraseSpeed": 3,
    "IsPhraseCenter": false,
    "SpeechMCharacterId": null,
    "IsSpeakingFlags": 4,
    "FrameImage": 0,
    "VoiceFileName": "e_42003210_029",
    "BackgroundImage": "",
    "BGM": "",
    "SE": "",
    "Effect": null,
    "BackgroundEffectType": 0,
    "StandCharacters": [
      {
        "MCharacterId": 28201,
        "Position": 3,
        "Action": 0,
        "Emotion": 0,
        "FacialExpression": 5,
        "EnterAction": 1
      }
    ],
    "StillDetail": {
      "AnimationName": "",
      "AnimationSpeed": null,
      "CameraZoomRatio": null,
      "CameraPositionX": null,
      "CameraPositionY": null,
      "CameraWorkDuration": null,
      "CameraRotation": null
    }
  },
  {
    "GroupOrder": 51,
    "ViewOrder": 1,
    "Name": "\u30e0\u30eb\u30de\u30f3\u30b9\u30af",
    "Phrase": "\u300c\u3058\u3083\u3042\u300e\u3075\u3085\u3063\u305b\u3093\u300f\u3055\u3093\u3082\u3001\\n\u3000\u300e\u3053\u308f\u3044\u300f\u3060\u3051\u306e\u3072\u3068\u3058\u3083\u306a\u3044\u306e\u304b\u306a\u3041\u2026\u2026\uff1f\u300d",
    "PhraseFontSize": 2,
    "PhraseSpeed": 3,
    "IsPhraseCenter": false,
    "SpeechMCharacterId": null,
    "IsSpeakingFlags": 4,
    "FrameImage": 0,
    "VoiceFileName": "e_42003210_030",
    "BackgroundImage": "",
    "BGM": "",
    "SE": "",
    "Effect": null,
    "BackgroundEffectType": 0,
    "StandCharacters": [
      {
        "MCharacterId": 28201,
        "Position": 3,
        "Action": 0,
        "Emotion": 8,
        "FacialExpression": 0,
        "EnterAction": 0
      }
    ],
    "StillDetail": {
      "AnimationName": "",
      "AnimationSpeed": null,
      "CameraZoomRatio": null,
      "CameraPositionX": null,
      "CameraPositionY": null,
      "CameraWorkDuration": null,
      "CameraRotation": null
    }
  },
  {
    "GroupOrder": 52,
    "ViewOrder": 1,
    "Name": "\u30d5\u30e5\u30c3\u30bb\u30f3",
    "Phrase": "\u300c\u3053\u3001\u6016\u3044\u3068\u601d\u308f\u308c\u3066\u3044\u305f\u306e\u304b\u306d\uff01\uff1f\\n\u3000\u4f55\u6545\u3060\u30e0\u30eb\u30de\u30f3\u30b9\u30af\u305f\u3093\u3063\u3001\\n\u3000\u4f59\u306f\u5e38\u306b\u3053\u306e\u3088\u3046\u306b\u71c3\u3048\u3055\u304b\u308b\u708e\u306e\u5982\u304d\u611b\u3092\u4ee5\u3066\u63a5\u3057\u3066\u3044\u308b\u3068\u3044\u3046\u306e\u306b\uff01\u300d",
    "PhraseFontSize": 2,
    "PhraseSpeed": 3,
    "IsPhraseCenter": false,
    "SpeechMCharacterId": null,
    "IsSpeakingFlags": 4,
    "FrameImage": 0,
    "VoiceFileName": "e_42003210_031",
    "BackgroundImage": "",
    "BGM": "",
    "SE": "",
    "Effect": null,
    "BackgroundEffectType": 0,
    "StandCharacters": [
      {
        "MCharacterId": 17201,
        "Position": 3,
        "Action": 1,
        "Emotion": 5,
        "FacialExpression": 6,
        "EnterAction": 1
      }
    ],
    "StillDetail": {
      "AnimationName": "",
      "AnimationSpeed": null,
      "CameraZoomRatio": null,
      "CameraPositionX": null,
      "CameraPositionY": null,
      "CameraWorkDuration": null,
      "CameraRotation": null
    }
  },
  {
    "GroupOrder": 53,
    "ViewOrder": 1,
    "Name": "\u30ab\u30fc\u30eb\u30b9\u30eb\u30fc\u30a8",
    "Phrase": "\u300c\u3044\u3084\u3001\u3060\u304b\u3089\u305d\u308c\u304c\u91cd\u3059\u304e\u3066\u30ad\u30e2\u304f\u3066\u6016\u3044\u306e\u3067\u306f\uff1f\\n\u3000\u4f55\u3092\u611b\u597d\u3057\u3088\u3046\u304c\u500b\u4eba\u306e\u81ea\u7531\u3067\u3059\u3051\u3069\u3001\\n\u3000\u3042\u306e\u904a\u5712\u5730\u307f\u305f\u3044\u306b\u6b21\u3005\u306b\u5b50\u4f9b\u3092\u652b\u3063\u305f\u308a\u3057\u306a\u3044\u3067\u304f\u3060\u3055\u3044\u306d\u3047\uff1f\u300d",
    "PhraseFontSize": 2,
    "PhraseSpeed": 3,
    "IsPhraseCenter": false,
    "SpeechMCharacterId": null,
    "IsSpeakingFlags": 8,
    "FrameImage": 0,
    "VoiceFileName": "e_42003210_032",
    "BackgroundImage": "",
    "BGM": "",
    "SE": "",
    "Effect": null,
    "BackgroundEffectType": 0,
    "StandCharacters": [
      {
        "MCharacterId": 19201,
        "Position": 2,
        "Action": 0,
        "Emotion": 0,
        "FacialExpression": 4,
        "EnterAction": 1
      },
      {
        "MCharacterId": 26201,
        "Position": 4,
        "Action": 0,
        "Emotion": 0,
        "FacialExpression": 0,
        "EnterAction": 1
      }
    ],
    "StillDetail": {
      "AnimationName": "",
      "AnimationSpeed": null,
      "CameraZoomRatio": null,
      "CameraPositionX": null,
      "CameraPositionY": null,
      "CameraWorkDuration": null,
      "CameraRotation": null
    }
  },
  {
    "GroupOrder": 54,
    "ViewOrder": 1,
    "Name": "\u30e9\u30a4\u30d7\u30c4\u30a3\u30d2",
    "Phrase": "\u300c\u306f\u3044\u3002\u4eca\u3067\u306f\u6211\u3089\u3082\u540c\u3058\u7279\u9244\u968a\u306e\u4ef2\u9593\u3067\u3059\u3001\\n\u3000\u6bbf\u4e0b\u3092\u72af\u7f6a\u8005\u3068\u3057\u3066\u7cfe\u5f3e\u3059\u308b\u306e\u3082\u3084\u3084\u5fc3\u82e6\u3057\u3044\u3067\u3059\u306e\u3067\u300d",
    "PhraseFontSize": 2,
    "PhraseSpeed": 3,
    "IsPhraseCenter": false,
    "SpeechMCharacterId": null,
    "IsSpeakingFlags": 2,
    "FrameImage": 0,
    "VoiceFileName": "e_42003210_033",
    "BackgroundImage": "",
    "BGM": "",
    "SE": "",
    "Effect": null,
    "BackgroundEffectType": 0,
    "StandCharacters": [
      {
        "MCharacterId": 19201,
        "Position": 2,
        "Action": 0,
        "Emotion": 0,
        "FacialExpression": 4,
        "EnterAction": 0
      },
      {
        "MCharacterId": 26201,
        "Position": 4,
        "Action": 5,
        "Emotion": 0,
        "FacialExpression": 4,
        "EnterAction": 0
      }
    ],
    "StillDetail": {
      "AnimationName": "",
      "AnimationSpeed": null,
      "CameraZoomRatio": null,
      "CameraPositionX": null,
      "CameraPositionY": null,
      "CameraWorkDuration": null,
      "CameraRotation": null
    }
  },
  {
    "GroupOrder": 55,
    "ViewOrder": 1,
    "Name": "\u30d5\u30e5\u30c3\u30bb\u30f3",
    "Phrase": "\u300c\u8ab0\u304c\u72af\u7f6a\u8005\u3060\u3063\u3001\u8cb4\u69d8\u3089\u306f\u8cb4\u65cf\u306b\u5bfe\u3059\u308b\u53e3\u306e\u5229\u304d\u65b9\u304c\u2015\u2015\u300d",
    "PhraseFontSize": 2,
    "PhraseSpeed": 3,
    "IsPhraseCenter": false,
    "SpeechMCharacterId": null,
    "IsSpeakingFlags": 4,
    "FrameImage": 1,
    "VoiceFileName": "e_42003210_034",
    "BackgroundImage": "",
    "BGM": "",
    "SE": "",
    "Effect": null,
    "BackgroundEffectType": 0,
    "StandCharacters": [
      {
        "MCharacterId": 17201,
        "Position": 3,
        "Action": 1,
        "Emotion": 0,
        "FacialExpression": 3,
        "EnterAction": 1
      }
    ],
    "StillDetail": {
      "AnimationName": "",
      "AnimationSpeed": null,
      "CameraZoomRatio": null,
      "CameraPositionX": null,
      "CameraPositionY": null,
      "CameraWorkDuration": null,
      "CameraRotation": null
    }
  },
  {
    "GroupOrder": 56,
    "ViewOrder": 1,
    "Name": "",
    "Phrase": "\u3044\u3064\u307e\u3067\u3082\u59e6\u3057\u304f\u9a12\u3044\u3067\u3044\u308b\u307f\u3093\u306a\u3092\u3001\\n\u30e0\u30eb\u30de\u30f3\u30b9\u30af\u304c\u3069\u3053\u304b\u5fae\u7b11\u307e\u3057\u3052\u306b\u773a\u3081\u3066\u3044\u308b\u3002\\n\u308f\u3056\u308f\u3056\u904a\u5712\u5730\u306a\u3069\u306b\u884c\u304b\u306a\u304f\u3066\u3082\u3001\\n\u3053\u306e\u4e16\u306b\u306f\u6109\u5feb\u306a\u3053\u3068\u304c\u5c71\u307b\u3069\u3042\u308b\u306e\u3060\u3002",
    "PhraseFontSize": 2,
    "PhraseSpeed": 3,
    "IsPhraseCenter": false,
    "SpeechMCharacterId": null,
    "IsSpeakingFlags": 0,
    "FrameImage": 0,
    "VoiceFileName": "",
    "BackgroundImage": "",
    "BGM": "",
    "SE": "",
    "Effect": null,
    "BackgroundEffectType": 0,
    "StandCharacters": [
      {
        "MCharacterId": 28201,
        "Position": 3,
        "Action": 0,
        "Emotion": 1,
        "FacialExpression": 5,
        "EnterAction": 1
      }
    ],
    "StillDetail": {
      "AnimationName": "",
      "AnimationSpeed": null,
      "CameraZoomRatio": null,
      "CameraPositionX": null,
      "CameraPositionY": null,
      "CameraWorkDuration": null,
      "CameraRotation": null
    }
  },
  {
    "GroupOrder": 57,
    "ViewOrder": 1,
    "Name": "\u30d5\u30a7\u30eb\u30af\u30ea\u30f3\u30b2\u30f3",
    "Phrase": "\u300c\u3080\u3050\u3001\u3046\u2026\u2026\u300d",
    "PhraseFontSize": 2,
    "PhraseSpeed": 3,
    "IsPhraseCenter": false,
    "SpeechMCharacterId": null,
    "IsSpeakingFlags": 4,
    "FrameImage": 0,
    "VoiceFileName": "e_42003210_035",
    "BackgroundImage": "",
    "BGM": "",
    "SE": "",
    "Effect": null,
    "BackgroundEffectType": 0,
    "StandCharacters": [
      {
        "MCharacterId": 5201,
        "Position": 3,
        "Action": 5,
        "Emotion": 0,
        "FacialExpression": 7,
        "EnterAction": 1
      }
    ],
    "StillDetail": {
      "AnimationName": "",
      "AnimationSpeed": null,
      "CameraZoomRatio": null,
      "CameraPositionX": null,
      "CameraPositionY": null,
      "CameraWorkDuration": null,
      "CameraRotation": null
    }
  },
  {
    "GroupOrder": 58,
    "ViewOrder": 1,
    "Name": "",
    "Phrase": "\u5e78\u305b\u305d\u3046\u306a\u30e0\u30eb\u30de\u30f3\u30b9\u30af\u306b\u5bc6\u7740\u3055\u308c\u305f\u307e\u307e\u3001\\n\u30d5\u30a7\u30eb\u30af\u30ea\u30f3\u30b2\u30f3\u304c\u3046\u308b\u3055\u305d\u3046\u306b\u7709\u3092\u3072\u305d\u3081\u3066\u5bdd\u8fd4\u308a\u3092\u6253\u3063\u305f\u3002",
    "PhraseFontSize": 2,
    "PhraseSpeed": 3,
    "IsPhraseCenter": false,
    "SpeechMCharacterId": null,
    "IsSpeakingFlags": 0,
    "FrameImage": 0,
    "VoiceFileName": "",
    "BackgroundImage": "",
    "BGM": "",
    "SE": "",
    "Effect": null,
    "BackgroundEffectType": 0,
    "StandCharacters": [
      {
        "MCharacterId": 5201,
        "Position": 3,
        "Action": 0,
        "Emotion": 0,
        "FacialExpression": 7,
        "EnterAction": 0
      }
    ],
    "StillDetail": {
      "AnimationName": "",
      "AnimationSpeed": null,
      "CameraZoomRatio": null,
      "CameraPositionX": null,
      "CameraPositionY": null,
      "CameraWorkDuration": null,
      "CameraRotation": null
    }
  },
  {
    "GroupOrder": 59,
    "ViewOrder": 1,
    "Name": "\u30d5\u30a7\u30eb\u30af\u30ea\u30f3\u30b2\u30f3",
    "Phrase": "\u300c\u30d1\u30d1\u3001\u30de\u30de\u2015\u2015\u300d",
    "PhraseFontSize": 2,
    "PhraseSpeed": 3,
    "IsPhraseCenter": false,
    "SpeechMCharacterId": null,
    "IsSpeakingFlags": 4,
    "FrameImage": 0,
    "VoiceFileName": "e_42003210_036",
    "BackgroundImage": "",
    "BGM": "",
    "SE": "",
    "Effect": null,
    "BackgroundEffectType": 0,
    "StandCharacters": [
      {
        "MCharacterId": 5201,
        "Position": 3,
        "Action": 0,
        "Emotion": 0,
        "FacialExpression": 7,
        "EnterAction": 0
      }
    ],
    "StillDetail": {
      "AnimationName": "",
      "AnimationSpeed": null,
      "CameraZoomRatio": null,
      "CameraPositionX": null,
      "CameraPositionY": null,
      "CameraWorkDuration": null,
      "CameraRotation": null
    }
  },
  {
    "GroupOrder": 60,
    "ViewOrder": 1,
    "Name": "",
    "Phrase": "\u4e21\u89aa\u3068\u306e\u304b\u3064\u3066\u306e\u601d\u3044\u51fa\u3092\u5922\u306b\u898b\u3066\u3044\u308b\u306e\u3060\u308d\u3046\u3002\\n\u5f7c\u5973\u306f\u76ee\u5c3b\u306b\u6d99\u3092\u6d6e\u304b\u3079\u3066\u3001\u3061\u3044\u3055\u304f\u5bdd\u8a00\u3092\u6f0f\u3089\u3057\u305f\u3002",
    "PhraseFontSize": 2,
    "PhraseSpeed": 3,
    "IsPhraseCenter": false,
    "SpeechMCharacterId": null,
    "IsSpeakingFlags": 0,
    "FrameImage": 0,
    "VoiceFileName": "",
    "BackgroundImage": "",
    "BGM": "",
    "SE": "",
    "Effect": null,
    "BackgroundEffectType": 0,
    "StandCharacters": [
      {
        "MCharacterId": 5201,
        "Position": 3,
        "Action": 0,
        "Emotion": 0,
        "FacialExpression": 7,
        "EnterAction": 0
      }
    ],
    "StillDetail": {
      "AnimationName": "",
      "AnimationSpeed": null,
      "CameraZoomRatio": null,
      "CameraPositionX": null,
      "CameraPositionY": null,
      "CameraWorkDuration": null,
      "CameraRotation": null
    }
  },
  {
    "GroupOrder": 61,
    "ViewOrder": 1,
    "Name": "\u30d5\u30a7\u30eb\u30af\u30ea\u30f3\u30b2\u30f3",
    "Phrase": "\u300c\u3042\u308a\u304c\u3068\u3046\u3001\u3060\u3041\u3044\u597d\u304d\u3088\u2026\u2026\u3002\\n\u3000\u3042\u305f\u3057\u3001\u305a\u3063\u3068\u904a\u5712\u5730\u306b\u6765\u3066\u307f\u305f\u304b\u3063\u305f\u306e\u300d",
    "PhraseFontSize": 2,
    "PhraseSpeed": 3,
    "IsPhraseCenter": false,
    "SpeechMCharacterId": null,
    "IsSpeakingFlags": 4,
    "FrameImage": 0,
    "VoiceFileName": "e_42003210_037",
    "BackgroundImage": "",
    "BGM": "",
    "SE": "",
    "Effect": null,
    "BackgroundEffectType": 0,
    "StandCharacters": [
      {
        "MCharacterId": 5201,
        "Position": 3,
        "Action": 0,
        "Emotion": 0,
        "FacialExpression": 5,
        "EnterAction": 0
      }
    ],
    "StillDetail": {
      "AnimationName": "",
      "AnimationSpeed": null,
      "CameraZoomRatio": null,
      "CameraPositionX": null,
      "CameraPositionY": null,
      "CameraWorkDuration": null,
      "CameraRotation": null
    }
  }
]