﻿[
  {
    "GroupOrder": 1,
    "ViewOrder": 1,
    "Name": "",
    "Phrase": "\u30d5\u30a7\u30eb\u30af\u30ea\u30f3\u30b2\u30f3\u3068\u4e8c\u4eba\u3067\u3001\u7d14\u767d\u306e\u9f8d\u2015\u2015\u30b7\u30f3\u30c7\u30ec\u30e9\u306e\u80cc\u4e2d\u306b\u8de8\u304c\u3063\u305f\u3002",
    "PhraseFontSize": 2,
    "PhraseSpeed": 3,
    "IsPhraseCenter": false,
    "SpeechMCharacterId": null,
    "IsSpeakingFlags": 0,
    "FrameImage": 0,
    "VoiceFileName": "",
    "BackgroundImage": "108202",
    "BGM": "adv_01",
    "SE": "",
    "Effect": null,
    "BackgroundEffectType": 0,
    "StandCharacters": [],
    "StillDetail": {
      "AnimationName": "",
      "AnimationSpeed": null,
      "CameraZoomRatio": null,
      "CameraPositionX": null,
      "CameraPositionY": null,
      "CameraWorkDuration": null,
      "CameraRotation": null
    }
  },
  {
    "GroupOrder": 2,
    "ViewOrder": 1,
    "Name": "",
    "Phrase": "\u30d5\u30a7\u30eb\u30af\u30ea\u30f3\u30b2\u30f3\u304c\u524d\u3067\u3001\u3053\u3061\u3089\u304c\u5f8c\u308d\u3060\u3002\\n\u5148\u307b\u3069\u3082\u5f7c\u5973\u3092\u819d\u306e\u4e0a\u306b\u4e57\u305b\u3066\u3044\u305f\u306e\u3067\u3001\\n\u4f55\u3060\u304b\u3053\u3046\u3057\u3066\u5bc6\u7740\u3059\u308b\u306e\u306b\u3082\u6163\u308c\u3066\u3057\u307e\u3063\u3066\u3044\u305f\u3002",
    "PhraseFontSize": 2,
    "PhraseSpeed": 3,
    "IsPhraseCenter": false,
    "SpeechMCharacterId": null,
    "IsSpeakingFlags": 0,
    "FrameImage": 0,
    "VoiceFileName": "",
    "BackgroundImage": "",
    "BGM": "",
    "SE": "",
    "Effect": null,
    "BackgroundEffectType": 0,
    "StandCharacters": [],
    "StillDetail": {
      "AnimationName": "",
      "AnimationSpeed": null,
      "CameraZoomRatio": null,
      "CameraPositionX": null,
      "CameraPositionY": null,
      "CameraWorkDuration": null,
      "CameraRotation": null
    }
  },
  {
    "GroupOrder": 3,
    "ViewOrder": 1,
    "Name": "\u30d5\u30a7\u30eb\u30af\u30ea\u30f3\u30b2\u30f3",
    "Phrase": "\u300c\u3057\u3063\u304b\u308a\u63b4\u307e\u3063\u3066\u306a\u3055\u3044\u3088\u3001\u8eca\u638c\u3002\\n\u3000\u64cd\u7e26\u306f\u4efb\u305b\u3066\u2015\u2015\u3055\u3059\u304c\u306b\u30c9\u30e9\u30b4\u30f3\u306b\u9a0e\u4e57\u3059\u308b\u306e\u306f\u521d\u3081\u3066\u3060\u3051\u3069\u3001\\n\u3000\u3053\u308c\u3067\u3082\u30ac\u30ad\u306e\u3053\u308d\u304b\u3089\u4e57\u99ac\u306f\u55dc\u3093\u3067\u308b\u3093\u3060\u304b\u3089\u300d",
    "PhraseFontSize": 2,
    "PhraseSpeed": 3,
    "IsPhraseCenter": false,
    "SpeechMCharacterId": null,
    "IsSpeakingFlags": 4,
    "FrameImage": 0,
    "VoiceFileName": "e_42003209_001",
    "BackgroundImage": "",
    "BGM": "",
    "SE": "",
    "Effect": null,
    "BackgroundEffectType": 0,
    "StandCharacters": [
      {
        "MCharacterId": 5201,
        "Position": 3,
        "Action": 0,
        "Emotion": 0,
        "FacialExpression": 3,
        "EnterAction": 1
      }
    ],
    "StillDetail": {
      "AnimationName": "",
      "AnimationSpeed": null,
      "CameraZoomRatio": null,
      "CameraPositionX": null,
      "CameraPositionY": null,
      "CameraWorkDuration": null,
      "CameraRotation": null
    }
  },
  {
    "GroupOrder": 4,
    "ViewOrder": 1,
    "Name": "\u30b7\u30f3\u30c7\u30ec\u30e9",
    "Phrase": "\u300e\u307e\u3041\u632f\u308a\u843d\u3068\u3055\u308c\u306a\u3044\u3088\u3046\u306b\u3060\u3051\u6c17\u3092\u3064\u3051\u3066\u3044\u305f\u3060\u3051\u308c\u3070\u3001\\n\u3000\u79c1\u306e\u307b\u3046\u3067\u30d0\u30e9\u30f3\u30b9\u306e\u5236\u5fa1\u306a\u3069\u306f\u3057\u307e\u3059\u304c\u3002\\n\u3000\u2026\u2026\u4e0a\u6607\u3044\u305f\u3057\u307e\u3059\u3088\u3001\u820c\u3092\u565b\u307e\u306c\u3088\u3046\u306b\u3054\u6ce8\u610f\u304f\u3060\u3055\u3044\u307e\u3057\u300f",
    "PhraseFontSize": 2,
    "PhraseSpeed": 3,
    "IsPhraseCenter": false,
    "SpeechMCharacterId": 102,
    "IsSpeakingFlags": 0,
    "FrameImage": 0,
    "VoiceFileName": "",
    "BackgroundImage": "",
    "BGM": "",
    "SE": "",
    "Effect": null,
    "BackgroundEffectType": 0,
    "StandCharacters": [
      {
        "MCharacterId": 5201,
        "Position": 3,
        "Action": 0,
        "Emotion": 0,
        "FacialExpression": 3,
        "EnterAction": 0
      }
    ],
    "StillDetail": {
      "AnimationName": "",
      "AnimationSpeed": null,
      "CameraZoomRatio": null,
      "CameraPositionX": null,
      "CameraPositionY": null,
      "CameraWorkDuration": null,
      "CameraRotation": null
    }
  },
  {
    "GroupOrder": 5,
    "ViewOrder": 1,
    "Name": "",
    "Phrase": "\u304d\u3061\u3093\u3068\u6ce8\u610f\u4e8b\u9805\u3092\u4f1d\u3048\u3066\u304f\u308c\u3066\u304b\u3089\u3001\\n\u30b7\u30f3\u30c7\u30ec\u30e9\u304c\u7ffc\u3092\u5927\u304d\u304f\u7fbd\u3070\u305f\u304b\u305b\u308b\u3002\\n\u77ac\u9593\u2015\u2015\u904a\u5712\u5730\u306e\u30a2\u30c8\u30e9\u30af\u30b7\u30e7\u30f3\u306a\u3069\u6bd4\u8f03\u306b\u306a\u3089\u306a\u3044\u307b\u3069\u306e\u901f\u5ea6\u3067\u3001\\n\u6211\u3005\u306f\u5782\u76f4\u306b\u4e0a\u6607\u3059\u308b\u3002",
    "PhraseFontSize": 2,
    "PhraseSpeed": 3,
    "IsPhraseCenter": false,
    "SpeechMCharacterId": null,
    "IsSpeakingFlags": 0,
    "FrameImage": 0,
    "VoiceFileName": "",
    "BackgroundImage": "",
    "BGM": "",
    "SE": "",
    "Effect": null,
    "BackgroundEffectType": 0,
    "StandCharacters": [],
    "StillDetail": {
      "AnimationName": "",
      "AnimationSpeed": null,
      "CameraZoomRatio": null,
      "CameraPositionX": null,
      "CameraPositionY": null,
      "CameraWorkDuration": null,
      "CameraRotation": null
    }
  },
  {
    "GroupOrder": 6,
    "ViewOrder": 1,
    "Name": "\u30a4\u30a8\u30c6\u30a3",
    "Phrase": "\u300c\u30e2\u30a9\u30a9\u30aa\u30aa\u30aa\u3001\u30e2\u30a9\u30aa\u30aa\u30aa\u30aa\u300d",
    "PhraseFontSize": 2,
    "PhraseSpeed": 3,
    "IsPhraseCenter": false,
    "SpeechMCharacterId": null,
    "IsSpeakingFlags": 4,
    "FrameImage": 0,
    "VoiceFileName": "",
    "BackgroundImage": "",
    "BGM": "",
    "SE": "",
    "Effect": null,
    "BackgroundEffectType": 0,
    "StandCharacters": [
      {
        "MCharacterId": 122,
        "Position": 3,
        "Action": 0,
        "Emotion": 0,
        "FacialExpression": 0,
        "EnterAction": 1
      }
    ],
    "StillDetail": {
      "AnimationName": "",
      "AnimationSpeed": null,
      "CameraZoomRatio": null,
      "CameraPositionX": null,
      "CameraPositionY": null,
      "CameraWorkDuration": null,
      "CameraRotation": null
    }
  },
  {
    "GroupOrder": 7,
    "ViewOrder": 1,
    "Name": "",
    "Phrase": "\u76f4\u5f8c\u3001\u5468\u56f2\u306b\u4e26\u3093\u3060\u5efa\u7269\u306e\u9670\u306a\u3069\u304b\u3089\u3001\u7121\u6570\u306e\u30a4\u30a8\u30c6\u30a3\u304c\u6e67\u304d\u3060\u3057\u3066\u304f\u308b\u3002\\n\u5f7c\u3089\u306f\u3084\u306f\u308a\u920d\u91cd\u305d\u3046\u306a\u898b\u305f\u76ee\u306b\u53cd\u3057\u305f\u901f\u5ea6\u3067\u7a81\u9032\u3057\u3066\u304d\u3066\u3001\\n\u3053\u3061\u3089\u306b\u624b\u3092\u4f38\u3070\u3057\u3066\u304d\u305f\u304c\u2015\u2015\u3002",
    "PhraseFontSize": 2,
    "PhraseSpeed": 3,
    "IsPhraseCenter": false,
    "SpeechMCharacterId": null,
    "IsSpeakingFlags": 0,
    "FrameImage": 0,
    "VoiceFileName": "",
    "BackgroundImage": "",
    "BGM": "",
    "SE": "",
    "Effect": null,
    "BackgroundEffectType": 0,
    "StandCharacters": [
      {
        "MCharacterId": 122,
        "Position": 2,
        "Action": 1,
        "Emotion": 0,
        "FacialExpression": 0,
        "EnterAction": 1
      },
      {
        "MCharacterId": 127,
        "Position": 4,
        "Action": 1,
        "Emotion": 0,
        "FacialExpression": 0,
        "EnterAction": 1
      }
    ],
    "StillDetail": {
      "AnimationName": "",
      "AnimationSpeed": null,
      "CameraZoomRatio": null,
      "CameraPositionX": null,
      "CameraPositionY": null,
      "CameraWorkDuration": null,
      "CameraRotation": null
    }
  },
  {
    "GroupOrder": 8,
    "ViewOrder": 1,
    "Name": "\u30d5\u30a7\u30eb\u30af\u30ea\u30f3\u30b2\u30f3",
    "Phrase": "\u300c\u307a\u3063\u307a\uff01\u3000\u99b4\u308c\u99b4\u308c\u3057\u304f\u8fd1\u3065\u3044\u3066\u304d\u3066\u3093\u3058\u3083\u306a\u3044\u308f\u3088\u3063\u3001\\n\u3000\u3055\u3063\u3055\u3068\u5e30\u3063\u3066\u30af\u30bd\u3057\u3066\u5bdd\u308d\uff01\u300d",
    "PhraseFontSize": 2,
    "PhraseSpeed": 3,
    "IsPhraseCenter": false,
    "SpeechMCharacterId": null,
    "IsSpeakingFlags": 4,
    "FrameImage": 0,
    "VoiceFileName": "e_42003209_002",
    "BackgroundImage": "",
    "BGM": "",
    "SE": "",
    "Effect": null,
    "BackgroundEffectType": 0,
    "StandCharacters": [
      {
        "MCharacterId": 5201,
        "Position": 3,
        "Action": 1,
        "Emotion": 0,
        "FacialExpression": 3,
        "EnterAction": 0
      }
    ],
    "StillDetail": {
      "AnimationName": "",
      "AnimationSpeed": null,
      "CameraZoomRatio": null,
      "CameraPositionX": null,
      "CameraPositionY": null,
      "CameraWorkDuration": null,
      "CameraRotation": null
    }
  },
  {
    "GroupOrder": 9,
    "ViewOrder": 1,
    "Name": "",
    "Phrase": "\u6c5a\u3044\u8a00\u8449\u3068\u553e\u3092\u5410\u304d\u306a\u304c\u3089\u3001\\n\u30d5\u30a7\u30eb\u30af\u30ea\u30f3\u30b2\u30f3\u304c\u305d\u3093\u306a\u5f7c\u3089\u306b\u4e2d\u6307\u3092\u7acb\u3066\u308b\u3002",
    "PhraseFontSize": 2,
    "PhraseSpeed": 3,
    "IsPhraseCenter": false,
    "SpeechMCharacterId": null,
    "IsSpeakingFlags": 0,
    "FrameImage": 0,
    "VoiceFileName": "",
    "BackgroundImage": "",
    "BGM": "",
    "SE": "",
    "Effect": null,
    "BackgroundEffectType": 0,
    "StandCharacters": [
      {
        "MCharacterId": 5201,
        "Position": 3,
        "Action": 0,
        "Emotion": 0,
        "FacialExpression": 3,
        "EnterAction": 0
      }
    ],
    "StillDetail": {
      "AnimationName": "",
      "AnimationSpeed": null,
      "CameraZoomRatio": null,
      "CameraPositionX": null,
      "CameraPositionY": null,
      "CameraWorkDuration": null,
      "CameraRotation": null
    }
  },
  {
    "GroupOrder": 10,
    "ViewOrder": 1,
    "Name": "",
    "Phrase": "\u30a4\u30a8\u30c6\u30a3\u305f\u3061\u306f\u3069\u3053\u304b\u6094\u3057\u305d\u3046\u306b\u5538\u3063\u3066\u3044\u305f\u304c\u3001\\n\u305d\u3093\u306a\u5f7c\u5973\u3092\u525b\u6bdb\u306e\u5965\u304b\u3089\u7768\u307f\u3064\u3051\u308b\u3060\u3051\u3067\u624b\u51fa\u3057\u306f\u3067\u304d\u306a\u3044\u3002\\n\u3059\u3067\u306b\u6211\u3005\u306f\u3001\u96f2\u304c\u771f\u4e0b\u306b\u898b\u3048\u305d\u3046\u306a\u9ad8\u9ad8\u5ea6\u306b\u9054\u3057\u3066\u3044\u308b\u3002",
    "PhraseFontSize": 2,
    "PhraseSpeed": 3,
    "IsPhraseCenter": false,
    "SpeechMCharacterId": null,
    "IsSpeakingFlags": 0,
    "FrameImage": 0,
    "VoiceFileName": "",
    "BackgroundImage": "",
    "BGM": "",
    "SE": "",
    "Effect": null,
    "BackgroundEffectType": 0,
    "StandCharacters": [
      {
        "MCharacterId": 122,
        "Position": 2,
        "Action": 0,
        "Emotion": 0,
        "FacialExpression": 0,
        "EnterAction": 1
      },
      {
        "MCharacterId": 127,
        "Position": 4,
        "Action": 0,
        "Emotion": 0,
        "FacialExpression": 0,
        "EnterAction": 1
      }
    ],
    "StillDetail": {
      "AnimationName": "",
      "AnimationSpeed": null,
      "CameraZoomRatio": null,
      "CameraPositionX": null,
      "CameraPositionY": null,
      "CameraWorkDuration": null,
      "CameraRotation": null
    }
  },
  {
    "GroupOrder": 11,
    "ViewOrder": 1,
    "Name": "\u30d5\u30a7\u30eb\u30af\u30ea\u30f3\u30b2\u30f3",
    "Phrase": "\u300c\u6025\u3044\u3067\uff01\u3000\u3082\u3063\u3068\u901f\u304f\uff01\\n\u3000\u3055\u3063\u3055\u3068\u52a9\u3051\u306a\u3044\u3068\u3001\u30e0\u30eb\u30de\u30f3\u30b9\u30af\u304c\u2015\u2015\u300d",
    "PhraseFontSize": 2,
    "PhraseSpeed": 3,
    "IsPhraseCenter": false,
    "SpeechMCharacterId": null,
    "IsSpeakingFlags": 4,
    "FrameImage": 1,
    "VoiceFileName": "e_42003209_003",
    "BackgroundImage": "",
    "BGM": "",
    "SE": "",
    "Effect": null,
    "BackgroundEffectType": 0,
    "StandCharacters": [
      {
        "MCharacterId": 5201,
        "Position": 3,
        "Action": 0,
        "Emotion": 5,
        "FacialExpression": 3,
        "EnterAction": 0
      }
    ],
    "StillDetail": {
      "AnimationName": "",
      "AnimationSpeed": null,
      "CameraZoomRatio": null,
      "CameraPositionX": null,
      "CameraPositionY": null,
      "CameraWorkDuration": null,
      "CameraRotation": null
    }
  },
  {
    "GroupOrder": 12,
    "ViewOrder": 1,
    "Name": "",
    "Phrase": "\u30d5\u30a7\u30eb\u30af\u30ea\u30f3\u30b2\u30f3\u304c\u6012\u9cf4\u308a\u306a\u304c\u3089\u3001\u30b7\u30f3\u30c7\u30ec\u30e9\u306e\u9996\u7b4b\u3092\u4f55\u5ea6\u3082\u53e9\u304f\u3002\\n\u6c17\u304c\u6025\u3044\u3066\u3044\u308b\u306e\u306f\u3053\u3061\u3089\u3082\u540c\u3058\u3060\u304c\u3001\\n\u76ee\u3082\u958b\u3051\u3066\u3044\u3089\u308c\u306a\u3044\u3088\u3046\u306a\u901f\u5ea6\u3067\u2015\u2015\u5468\u308a\u304c\u307e\u3063\u305f\u304f\u898b\u3048\u305a\u3001\\n\u6c37\u67f1\u306b\u7d61\u3081\u53d6\u3089\u308c\u3066\u652b\u308f\u308c\u305f\u30e0\u30eb\u30de\u30f3\u30b9\u30af\u306e\u73fe\u5728\u4f4d\u7f6e\u3082\u63b4\u3081\u306a\u3044\u3002",
    "PhraseFontSize": 2,
    "PhraseSpeed": 3,
    "IsPhraseCenter": false,
    "SpeechMCharacterId": null,
    "IsSpeakingFlags": 0,
    "FrameImage": 0,
    "VoiceFileName": "",
    "BackgroundImage": "",
    "BGM": "",
    "SE": "",
    "Effect": null,
    "BackgroundEffectType": 0,
    "StandCharacters": [
      {
        "MCharacterId": 5201,
        "Position": 3,
        "Action": 0,
        "Emotion": 0,
        "FacialExpression": 4,
        "EnterAction": 0
      }
    ],
    "StillDetail": {
      "AnimationName": "",
      "AnimationSpeed": null,
      "CameraZoomRatio": null,
      "CameraPositionX": null,
      "CameraPositionY": null,
      "CameraWorkDuration": null,
      "CameraRotation": null
    }
  },
  {
    "GroupOrder": 13,
    "ViewOrder": 1,
    "Name": "\u30b7\u30f3\u30c7\u30ec\u30e9",
    "Phrase": "\u300e\u7a7a\u6c17\u304c\u8584\u3044\u3067\u3059\u306e\u3067\u3001\u3042\u307e\u308a\u53eb\u3070\u306c\u3088\u3046\u306b\u304a\u9858\u3044\u3057\u307e\u3059\u3002\\n\u3000\u9178\u6b20\u3067\u5931\u795e\u3057\u307e\u3059\u3088\u2015\u2015\u305f\u3060\u3067\u3055\u3048\u7686\u3055\u3093\u306f\u3001\\n\u3000\u3053\u306e\u3088\u3046\u306a\u98db\u7fd4\u306b\u306f\u6163\u308c\u3066\u3044\u306a\u3044\u3067\u3057\u3087\u3046\u3057\u306d\u300f",
    "PhraseFontSize": 2,
    "PhraseSpeed": 3,
    "IsPhraseCenter": false,
    "SpeechMCharacterId": null,
    "IsSpeakingFlags": 4,
    "FrameImage": 0,
    "VoiceFileName": "",
    "BackgroundImage": "",
    "BGM": "",
    "SE": "",
    "Effect": null,
    "BackgroundEffectType": 0,
    "StandCharacters": [
      {
        "MCharacterId": 102,
        "Position": 3,
        "Action": 0,
        "Emotion": 0,
        "FacialExpression": 0,
        "EnterAction": 1
      }
    ],
    "StillDetail": {
      "AnimationName": "",
      "AnimationSpeed": null,
      "CameraZoomRatio": null,
      "CameraPositionX": null,
      "CameraPositionY": null,
      "CameraWorkDuration": null,
      "CameraRotation": null
    }
  },
  {
    "GroupOrder": 14,
    "ViewOrder": 1,
    "Name": "\u30b7\u30f3\u30c7\u30ec\u30e9",
    "Phrase": "\u300e\u6fc0\u3057\u3044\u4e0a\u4e0b\u52d5\u3082\u3001\u4eba\u4f53\u306b\u306f\u6709\u5bb3\u3067\u3059\u3002\\n\u3000\u9577\u8ddd\u96e2\u3092\u9632\u5099\u3082\u306a\u304f\u98db\u3079\u3070\u51cd\u6b7b\u3057\u304b\u306d\u307e\u305b\u3093\u3057\u306d\u3001\\n\u3000\u3060\u304b\u3089\u3053\u305d\u8ab0\u3082\u4e57\u305b\u305a\u306b\u79c1\u306e\u307f\u304c\u3053\u3046\u3057\u3066\u53c2\u3063\u305f\u6b21\u7b2c\u3067\u3054\u3056\u3044\u307e\u3059\u300f",
    "PhraseFontSize": 2,
    "PhraseSpeed": 3,
    "IsPhraseCenter": false,
    "SpeechMCharacterId": null,
    "IsSpeakingFlags": 4,
    "FrameImage": 0,
    "VoiceFileName": "",
    "BackgroundImage": "",
    "BGM": "",
    "SE": "",
    "Effect": null,
    "BackgroundEffectType": 0,
    "StandCharacters": [
      {
        "MCharacterId": 102,
        "Position": 3,
        "Action": 0,
        "Emotion": 0,
        "FacialExpression": 0,
        "EnterAction": 0
      }
    ],
    "StillDetail": {
      "AnimationName": "",
      "AnimationSpeed": null,
      "CameraZoomRatio": null,
      "CameraPositionX": null,
      "CameraPositionY": null,
      "CameraWorkDuration": null,
      "CameraRotation": null
    }
  },
  {
    "GroupOrder": 15,
    "ViewOrder": 1,
    "Name": "\u30b7\u30f3\u30c7\u30ec\u30e9",
    "Phrase": "\u300e\u672c\u6765\u306a\u3089\u3070\u30d5\u30e5\u30c3\u30bb\u30f3\u304a\u5b22\u3055\u307e\u3084\u5e83\u5831\u90e8\u306e\u65b9\u3005\u306a\u3069\u306e\u3001\\n\u3000\u63f4\u8ecd\u3092\u9023\u308c\u3066\u304d\u305f\u304b\u3063\u305f\u3068\u3053\u308d\u3067\u306f\u3042\u3063\u305f\u306e\u3067\u3059\u304c\u3002\\n\u3000\u7121\u7406\u3067\u3057\u305f\u306d\u3001\u6b74\u53f2\u306b\u540d\u9ad8\u3044\u5049\u5927\u306a\u308b\u30c9\u30e9\u30b4\u30f3\u306b\u3082\u4e0d\u53ef\u80fd\u306f\u3054\u3056\u3044\u307e\u3059\u300f",
    "PhraseFontSize": 2,
    "PhraseSpeed": 3,
    "IsPhraseCenter": false,
    "SpeechMCharacterId": null,
    "IsSpeakingFlags": 4,
    "FrameImage": 0,
    "VoiceFileName": "",
    "BackgroundImage": "",
    "BGM": "",
    "SE": "",
    "Effect": null,
    "BackgroundEffectType": 0,
    "StandCharacters": [
      {
        "MCharacterId": 102,
        "Position": 3,
        "Action": 0,
        "Emotion": 5,
        "FacialExpression": 0,
        "EnterAction": 0
      }
    ],
    "StillDetail": {
      "AnimationName": "",
      "AnimationSpeed": null,
      "CameraZoomRatio": null,
      "CameraPositionX": null,
      "CameraPositionY": null,
      "CameraWorkDuration": null,
      "CameraRotation": null
    }
  },
  {
    "GroupOrder": 16,
    "ViewOrder": 1,
    "Name": "\u30d5\u30a7\u30eb\u30af\u30ea\u30f3\u30b2\u30f3",
    "Phrase": "\u300c\u3093\u3063\u3068\u2026\u2026\u3002\u3042\u3093\u305f\u306f\u30d5\u30e5\u30c3\u30bb\u30f3\u304a\u59c9\u3055\u307e\u306b\u8a00\u308f\u308c\u3066\u3001\\n\u3000\u3042\u305f\u3057\u305f\u3061\u306e\u6551\u63f4\u3092\u3057\u306b\u304d\u305f\u611f\u3058\u306a\u308f\u3051\uff1f\u300d",
    "PhraseFontSize": 2,
    "PhraseSpeed": 3,
    "IsPhraseCenter": false,
    "SpeechMCharacterId": 5201,
    "IsSpeakingFlags": 0,
    "FrameImage": 0,
    "VoiceFileName": "e_42003209_004",
    "BackgroundImage": "",
    "BGM": "",
    "SE": "",
    "Effect": null,
    "BackgroundEffectType": 0,
    "StandCharacters": [
      {
        "MCharacterId": 102,
        "Position": 3,
        "Action": 0,
        "Emotion": 0,
        "FacialExpression": 0,
        "EnterAction": 0
      }
    ],
    "StillDetail": {
      "AnimationName": "",
      "AnimationSpeed": null,
      "CameraZoomRatio": null,
      "CameraPositionX": null,
      "CameraPositionY": null,
      "CameraWorkDuration": null,
      "CameraRotation": null
    }
  },
  {
    "GroupOrder": 17,
    "ViewOrder": 1,
    "Name": "\u30b7\u30f3\u30c7\u30ec\u30e9",
    "Phrase": "\u300e\u306f\u3044\u3002\u60c5\u5831\u51e6\u7406\u304c\u5f97\u610f\u306a\u5e83\u5831\u90e8\u306e\u65b9\u3005\u304c\u73fe\u5834\u691c\u8a3c\u306a\u3069\u3092\u884c\u3044\u3001\\n\u3000\u307e\u305a\u306f\u300e\u904a\u5712\u5730\u300f\u306e\u5834\u6240\u3092\u3056\u3063\u304f\u308a\u3068\u5272\u308a\u51fa\u3057\u307e\u3057\u305f\u3002\\n\u3000\u305d\u306e\u5f8c\u2015\u2015\u79c1\u306e\u307f\u304c\u305d\u3053\u306b\u6025\u884c\u3057\u5468\u56f2\u3092\u63a2\u7d22\u3057\u3001\\n\u3000\u55c5\u899a\u306a\u3069\u3092\u99c6\u4f7f\u3057\u3066\u7686\u3055\u3093\u306e\u6b63\u78ba\u306a\u4f4d\u7f6e\u3092\u7279\u5b9a\u3057\u305f\u308f\u3051\u3067\u3059\u300f",
    "PhraseFontSize": 2,
    "PhraseSpeed": 3,
    "IsPhraseCenter": false,
    "SpeechMCharacterId": null,
    "IsSpeakingFlags": 4,
    "FrameImage": 0,
    "VoiceFileName": "",
    "BackgroundImage": "",
    "BGM": "",
    "SE": "",
    "Effect": null,
    "BackgroundEffectType": 0,
    "StandCharacters": [
      {
        "MCharacterId": 102,
        "Position": 3,
        "Action": 5,
        "Emotion": 0,
        "FacialExpression": 0,
        "EnterAction": 0
      }
    ],
    "StillDetail": {
      "AnimationName": "",
      "AnimationSpeed": null,
      "CameraZoomRatio": null,
      "CameraPositionX": null,
      "CameraPositionY": null,
      "CameraWorkDuration": null,
      "CameraRotation": null
    }
  },
  {
    "GroupOrder": 18,
    "ViewOrder": 1,
    "Name": "\u30b7\u30f3\u30c7\u30ec\u30e9",
    "Phrase": "\u300e\u601d\u3044\u306e\u5916\u306b\u9060\u304b\u3063\u305f\u306e\u3067\u3001\\n\u3000\u4ed6\u306e\u7686\u3055\u3093\u304c\u99c6\u3051\u3064\u3051\u308b\u306b\u306f\u6642\u9593\u304c\u304b\u304b\u308b\u304b\u3068\u601d\u308f\u308c\u307e\u3059\u3002\\n\u3000\u63f4\u8ecd\u304c\u79c1\u306e\u307f\u306b\u306a\u3063\u3066\u3057\u307e\u3063\u3066\u3001\u307e\u3053\u3068\u306b\u6050\u7e2e\u3067\u3054\u3056\u3044\u307e\u3059\u300f",
    "PhraseFontSize": 2,
    "PhraseSpeed": 3,
    "IsPhraseCenter": false,
    "SpeechMCharacterId": null,
    "IsSpeakingFlags": 4,
    "FrameImage": 0,
    "VoiceFileName": "",
    "BackgroundImage": "",
    "BGM": "",
    "SE": "",
    "Effect": null,
    "BackgroundEffectType": 0,
    "StandCharacters": [
      {
        "MCharacterId": 102,
        "Position": 3,
        "Action": 0,
        "Emotion": 0,
        "FacialExpression": 7,
        "EnterAction": 0
      }
    ],
    "StillDetail": {
      "AnimationName": "",
      "AnimationSpeed": null,
      "CameraZoomRatio": null,
      "CameraPositionX": null,
      "CameraPositionY": null,
      "CameraWorkDuration": null,
      "CameraRotation": null
    }
  },
  {
    "GroupOrder": 19,
    "ViewOrder": 1,
    "Name": "",
    "Phrase": "\u69cb\u308f\u306a\u3044\u3002\u975e\u5e38\u306b\u52a9\u304b\u3063\u3066\u3044\u308b\u3002\\n\u30b7\u30f3\u30c7\u30ec\u30e9\u306e\u304a\u9670\u3067\u652b\u308f\u308c\u305f\u30e0\u30eb\u30de\u30f3\u30b9\u30af\u3092\u8ffd\u3048\u308b\u3057\u3001\\n\u5730\u4e0a\u306e\u30a4\u30a8\u30c6\u30a3\u305f\u3061\u3082\u3084\u308a\u904e\u3054\u305b\u305f\u3002\\n\u30ab\u30fc\u30eb\u30b9\u30eb\u30fc\u30a8\u305f\u3061\u306b\u306f\u3001\u5f8c\u3067\u52f2\u7ae0\u3092\u6388\u4e0e\u3057\u305f\u3044\u307b\u3069\u3060\u3002",
    "PhraseFontSize": 2,
    "PhraseSpeed": 3,
    "IsPhraseCenter": false,
    "SpeechMCharacterId": null,
    "IsSpeakingFlags": 0,
    "FrameImage": 0,
    "VoiceFileName": "",
    "BackgroundImage": "",
    "BGM": "",
    "SE": "",
    "Effect": null,
    "BackgroundEffectType": 0,
    "StandCharacters": [],
    "StillDetail": {
      "AnimationName": "",
      "AnimationSpeed": null,
      "CameraZoomRatio": null,
      "CameraPositionX": null,
      "CameraPositionY": null,
      "CameraWorkDuration": null,
      "CameraRotation": null
    }
  },
  {
    "GroupOrder": 20,
    "ViewOrder": 1,
    "Name": "\u30d5\u30a7\u30eb\u30af\u30ea\u30f3\u30b2\u30f3",
    "Phrase": "\u300c\u305d\u308c\u3082\u3001\u3053\u306e\u5834\u3092\u751f\u304d\u5ef6\u3073\u3066\u2015\u2015\\n\u3000\u3046\u3046\u3093\u3001\u30e0\u30eb\u30de\u30f3\u30b9\u30af\u3092\u52a9\u3051\u3066\u305c\u3093\u3076\u89e3\u6c7a\u3057\u305f\u5f8c\u3088\uff01\\n\u3000\u3053\u306e\u307e\u307e\u4f55\u306e\u7f6a\u3082\u306a\u3044\u5b50\u4f9b\u304c\u6b7b\u306b\u3067\u3082\u3057\u305f\u3089\u3001\\n\u3000\u3068\u3066\u3082\u300e\u3081\u3067\u305f\u3057\u3081\u3067\u305f\u3057\u300f\u306a\u3093\u3066\u8a00\u3048\u306a\u3044\u3067\u3057\u3087\uff01\u300d",
    "PhraseFontSize": 2,
    "PhraseSpeed": 3,
    "IsPhraseCenter": false,
    "SpeechMCharacterId": null,
    "IsSpeakingFlags": 4,
    "FrameImage": 0,
    "VoiceFileName": "e_42003209_005",
    "BackgroundImage": "",
    "BGM": "",
    "SE": "",
    "Effect": null,
    "BackgroundEffectType": 0,
    "StandCharacters": [
      {
        "MCharacterId": 5201,
        "Position": 3,
        "Action": 0,
        "Emotion": 0,
        "FacialExpression": 3,
        "EnterAction": 1
      }
    ],
    "StillDetail": {
      "AnimationName": "",
      "AnimationSpeed": null,
      "CameraZoomRatio": null,
      "CameraPositionX": null,
      "CameraPositionY": null,
      "CameraWorkDuration": null,
      "CameraRotation": null
    }
  },
  {
    "GroupOrder": 21,
    "ViewOrder": 1,
    "Name": "\u30b7\u30f3\u30c7\u30ec\u30e9",
    "Phrase": "\u300e\u2026\u2026\u3075\u3080\u3002\u305d\u308c\u306a\u3089\u3001\\n\u3000\u3082\u306f\u3084\u624b\u9045\u308c\u3068\u3044\u3046\u611f\u3058\u3067\u306f\u3054\u3056\u3044\u307e\u3059\u304c\u300f",
    "PhraseFontSize": 2,
    "PhraseSpeed": 3,
    "IsPhraseCenter": false,
    "SpeechMCharacterId": 102,
    "IsSpeakingFlags": 0,
    "FrameImage": 0,
    "VoiceFileName": "",
    "BackgroundImage": "",
    "BGM": "",
    "SE": "",
    "Effect": null,
    "BackgroundEffectType": 0,
    "StandCharacters": [
      {
        "MCharacterId": 5201,
        "Position": 3,
        "Action": 0,
        "Emotion": 0,
        "FacialExpression": 3,
        "EnterAction": 0
      }
    ],
    "StillDetail": {
      "AnimationName": "",
      "AnimationSpeed": null,
      "CameraZoomRatio": null,
      "CameraPositionX": null,
      "CameraPositionY": null,
      "CameraWorkDuration": null,
      "CameraRotation": null
    }
  },
  {
    "GroupOrder": 22,
    "ViewOrder": 1,
    "Name": "\u30d5\u30a7\u30eb\u30af\u30ea\u30f3\u30b2\u30f3",
    "Phrase": "\u300c\u3048\u3063\uff1f \u3069\u3001\u3069\u3046\u3044\u3046\u3053\u3068\u3088\u3063\uff1f\\n\u3000\u3082\u3057\u304b\u3057\u3066\u3001\u30e0\u30eb\u30de\u30f3\u30b9\u30af\u306f\u3082\u3046\u2026\u2026\uff1f\u300d",
    "PhraseFontSize": 2,
    "PhraseSpeed": 3,
    "IsPhraseCenter": false,
    "SpeechMCharacterId": null,
    "IsSpeakingFlags": 4,
    "FrameImage": 0,
    "VoiceFileName": "e_42003209_006",
    "BackgroundImage": "",
    "BGM": "",
    "SE": "",
    "Effect": null,
    "BackgroundEffectType": 0,
    "StandCharacters": [
      {
        "MCharacterId": 5201,
        "Position": 3,
        "Action": 0,
        "Emotion": 5,
        "FacialExpression": 1,
        "EnterAction": 0
      }
    ],
    "StillDetail": {
      "AnimationName": "",
      "AnimationSpeed": null,
      "CameraZoomRatio": null,
      "CameraPositionX": null,
      "CameraPositionY": null,
      "CameraWorkDuration": null,
      "CameraRotation": null
    }
  },
  {
    "GroupOrder": 23,
    "ViewOrder": 1,
    "Name": "\u30b7\u30f3\u30c7\u30ec\u30e9",
    "Phrase": "\u300e\u3044\u3048\u3001\u3042\u306e\u5b50\u306f\u307e\u3060\u7121\u4e8b\u306a\u3088\u3046\u3067\u3059\u3002\\n\u3000\u59ff\u3092\u898b\u5931\u3063\u3066\u3057\u307e\u3063\u3066\u3044\u305f\u306e\u3067\u3001\u3084\u3084\u5fc3\u914d\u3067\u3057\u305f\u304c\u2015\u2015\u300f",
    "PhraseFontSize": 2,
    "PhraseSpeed": 3,
    "IsPhraseCenter": false,
    "SpeechMCharacterId": 102,
    "IsSpeakingFlags": 0,
    "FrameImage": 0,
    "VoiceFileName": "",
    "BackgroundImage": "",
    "BGM": "",
    "SE": "",
    "Effect": null,
    "BackgroundEffectType": 0,
    "StandCharacters": [
      {
        "MCharacterId": 5201,
        "Position": 3,
        "Action": 0,
        "Emotion": 0,
        "FacialExpression": 1,
        "EnterAction": 0
      }
    ],
    "StillDetail": {
      "AnimationName": "",
      "AnimationSpeed": null,
      "CameraZoomRatio": null,
      "CameraPositionX": null,
      "CameraPositionY": null,
      "CameraWorkDuration": null,
      "CameraRotation": null
    }
  },
  {
    "GroupOrder": 24,
    "ViewOrder": 1,
    "Name": "\u30b7\u30f3\u30c7\u30ec\u30e9",
    "Phrase": "\u300e\u904a\u5712\u5730\u306e\u4e2d\u592e\u306b\u5efa\u3063\u3066\u3044\u308b\u57ce\u306b\u3001\u5f7c\u5973\u306e\u3082\u306e\u3089\u3057\u3044\u71b1\u6e90\u53cd\u5fdc\u304c\u3042\u308a\u307e\u3059\u3002\\n\u3000\u5168\u901f\u529b\u3067\u305d\u3061\u3089\u306b\u5411\u304b\u3044\u307e\u3059\u306e\u3067\u3001\\n\u3000\u7686\u3055\u3093\u306f\u518d\u5ea6\u3057\u3063\u304b\u308a\u79c1\u306b\u63b4\u307e\u3063\u3066\u304f\u3060\u3055\u3044\u307e\u3057\u300f",
    "PhraseFontSize": 2,
    "PhraseSpeed": 3,
    "IsPhraseCenter": false,
    "SpeechMCharacterId": 102,
    "IsSpeakingFlags": 0,
    "FrameImage": 0,
    "VoiceFileName": "",
    "BackgroundImage": "",
    "BGM": "",
    "SE": "",
    "Effect": null,
    "BackgroundEffectType": 0,
    "StandCharacters": [
      {
        "MCharacterId": 5201,
        "Position": 3,
        "Action": 0,
        "Emotion": 0,
        "FacialExpression": 1,
        "EnterAction": 0
      }
    ],
    "StillDetail": {
      "AnimationName": "",
      "AnimationSpeed": null,
      "CameraZoomRatio": null,
      "CameraPositionX": null,
      "CameraPositionY": null,
      "CameraWorkDuration": null,
      "CameraRotation": null
    }
  },
  {
    "GroupOrder": 25,
    "ViewOrder": 1,
    "Name": "",
    "Phrase": "\u5fae\u5999\u306b\u8a00\u8449\u3092\u6fc1\u3057\u3064\u3064\u3001\u30b7\u30f3\u30c7\u30ec\u30e9\u306f\u52a0\u901f\u3059\u308b\u3002\\n\u6570\u79d2\u5f8c\u2015\u2015\u6025\u505c\u6b62\u3002\\n\u3053\u3061\u3089\u306e\u611f\u899a\u3068\u3057\u3066\u306f\u307b\u307c\u77ac\u9593\u7684\u306b\u3001\\n\u6c37\u3067\u3067\u304d\u305f\u57ce\u306e\u76ee\u306e\u524d\u307e\u3067\u79fb\u52d5\u3057\u3066\u3044\u305f\u3002",
    "PhraseFontSize": 2,
    "PhraseSpeed": 3,
    "IsPhraseCenter": false,
    "SpeechMCharacterId": null,
    "IsSpeakingFlags": 0,
    "FrameImage": 0,
    "VoiceFileName": "",
    "BackgroundImage": "",
    "BGM": "",
    "SE": "",
    "Effect": null,
    "BackgroundEffectType": 0,
    "StandCharacters": [],
    "StillDetail": {
      "AnimationName": "",
      "AnimationSpeed": null,
      "CameraZoomRatio": null,
      "CameraPositionX": null,
      "CameraPositionY": null,
      "CameraWorkDuration": null,
      "CameraRotation": null
    }
  },
  {
    "GroupOrder": 26,
    "ViewOrder": 1,
    "Name": "",
    "Phrase": "\u666e\u6bb5\u3001\u4e57\u3063\u3066\u3044\u308b\u30df\u30b9\u30c8\u30c8\u30ec\u30a4\u30f3\u3082\u5049\u5927\u306a\u4e57\u308a\u7269\u3060\u304c\u2026\u2026\u3002\\n\u7a7a\u3092\u821e\u3046\u30c9\u30e9\u30b4\u30f3\u3082\u975e\u5e38\u306b\u4fbf\u5229\u3067\u7d20\u6674\u3089\u3057\u3044\u3001\\n\u3053\u308c\u304c\u8ecd\u4e8b\u76ee\u7684\u3067\u7528\u3044\u3089\u308c\u305f\u3089\u6226\u5834\u306e\u5e38\u8b58\u3092\u4e00\u5909\u3055\u305b\u3066\u3057\u307e\u3044\u305d\u3046\u3060\u3002",
    "PhraseFontSize": 2,
    "PhraseSpeed": 3,
    "IsPhraseCenter": false,
    "SpeechMCharacterId": null,
    "IsSpeakingFlags": 0,
    "FrameImage": 0,
    "VoiceFileName": "",
    "BackgroundImage": "",
    "BGM": "",
    "SE": "",
    "Effect": null,
    "BackgroundEffectType": 0,
    "StandCharacters": [],
    "StillDetail": {
      "AnimationName": "",
      "AnimationSpeed": null,
      "CameraZoomRatio": null,
      "CameraPositionX": null,
      "CameraPositionY": null,
      "CameraWorkDuration": null,
      "CameraRotation": null
    }
  },
  {
    "GroupOrder": 27,
    "ViewOrder": 1,
    "Name": "\u30b7\u30f3\u30c7\u30ec\u30e9",
    "Phrase": "\u300e\u307e\u3041\u9b54\u7269\u3068\u5fc3\u3092\u901a\u308f\u305b\u3066\u3001\\n\u3000\u5951\u7d04\u3092\u7d50\u3079\u308b\u30d5\u30e5\u30c3\u30bb\u30f3\u304a\u5b22\u3055\u307e\u4ee5\u5916\u306b\u306f\u6211\u3089\u306f\u4e57\u308a\u3053\u306a\u305b\u307e\u305b\u3093\u304c\u3002\\n\u3000\u4eca\u56de\u3001\u79c1\u304c\u3053\u3046\u3057\u3066\u7686\u3055\u307e\u3092\u4e57\u305b\u305f\u306e\u3082\u7279\u4f8b\u4e2d\u306e\u7279\u4f8b\u3067\u3054\u3056\u3044\u307e\u3059\u300f",
    "PhraseFontSize": 2,
    "PhraseSpeed": 3,
    "IsPhraseCenter": false,
    "SpeechMCharacterId": null,
    "IsSpeakingFlags": 4,
    "FrameImage": 0,
    "VoiceFileName": "",
    "BackgroundImage": "",
    "BGM": "",
    "SE": "",
    "Effect": null,
    "BackgroundEffectType": 0,
    "StandCharacters": [
      {
        "MCharacterId": 102,
        "Position": 3,
        "Action": 0,
        "Emotion": 0,
        "FacialExpression": 0,
        "EnterAction": 1
      }
    ],
    "StillDetail": {
      "AnimationName": "",
      "AnimationSpeed": null,
      "CameraZoomRatio": null,
      "CameraPositionX": null,
      "CameraPositionY": null,
      "CameraWorkDuration": null,
      "CameraRotation": null
    }
  },
  {
    "GroupOrder": 28,
    "ViewOrder": 1,
    "Name": "",
    "Phrase": "\u6de1\u3005\u3068\u8a9e\u308b\u30b7\u30f3\u30c7\u30ec\u30e9\u304c\u6b62\u307e\u3063\u3066\u304f\u308c\u305f\u3053\u3068\u3067\u3001\\n\u3088\u3046\u3084\u304f\u5468\u56f2\u306e\u5149\u666f\u304c\u8996\u754c\u306b\u5165\u3063\u3066\u304d\u305f\u3002\\n\u3059\u3079\u3066\u304c\u6c37\u3067\u5f62\u4f5c\u3089\u308c\u305f\u904a\u5712\u5730\u306f\u9759\u307e\u308a\u304b\u3048\u3063\u3066\u304a\u308a\u3001\u9177\u304f\u4e0d\u6c17\u5473\u3067\u3042\u308b\u3002\\n\u898b\u305f\u76ee\u306f\u5de8\u4eba\u304c\u4e39\u7cbe\u3053\u3081\u3066\u3064\u304f\u3063\u305f\u5b9d\u98fe\u54c1\u306e\u3088\u3046\u306b\u3001\u7f8e\u3057\u3044\u306e\u3060\u304c\u2015\u2015\u3002",
    "PhraseFontSize": 2,
    "PhraseSpeed": 3,
    "IsPhraseCenter": false,
    "SpeechMCharacterId": null,
    "IsSpeakingFlags": 0,
    "FrameImage": 0,
    "VoiceFileName": "",
    "BackgroundImage": "",
    "BGM": "",
    "SE": "",
    "Effect": null,
    "BackgroundEffectType": 0,
    "StandCharacters": [],
    "StillDetail": {
      "AnimationName": "",
      "AnimationSpeed": null,
      "CameraZoomRatio": null,
      "CameraPositionX": null,
      "CameraPositionY": null,
      "CameraWorkDuration": null,
      "CameraRotation": null
    }
  },
  {
    "GroupOrder": 29,
    "ViewOrder": 1,
    "Name": "",
    "Phrase": "\u547d\u306e\u6e29\u3082\u308a\u304c\u3001\u7686\u7121\u3060\u3002\\n\u51b7\u305f\u304f\u4e7e\u3044\u305f\u6c37\u306e\u5de8\u5927\u69cb\u9020\u7269\u306e\u9699\u9593\u3092\u3001\\n\u610f\u601d\u3092\u611f\u3058\u3089\u308c\u306a\u3044\u30a4\u30a8\u30c6\u30a3\u305f\u3061\u304c\u866b\u306e\u3088\u3046\u306b\u5f98\u5f8a\u3057\u3066\u3044\u308b\u3002",
    "PhraseFontSize": 2,
    "PhraseSpeed": 3,
    "IsPhraseCenter": false,
    "SpeechMCharacterId": null,
    "IsSpeakingFlags": 0,
    "FrameImage": 0,
    "VoiceFileName": "",
    "BackgroundImage": "",
    "BGM": "",
    "SE": "",
    "Effect": null,
    "BackgroundEffectType": 0,
    "StandCharacters": [],
    "StillDetail": {
      "AnimationName": "",
      "AnimationSpeed": null,
      "CameraZoomRatio": null,
      "CameraPositionX": null,
      "CameraPositionY": null,
      "CameraWorkDuration": null,
      "CameraRotation": null
    }
  },
  {
    "GroupOrder": 30,
    "ViewOrder": 1,
    "Name": "\u30d5\u30a7\u30eb\u30af\u30ea\u30f3\u30b2\u30f3",
    "Phrase": "\u300c\u2026\u2026\u7a81\u5165\u3059\u308b\u308f\u3088\u300d",
    "PhraseFontSize": 2,
    "PhraseSpeed": 3,
    "IsPhraseCenter": false,
    "SpeechMCharacterId": null,
    "IsSpeakingFlags": 4,
    "FrameImage": 0,
    "VoiceFileName": "e_42003209_007",
    "BackgroundImage": "",
    "BGM": "",
    "SE": "",
    "Effect": null,
    "BackgroundEffectType": 0,
    "StandCharacters": [
      {
        "MCharacterId": 5201,
        "Position": 3,
        "Action": 0,
        "Emotion": 0,
        "FacialExpression": 6,
        "EnterAction": 1
      }
    ],
    "StillDetail": {
      "AnimationName": "",
      "AnimationSpeed": null,
      "CameraZoomRatio": null,
      "CameraPositionX": null,
      "CameraPositionY": null,
      "CameraWorkDuration": null,
      "CameraRotation": null
    }
  },
  {
    "GroupOrder": 31,
    "ViewOrder": 1,
    "Name": "",
    "Phrase": "\u30d5\u30a7\u30eb\u30af\u30ea\u30f3\u30b2\u30f3\u304c\u5f15\u304d\u3061\u304e\u308b\u3088\u3046\u306b\u904a\u5712\u5730\u304b\u3089\u8996\u7dda\u3092\u9038\u3089\u3057\u3066\u3001\\n\u76ee\u306e\u524d\u306e\u57ce\u306b\u5de6\u306e\u624b\u306e\u3072\u3089\u3092\u5f53\u3066\u308b\u3002\\n\u540c\u6642\u306b\u3001\u53f3\u624b\u3092\u304a\u304a\u304d\u304f\u5f8c\u308d\u306b\u5f15\u3044\u3066\u2015\u2015\u3002",
    "PhraseFontSize": 2,
    "PhraseSpeed": 3,
    "IsPhraseCenter": false,
    "SpeechMCharacterId": null,
    "IsSpeakingFlags": 0,
    "FrameImage": 0,
    "VoiceFileName": "",
    "BackgroundImage": "",
    "BGM": "",
    "SE": "",
    "Effect": null,
    "BackgroundEffectType": 0,
    "StandCharacters": [
      {
        "MCharacterId": 5201,
        "Position": 3,
        "Action": 0,
        "Emotion": 0,
        "FacialExpression": 7,
        "EnterAction": 0
      }
    ],
    "StillDetail": {
      "AnimationName": "",
      "AnimationSpeed": null,
      "CameraZoomRatio": null,
      "CameraPositionX": null,
      "CameraPositionY": null,
      "CameraWorkDuration": null,
      "CameraRotation": null
    }
  },
  {
    "GroupOrder": 32,
    "ViewOrder": 1,
    "Name": "\u30d5\u30a7\u30eb\u30af\u30ea\u30f3\u30b2\u30f3",
    "Phrase": "\u300c\u2015\u2015\u3063\u3089\u3041\uff01\u300d",
    "PhraseFontSize": 2,
    "PhraseSpeed": 3,
    "IsPhraseCenter": false,
    "SpeechMCharacterId": null,
    "IsSpeakingFlags": 4,
    "FrameImage": 0,
    "VoiceFileName": "e_42003209_008",
    "BackgroundImage": "",
    "BGM": "",
    "SE": "",
    "Effect": 5,
    "BackgroundEffectType": 0,
    "StandCharacters": [
      {
        "MCharacterId": 5201,
        "Position": 3,
        "Action": 7,
        "Emotion": 0,
        "FacialExpression": 3,
        "EnterAction": 0
      }
    ],
    "StillDetail": {
      "AnimationName": "",
      "AnimationSpeed": null,
      "CameraZoomRatio": null,
      "CameraPositionX": null,
      "CameraPositionY": null,
      "CameraWorkDuration": null,
      "CameraRotation": null
    }
  },
  {
    "GroupOrder": 33,
    "ViewOrder": 1,
    "Name": "",
    "Phrase": "\u7832\u5f3e\u306e\u3088\u3046\u306b\u653e\u305f\u308c\u305f\u5f7c\u5973\u306e\u62f3\u304c\u3001\u57ce\u306e\u5206\u539a\u3044\u6c37\u306e\u58c1\u3092\u6289\u308a\u629c\u3044\u305f\uff01",
    "PhraseFontSize": 2,
    "PhraseSpeed": 3,
    "IsPhraseCenter": false,
    "SpeechMCharacterId": null,
    "IsSpeakingFlags": 0,
    "FrameImage": 0,
    "VoiceFileName": "",
    "BackgroundImage": "",
    "BGM": "",
    "SE": "break_2",
    "Effect": null,
    "BackgroundEffectType": 0,
    "StandCharacters": [
      {
        "MCharacterId": 5201,
        "Position": 3,
        "Action": 0,
        "Emotion": 0,
        "FacialExpression": 3,
        "EnterAction": 0
      }
    ],
    "StillDetail": {
      "AnimationName": "",
      "AnimationSpeed": null,
      "CameraZoomRatio": null,
      "CameraPositionX": null,
      "CameraPositionY": null,
      "CameraWorkDuration": null,
      "CameraRotation": null
    }
  },
  {
    "GroupOrder": 34,
    "ViewOrder": 1,
    "Name": "",
    "Phrase": "\u7815\u3051\u6563\u3063\u305f\u6c37\u304c\u30ad\u30e9\u30ad\u30e9\u3068\u8f1d\u304f\u306a\u304b\u3001\\n\u30b7\u30f3\u30c7\u30ec\u30e9\u306b\u9a0e\u4e57\u3057\u305f\u307e\u307e\u57ce\u5185\u306b\u7a81\u5165\u3002\\n\u5185\u90e8\u306f\u6697\u304f\u3001\u5168\u4f53\u304c\u6c37\u3067\u3067\u304d\u3066\u3044\u308b\u305f\u3081\u3001\\n\u3055\u306a\u304c\u3089\u51b7\u51cd\u5eab\u306e\u5185\u90e8\u306b\u3044\u308b\u304b\u306e\u3088\u3046\u306b\u5bd2\u3044\u3002",
    "PhraseFontSize": 2,
    "PhraseSpeed": 3,
    "IsPhraseCenter": false,
    "SpeechMCharacterId": null,
    "IsSpeakingFlags": 0,
    "FrameImage": 0,
    "VoiceFileName": "",
    "BackgroundImage": "106904",
    "BGM": "",
    "SE": "",
    "Effect": null,
    "BackgroundEffectType": 0,
    "StandCharacters": [],
    "StillDetail": {
      "AnimationName": "",
      "AnimationSpeed": null,
      "CameraZoomRatio": null,
      "CameraPositionX": null,
      "CameraPositionY": null,
      "CameraWorkDuration": null,
      "CameraRotation": null
    }
  },
  {
    "GroupOrder": 35,
    "ViewOrder": 1,
    "Name": "\u30d5\u30a7\u30eb\u30af\u30ea\u30f3\u30b2\u30f3",
    "Phrase": "\u300c\u307b\u3093\u3068\u306b\u3001\u3053\u3053\u306b\u30e0\u30eb\u30de\u30f3\u30b9\u30af\u304c\u3044\u308b\u306e\uff1f\\n\u3000\u3053\u308c\u3067\u300e\u305c\u3093\u3076\u5197\u8ac7\u3067\u3057\u305f\uff5e\u2606\u300f\u3068\u304b\u3060\u3063\u305f\u3089\u3001\\n\u3000\u5f8c\u3067\u3042\u3093\u305f\u3092\u4e32\u713c\u304d\u306b\u3059\u308b\u308f\u3088\u2015\u2015\u30b7\u30f3\u30c7\u30ec\u30e9\u300d",
    "PhraseFontSize": 2,
    "PhraseSpeed": 3,
    "IsPhraseCenter": false,
    "SpeechMCharacterId": null,
    "IsSpeakingFlags": 4,
    "FrameImage": 0,
    "VoiceFileName": "e_42003209_009",
    "BackgroundImage": "",
    "BGM": "",
    "SE": "",
    "Effect": null,
    "BackgroundEffectType": 0,
    "StandCharacters": [
      {
        "MCharacterId": 5201,
        "Position": 3,
        "Action": 8,
        "Emotion": 0,
        "FacialExpression": 4,
        "EnterAction": 0
      }
    ],
    "StillDetail": {
      "AnimationName": "",
      "AnimationSpeed": null,
      "CameraZoomRatio": null,
      "CameraPositionX": null,
      "CameraPositionY": null,
      "CameraWorkDuration": null,
      "CameraRotation": null
    }
  },
  {
    "GroupOrder": 36,
    "ViewOrder": 1,
    "Name": "\u30b7\u30f3\u30c7\u30ec\u30e9",
    "Phrase": "\u300e\u3075\u3075\u3002\u30d5\u30e5\u30c3\u30bb\u30f3\u304a\u5b22\u3055\u307e\u3082\u3088\u304f\u4f3c\u305f\u3088\u3046\u306a\u3053\u3068\u3092\u4ef0\u3044\u307e\u3059\u3001\\n\u3000\u3055\u3059\u304c\u306f\u540c\u3058\u8cb4\u65cf\u306e\u672b\u88d4\u3067\u3059\u2015\u2015\u3088\u304f\u4f3c\u3066\u3044\u3089\u3063\u3057\u3083\u3044\u307e\u3059\u306d\u300f",
    "PhraseFontSize": 2,
    "PhraseSpeed": 3,
    "IsPhraseCenter": false,
    "SpeechMCharacterId": 102,
    "IsSpeakingFlags": 0,
    "FrameImage": 0,
    "VoiceFileName": "",
    "BackgroundImage": "",
    "BGM": "",
    "SE": "",
    "Effect": null,
    "BackgroundEffectType": 0,
    "StandCharacters": [
      {
        "MCharacterId": 5201,
        "Position": 3,
        "Action": 0,
        "Emotion": 0,
        "FacialExpression": 0,
        "EnterAction": 0
      }
    ],
    "StillDetail": {
      "AnimationName": "",
      "AnimationSpeed": null,
      "CameraZoomRatio": null,
      "CameraPositionX": null,
      "CameraPositionY": null,
      "CameraWorkDuration": null,
      "CameraRotation": null
    }
  },
  {
    "GroupOrder": 37,
    "ViewOrder": 1,
    "Name": "\u30d5\u30a7\u30eb\u30af\u30ea\u30f3\u30b2\u30f3",
    "Phrase": "\u300c\u3075\u3093\u3002\u307e\u3041\u3001\u3042\u306e\u3072\u3068\u306b\u306f\u61a7\u308c\u3066\u308b\u3051\u3069\u3002\\n\u3000\u3046\u3061\u306e\u56fd\u3067\u306f\u8cb4\u65cf\u5236\u5ea6\u306f\u5ec3\u6b62\u3055\u308c\u305f\u306e\u306b\u3001\\n\u3000\u3061\u3063\u3068\u3082\u6c17\u306b\u305b\u305a\u306b\u3044\u3064\u3067\u3082\u50b2\u5cb8\u4e0d\u905c\u3067\u3055\u3041\uff1f\u300d",
    "PhraseFontSize": 2,
    "PhraseSpeed": 3,
    "IsPhraseCenter": false,
    "SpeechMCharacterId": null,
    "IsSpeakingFlags": 4,
    "FrameImage": 0,
    "VoiceFileName": "e_42003209_010",
    "BackgroundImage": "",
    "BGM": "",
    "SE": "",
    "Effect": null,
    "BackgroundEffectType": 0,
    "StandCharacters": [
      {
        "MCharacterId": 5201,
        "Position": 3,
        "Action": 0,
        "Emotion": 0,
        "FacialExpression": 8,
        "EnterAction": 0
      }
    ],
    "StillDetail": {
      "AnimationName": "",
      "AnimationSpeed": null,
      "CameraZoomRatio": null,
      "CameraPositionX": null,
      "CameraPositionY": null,
      "CameraWorkDuration": null,
      "CameraRotation": null
    }
  },
  {
    "GroupOrder": 38,
    "ViewOrder": 1,
    "Name": "\u30d5\u30a7\u30eb\u30af\u30ea\u30f3\u30b2\u30f3",
    "Phrase": "\u300c\u5e38\u306b\u8e0f\u3093\u53cd\u308a\u8fd4\u3063\u3066\u9ad8\u7b11\u3044\u3057\u3066\u3001\\n\u3000\u81ea\u5206\u304c\u3084\u308a\u305f\u3044\u3053\u3068\u3060\u3051\u3092\u597d\u304d\u653e\u984c\u306b\u3084\u3063\u3066\u308b\u3067\u3057\u3087\u3002\\n\u3000\u3042\u305f\u3057\u3082\u3001\u3042\u3093\u306a\u3075\u3046\u306b\u306a\u308a\u305f\u304b\u3063\u305f\u3051\u3069\u2015\u2015\u300d",
    "PhraseFontSize": 2,
    "PhraseSpeed": 3,
    "IsPhraseCenter": false,
    "SpeechMCharacterId": null,
    "IsSpeakingFlags": 4,
    "FrameImage": 0,
    "VoiceFileName": "e_42003209_011",
    "BackgroundImage": "",
    "BGM": "",
    "SE": "",
    "Effect": null,
    "BackgroundEffectType": 0,
    "StandCharacters": [
      {
        "MCharacterId": 5201,
        "Position": 3,
        "Action": 0,
        "Emotion": 0,
        "FacialExpression": 8,
        "EnterAction": 0
      }
    ],
    "StillDetail": {
      "AnimationName": "",
      "AnimationSpeed": null,
      "CameraZoomRatio": null,
      "CameraPositionX": null,
      "CameraPositionY": null,
      "CameraWorkDuration": null,
      "CameraRotation": null
    }
  },
  {
    "GroupOrder": 39,
    "ViewOrder": 1,
    "Name": "\uff1f\uff1f\uff1f",
    "Phrase": "\u300c\u30f4\u30a1\u30a2\u30a2\u30a2\u30a2\u3001\u30f4\u30a1\u30a2\u30a2\u30a2\u30a2\u300d",
    "PhraseFontSize": 2,
    "PhraseSpeed": 3,
    "IsPhraseCenter": false,
    "SpeechMCharacterId": null,
    "IsSpeakingFlags": 0,
    "FrameImage": 1,
    "VoiceFileName": "",
    "BackgroundImage": "",
    "BGM": "",
    "SE": "",
    "Effect": null,
    "BackgroundEffectType": 0,
    "StandCharacters": [],
    "StillDetail": {
      "AnimationName": "",
      "AnimationSpeed": null,
      "CameraZoomRatio": null,
      "CameraPositionX": null,
      "CameraPositionY": null,
      "CameraWorkDuration": null,
      "CameraRotation": null
    }
  },
  {
    "GroupOrder": 40,
    "ViewOrder": 1,
    "Name": "",
    "Phrase": "\u4e0d\u610f\u306b\u3001\u6697\u304c\u308a\u306e\u5965\u304b\u3089\u7570\u97f3\u304c\u97ff\u3044\u3066\u304d\u305f\u3002\\n\u30a4\u30a8\u30c6\u30a3\u306e\u9cf4\u304d\u58f0\u3068\u3088\u304f\u4f3c\u3066\u3044\u308b\u304c\u3001\\n\u305d\u308c\u3088\u308a\u4f55\u5341\u500d\u3082\u91cd\u305f\u304f\u51b7\u305f\u304f\u4e0d\u6c17\u5473\u306a\u58f0\u97f3\u2026\u2026\u3002\\n\u307e\u308b\u3067\u3001\u3059\u3079\u3066\u306e\u751f\u304d\u7269\u3092\u51cd\u6b7b\u3055\u305b\u308b\u51f6\u60aa\u306a\u5439\u96ea\u306e\u3088\u3046\u3060\u3002",
    "PhraseFontSize": 2,
    "PhraseSpeed": 3,
    "IsPhraseCenter": false,
    "SpeechMCharacterId": null,
    "IsSpeakingFlags": 0,
    "FrameImage": 0,
    "VoiceFileName": "",
    "BackgroundImage": "",
    "BGM": "",
    "SE": "",
    "Effect": null,
    "BackgroundEffectType": 0,
    "StandCharacters": [],
    "StillDetail": {
      "AnimationName": "",
      "AnimationSpeed": null,
      "CameraZoomRatio": null,
      "CameraPositionX": null,
      "CameraPositionY": null,
      "CameraWorkDuration": null,
      "CameraRotation": null
    }
  },
  {
    "GroupOrder": 41,
    "ViewOrder": 1,
    "Name": "\u30d5\u30a7\u30eb\u30af\u30ea\u30f3\u30b2\u30f3",
    "Phrase": "\u300c\u4f55\uff1f \u305d\u3053\u306b\u3001\u4f55\u304b\u3044\u308b\u306e\u3063\uff1f\u300d",
    "PhraseFontSize": 2,
    "PhraseSpeed": 3,
    "IsPhraseCenter": false,
    "SpeechMCharacterId": null,
    "IsSpeakingFlags": 4,
    "FrameImage": 0,
    "VoiceFileName": "e_42003209_012",
    "BackgroundImage": "",
    "BGM": "",
    "SE": "",
    "Effect": null,
    "BackgroundEffectType": 0,
    "StandCharacters": [
      {
        "MCharacterId": 5201,
        "Position": 3,
        "Action": 0,
        "Emotion": 4,
        "FacialExpression": 1,
        "EnterAction": 1
      }
    ],
    "StillDetail": {
      "AnimationName": "",
      "AnimationSpeed": null,
      "CameraZoomRatio": null,
      "CameraPositionX": null,
      "CameraPositionY": null,
      "CameraWorkDuration": null,
      "CameraRotation": null
    }
  },
  {
    "GroupOrder": 42,
    "ViewOrder": 1,
    "Name": "",
    "Phrase": "\u30d5\u30a7\u30eb\u30af\u30ea\u30f3\u30b2\u30f3\u304c\u9752\u3056\u3081\u3066\u8eab\u69cb\u3048\u305f\u304c\u3001\u9045\u3044\u2015\u2015\\n\u5468\u56f2\u306e\u58c1\u3084\u5e8a\u304c\u6b21\u3005\u306b\u9686\u8d77\u3057\u3001\u6c37\u67f1\u3068\u5316\u3057\u3066\u8feb\u3063\u3066\u304f\u308b\u3002",
    "PhraseFontSize": 2,
    "PhraseSpeed": 3,
    "IsPhraseCenter": false,
    "SpeechMCharacterId": null,
    "IsSpeakingFlags": 0,
    "FrameImage": 0,
    "VoiceFileName": "",
    "BackgroundImage": "",
    "BGM": "",
    "SE": "",
    "Effect": null,
    "BackgroundEffectType": 1,
    "StandCharacters": [
      {
        "MCharacterId": 5201,
        "Position": 3,
        "Action": 0,
        "Emotion": 0,
        "FacialExpression": 1,
        "EnterAction": 0
      }
    ],
    "StillDetail": {
      "AnimationName": "",
      "AnimationSpeed": null,
      "CameraZoomRatio": null,
      "CameraPositionX": null,
      "CameraPositionY": null,
      "CameraWorkDuration": null,
      "CameraRotation": null
    }
  },
  {
    "GroupOrder": 43,
    "ViewOrder": 1,
    "Name": "\u30d5\u30a7\u30eb\u30af\u30ea\u30f3\u30b2\u30f3",
    "Phrase": "\u300c\u3050\u3063\u2026\u2026\uff01\uff1f\u300d",
    "PhraseFontSize": 2,
    "PhraseSpeed": 3,
    "IsPhraseCenter": false,
    "SpeechMCharacterId": null,
    "IsSpeakingFlags": 4,
    "FrameImage": 0,
    "VoiceFileName": "e_42003209_013",
    "BackgroundImage": "",
    "BGM": "",
    "SE": "",
    "Effect": null,
    "BackgroundEffectType": 0,
    "StandCharacters": [
      {
        "MCharacterId": 5201,
        "Position": 3,
        "Action": 5,
        "Emotion": 0,
        "FacialExpression": 4,
        "EnterAction": 0
      }
    ],
    "StillDetail": {
      "AnimationName": "",
      "AnimationSpeed": null,
      "CameraZoomRatio": null,
      "CameraPositionX": null,
      "CameraPositionY": null,
      "CameraWorkDuration": null,
      "CameraRotation": null
    }
  },
  {
    "GroupOrder": 44,
    "ViewOrder": 1,
    "Name": "",
    "Phrase": "\u5484\u55df\u306b\u30d5\u30a7\u30eb\u30af\u30ea\u30f3\u30b2\u30f3\u306f\u30b7\u30f3\u30c7\u30ec\u30e9\u304b\u3089\u98db\u3073\u964d\u308a\u3066\u3001\\n\u5e8a\u3092\u30b4\u30ed\u30b4\u30ed\u3068\u8ee2\u304c\u3063\u3066\u56de\u907f\u884c\u52d5\u3002\\n\u3060\u304c\u3001\u5f7c\u5973\u4ee5\u5916\u306f\u53cd\u5fdc\u3067\u304d\u305a\u2015\u2015\\n\u3053\u3061\u3089\u306f\u30b7\u30f3\u30c7\u30ec\u30e9\u3068\u3082\u3069\u3082\u3001\u3082\u308d\u306b\u6c37\u67f1\u306b\u6bb4\u6253\u3055\u308c\u3066\u8ee2\u5012\u3057\u305f\u3002",
    "PhraseFontSize": 2,
    "PhraseSpeed": 3,
    "IsPhraseCenter": false,
    "SpeechMCharacterId": null,
    "IsSpeakingFlags": 0,
    "FrameImage": 0,
    "VoiceFileName": "",
    "BackgroundImage": "",
    "BGM": "",
    "SE": "",
    "Effect": null,
    "BackgroundEffectType": 2,
    "StandCharacters": [
      {
        "MCharacterId": 102,
        "Position": 3,
        "Action": 3,
        "Emotion": 2,
        "FacialExpression": 4,
        "EnterAction": 1
      }
    ],
    "StillDetail": {
      "AnimationName": "",
      "AnimationSpeed": null,
      "CameraZoomRatio": null,
      "CameraPositionX": null,
      "CameraPositionY": null,
      "CameraWorkDuration": null,
      "CameraRotation": null
    }
  },
  {
    "GroupOrder": 45,
    "ViewOrder": 1,
    "Name": "\u30d5\u30a7\u30eb\u30af\u30ea\u30f3\u30b2\u30f3",
    "Phrase": "\u300c\u8eca\u638c\uff01 \u30b7\u30f3\u30c7\u30ec\u30e9\u2026\u2026\uff01\uff1f\u300d",
    "PhraseFontSize": 2,
    "PhraseSpeed": 3,
    "IsPhraseCenter": false,
    "SpeechMCharacterId": null,
    "IsSpeakingFlags": 4,
    "FrameImage": 1,
    "VoiceFileName": "e_42003209_014",
    "BackgroundImage": "",
    "BGM": "",
    "SE": "",
    "Effect": null,
    "BackgroundEffectType": 0,
    "StandCharacters": [
      {
        "MCharacterId": 5201,
        "Position": 3,
        "Action": 0,
        "Emotion": 5,
        "FacialExpression": 1,
        "EnterAction": 1
      }
    ],
    "StillDetail": {
      "AnimationName": "",
      "AnimationSpeed": null,
      "CameraZoomRatio": null,
      "CameraPositionX": null,
      "CameraPositionY": null,
      "CameraWorkDuration": null,
      "CameraRotation": null
    }
  },
  {
    "GroupOrder": 46,
    "ViewOrder": 1,
    "Name": "\uff1f\uff1f\uff1f",
    "Phrase": "\u300c\u30f4\u30a1\u30a2\u30a2\u30a2\u30a2\u2015\u2015\u300d",
    "PhraseFontSize": 2,
    "PhraseSpeed": 3,
    "IsPhraseCenter": false,
    "SpeechMCharacterId": null,
    "IsSpeakingFlags": 0,
    "FrameImage": 1,
    "VoiceFileName": "",
    "BackgroundImage": "",
    "BGM": "",
    "SE": "",
    "Effect": null,
    "BackgroundEffectType": 0,
    "StandCharacters": [],
    "StillDetail": {
      "AnimationName": "",
      "AnimationSpeed": null,
      "CameraZoomRatio": null,
      "CameraPositionX": null,
      "CameraPositionY": null,
      "CameraWorkDuration": null,
      "CameraRotation": null
    }
  },
  {
    "GroupOrder": 47,
    "ViewOrder": 1,
    "Name": "",
    "Phrase": "\u75db\u307f\u306b\u547b\u304f\u6211\u3005\u3092\u5632\u7b11\u3046\u3088\u3046\u306a\u8abf\u5b50\u3067\u3001\\n\u4f55\u8005\u304b\u304c\u58f0\u3092\u767a\u3057\u306a\u304c\u3089\u9032\u307f\u51fa\u3066\u304f\u308b\u3002\\n\u305d\u3061\u3089\u3092\u7768\u307f\u3001\u30d5\u30a7\u30eb\u30af\u30ea\u30f3\u30b2\u30f3\u304c\u9854\u3092\u3057\u304b\u3081\u305f\u3002",
    "PhraseFontSize": 2,
    "PhraseSpeed": 3,
    "IsPhraseCenter": false,
    "SpeechMCharacterId": null,
    "IsSpeakingFlags": 0,
    "FrameImage": 0,
    "VoiceFileName": "",
    "BackgroundImage": "",
    "BGM": "",
    "SE": "",
    "Effect": null,
    "BackgroundEffectType": 0,
    "StandCharacters": [],
    "StillDetail": {
      "AnimationName": "",
      "AnimationSpeed": null,
      "CameraZoomRatio": null,
      "CameraPositionX": null,
      "CameraPositionY": null,
      "CameraWorkDuration": null,
      "CameraRotation": null
    }
  },
  {
    "GroupOrder": 48,
    "ViewOrder": 1,
    "Name": "\u30d5\u30a7\u30eb\u30af\u30ea\u30f3\u30b2\u30f3",
    "Phrase": "\u300c\u4f55\u3001\u3053\u3044\u3064\u2026\u2026\uff1f\u300d",
    "PhraseFontSize": 2,
    "PhraseSpeed": 3,
    "IsPhraseCenter": false,
    "SpeechMCharacterId": null,
    "IsSpeakingFlags": 4,
    "FrameImage": 0,
    "VoiceFileName": "e_42003209_015",
    "BackgroundImage": "",
    "BGM": "",
    "SE": "",
    "Effect": null,
    "BackgroundEffectType": 0,
    "StandCharacters": [
      {
        "MCharacterId": 5201,
        "Position": 3,
        "Action": 0,
        "Emotion": 2,
        "FacialExpression": 1,
        "EnterAction": 0
      }
    ],
    "StillDetail": {
      "AnimationName": "",
      "AnimationSpeed": null,
      "CameraZoomRatio": null,
      "CameraPositionX": null,
      "CameraPositionY": null,
      "CameraWorkDuration": null,
      "CameraRotation": null
    }
  },
  {
    "GroupOrder": 49,
    "ViewOrder": 1,
    "Name": "",
    "Phrase": "\u3086\u3063\u304f\u308a\u3068\u51fa\u73fe\u3057\u305f\u306e\u306f\u3001\u5de8\u5927\u306a\u5973\u6027\u2015\u2015\u306e\u3088\u3046\u306a\u8f2a\u90ed\u306e\u6c37\u50cf\u3067\u3042\u308b\u3002\\n\u4ee5\u524d\u30f4\u30a1\u30a4\u30ab\u30eb\u6e56\u3067\u906d\u9047\u3057\u305f\u6c37\u306e\u9a0e\u58eb\u306b\u4f3c\u3066\u3044\u308b\u304b\u3082\u3057\u308c\u306a\u3044\u3001\\n\u3082\u3057\u304b\u3057\u305f\u3089\u540c\u7a2e\u306e\u9b54\u7269\u306a\u306e\u3060\u308d\u3046\u304b\u3002",
    "PhraseFontSize": 2,
    "PhraseSpeed": 3,
    "IsPhraseCenter": false,
    "SpeechMCharacterId": null,
    "IsSpeakingFlags": 0,
    "FrameImage": 0,
    "VoiceFileName": "",
    "BackgroundImage": "",
    "BGM": "",
    "SE": "",
    "Effect": null,
    "BackgroundEffectType": 0,
    "StandCharacters": [
      {
        "MCharacterId": 122,
        "Position": 3,
        "Action": 0,
        "Emotion": 0,
        "FacialExpression": 0,
        "EnterAction": 1
      }
    ],
    "StillDetail": {
      "AnimationName": "",
      "AnimationSpeed": null,
      "CameraZoomRatio": null,
      "CameraPositionX": null,
      "CameraPositionY": null,
      "CameraWorkDuration": null,
      "CameraRotation": null
    }
  },
  {
    "GroupOrder": 50,
    "ViewOrder": 1,
    "Name": "",
    "Phrase": "\u898b\u4e0a\u3052\u308b\u307b\u3069\u306e\u5de8\u4f53\u3060\u3002\u5973\u6027\u7684\u306a\u80a2\u4f53\u304c\u8276\u3081\u304b\u3057\u3044\u304c\u3001\\n\u306a\u305c\u304b\u9996\u306e\u4e2d\u9014\u304b\u3089\u5207\u308a\u843d\u3068\u3055\u308c\u305f\u304b\u306e\u3088\u3046\u306b\u982d\u90e8\u304c\u6b20\u843d\u3057\u3066\u3044\u308b\u3002\\n\u80cc\u4e2d\u304b\u3089\u3001\u7ffc\u306e\u3088\u3046\u306b\u5927\u5c0f\u7121\u6570\u306e\u6c37\u67f1\u3092\u751f\u3084\u3057\u3066\u3044\u308b\u3002",
    "PhraseFontSize": 2,
    "PhraseSpeed": 3,
    "IsPhraseCenter": false,
    "SpeechMCharacterId": null,
    "IsSpeakingFlags": 0,
    "FrameImage": 0,
    "VoiceFileName": "",
    "BackgroundImage": "",
    "BGM": "",
    "SE": "",
    "Effect": null,
    "BackgroundEffectType": 0,
    "StandCharacters": [
      {
        "MCharacterId": 122,
        "Position": 3,
        "Action": 0,
        "Emotion": 0,
        "FacialExpression": 0,
        "EnterAction": 0
      }
    ],
    "StillDetail": {
      "AnimationName": "",
      "AnimationSpeed": null,
      "CameraZoomRatio": null,
      "CameraPositionX": null,
      "CameraPositionY": null,
      "CameraWorkDuration": null,
      "CameraRotation": null
    }
  },
  {
    "GroupOrder": 51,
    "ViewOrder": 1,
    "Name": "",
    "Phrase": "\u3055\u3089\u306b\u2015\u2015\u305d\u306e\u6c37\u50cf\u3081\u3044\u305f\u5b58\u5728\u306e\u3001\u4eba\u4f53\u306a\u3089\u3070\u982d\u90e8\u304c\u3042\u308b\u3079\u304d\u4f4d\u7f6e\u306b\\n\u798d\u3005\u3057\u304f\u3082\u7f8e\u3057\u3044\u300e\u6c37\u306e\u82b1\u300f\u304c\u54b2\u3044\u3066\u3044\u308b\u3002\\n\u305d\u308c\u306f\u5947\u5999\u306b\u8822\u304d\u3001\u7570\u69d8\u306a\u523a\u6fc0\u81ed\u3092\u6f02\u308f\u305b\u3066\u3044\u305f\u3002",
    "PhraseFontSize": 2,
    "PhraseSpeed": 3,
    "IsPhraseCenter": false,
    "SpeechMCharacterId": null,
    "IsSpeakingFlags": 0,
    "FrameImage": 0,
    "VoiceFileName": "",
    "BackgroundImage": "",
    "BGM": "",
    "SE": "",
    "Effect": null,
    "BackgroundEffectType": 0,
    "StandCharacters": [
      {
        "MCharacterId": 122,
        "Position": 3,
        "Action": 0,
        "Emotion": 0,
        "FacialExpression": 0,
        "EnterAction": 0
      }
    ],
    "StillDetail": {
      "AnimationName": "",
      "AnimationSpeed": null,
      "CameraZoomRatio": null,
      "CameraPositionX": null,
      "CameraPositionY": null,
      "CameraWorkDuration": null,
      "CameraRotation": null
    }
  },
  {
    "GroupOrder": 52,
    "ViewOrder": 1,
    "Name": "",
    "Phrase": "\u6c37\u306e\u3001\u7570\u5f62\u2026\u2026\u3002\\n\u982d\u90e8\u306e\u6b20\u843d\u304c\u75db\u3005\u3057\u3044\u305d\u306e\u5b58\u5728\u306f\u3001\\n\u5439\u96ea\u306e\u3054\u3068\u304d\u58f0\u3092\u3042\u3052\u306a\u304c\u3089\u5f90\u3005\u306b\u8fd1\u3065\u3044\u3066\u304f\u308b\u3002\\n\u304a\u307e\u3051\u306b\u2015\u2015\u3002",
    "PhraseFontSize": 2,
    "PhraseSpeed": 3,
    "IsPhraseCenter": false,
    "SpeechMCharacterId": null,
    "IsSpeakingFlags": 0,
    "FrameImage": 0,
    "VoiceFileName": "",
    "BackgroundImage": "",
    "BGM": "",
    "SE": "",
    "Effect": null,
    "BackgroundEffectType": 0,
    "StandCharacters": [
      {
        "MCharacterId": 122,
        "Position": 3,
        "Action": 0,
        "Emotion": 0,
        "FacialExpression": 0,
        "EnterAction": 0
      }
    ],
    "StillDetail": {
      "AnimationName": "",
      "AnimationSpeed": null,
      "CameraZoomRatio": null,
      "CameraPositionX": null,
      "CameraPositionY": null,
      "CameraWorkDuration": null,
      "CameraRotation": null
    }
  },
  {
    "GroupOrder": 53,
    "ViewOrder": 1,
    "Name": "\u30d5\u30a7\u30eb\u30af\u30ea\u30f3\u30b2\u30f3",
    "Phrase": "\u300c\u30e0\u30eb\u30de\u30f3\u30b9\u30af\uff01\uff1f\u300d",
    "PhraseFontSize": 2,
    "PhraseSpeed": 3,
    "IsPhraseCenter": false,
    "SpeechMCharacterId": null,
    "IsSpeakingFlags": 4,
    "FrameImage": 0,
    "VoiceFileName": "e_42003209_016",
    "BackgroundImage": "",
    "BGM": "",
    "SE": "",
    "Effect": null,
    "BackgroundEffectType": 0,
    "StandCharacters": [
      {
        "MCharacterId": 5201,
        "Position": 3,
        "Action": 0,
        "Emotion": 4,
        "FacialExpression": 1,
        "EnterAction": 1
      }
    ],
    "StillDetail": {
      "AnimationName": "",
      "AnimationSpeed": null,
      "CameraZoomRatio": null,
      "CameraPositionX": null,
      "CameraPositionY": null,
      "CameraWorkDuration": null,
      "CameraRotation": null
    }
  },
  {
    "GroupOrder": 54,
    "ViewOrder": 1,
    "Name": "",
    "Phrase": "\u6697\u3044\u306e\u3067\u3088\u304f\u306f\u898b\u3048\u306a\u3044\u304c\u3001\u3069\u3046\u3082\u305d\u306e\u5de8\u5927\u306a\u6c37\u306e\u5973\u795e\u50cf\u2015\u2015\\n\u3068\u547c\u3076\u3079\u304d\u5b58\u5728\u306e\u3001\u982d\u90e8\u304c\u3042\u308b\u3079\u304d\u4f4d\u7f6e\u306b\u54b2\u3044\u305f\u300e\u6c37\u306e\u82b1\u300f\u306b\\n\u30e0\u30eb\u30de\u30f3\u30b9\u30af\u304c\u56da\u308f\u308c\u3066\u3044\u308b\u306e\u304c\u308f\u304b\u3063\u305f\u3002",
    "PhraseFontSize": 2,
    "PhraseSpeed": 3,
    "IsPhraseCenter": false,
    "SpeechMCharacterId": null,
    "IsSpeakingFlags": 0,
    "FrameImage": 0,
    "VoiceFileName": "",
    "BackgroundImage": "",
    "BGM": "",
    "SE": "",
    "Effect": null,
    "BackgroundEffectType": 0,
    "StandCharacters": [
      {
        "MCharacterId": 5201,
        "Position": 3,
        "Action": 0,
        "Emotion": 0,
        "FacialExpression": 1,
        "EnterAction": 0
      }
    ],
    "StillDetail": {
      "AnimationName": "",
      "AnimationSpeed": null,
      "CameraZoomRatio": null,
      "CameraPositionX": null,
      "CameraPositionY": null,
      "CameraWorkDuration": null,
      "CameraRotation": null
    }
  },
  {
    "GroupOrder": 55,
    "ViewOrder": 1,
    "Name": "\u6c37\u306e\u5973\u795e\u50cf",
    "Phrase": "\u300c\u2026\u2026\u2026\u2026\u300d",
    "PhraseFontSize": 2,
    "PhraseSpeed": 3,
    "IsPhraseCenter": false,
    "SpeechMCharacterId": null,
    "IsSpeakingFlags": 0,
    "FrameImage": 0,
    "VoiceFileName": "",
    "BackgroundImage": "",
    "BGM": "",
    "SE": "",
    "Effect": null,
    "BackgroundEffectType": 0,
    "StandCharacters": [
      {
        "MCharacterId": 28201,
        "Position": 3,
        "Action": 0,
        "Emotion": 0,
        "FacialExpression": 7,
        "EnterAction": 1
      }
    ],
    "StillDetail": {
      "AnimationName": "",
      "AnimationSpeed": null,
      "CameraZoomRatio": null,
      "CameraPositionX": null,
      "CameraPositionY": null,
      "CameraWorkDuration": null,
      "CameraRotation": null
    }
  },
  {
    "GroupOrder": 56,
    "ViewOrder": 1,
    "Name": "\u30e0\u30eb\u30de\u30f3\u30b9\u30af",
    "Phrase": "\u300c\u2026\u2026\u2026\u2026\u300d",
    "PhraseFontSize": 2,
    "PhraseSpeed": 3,
    "IsPhraseCenter": false,
    "SpeechMCharacterId": null,
    "IsSpeakingFlags": 4,
    "FrameImage": 0,
    "VoiceFileName": "e_42003209_017",
    "BackgroundImage": "",
    "BGM": "",
    "SE": "",
    "Effect": null,
    "BackgroundEffectType": 0,
    "StandCharacters": [
      {
        "MCharacterId": 28201,
        "Position": 3,
        "Action": 0,
        "Emotion": 0,
        "FacialExpression": 7,
        "EnterAction": 0
      }
    ],
    "StillDetail": {
      "AnimationName": "",
      "AnimationSpeed": null,
      "CameraZoomRatio": null,
      "CameraPositionX": null,
      "CameraPositionY": null,
      "CameraWorkDuration": null,
      "CameraRotation": null
    }
  },
  {
    "GroupOrder": 57,
    "ViewOrder": 1,
    "Name": "",
    "Phrase": "\u3069\u3046\u3082\u30e0\u30eb\u30de\u30f3\u30b9\u30af\u306f\u610f\u8b58\u3092\u5931\u3063\u3066\u3044\u308b\u3088\u3046\u3067\u3001\\n\u6211\u3005\u304c\u4f55\u5ea6\u3082\u547c\u3073\u304b\u3051\u3066\u3082\u53cd\u5fdc\u3057\u3066\u304f\u308c\u306a\u3044\u3002\\n\u534a\u900f\u660e\u306a\u6c37\u306e\u82b1\u3073\u3089\u306e\u9699\u9593\u306b\u631f\u307e\u308b\u3088\u3046\u306b\u3057\u3066\u6a2a\u305f\u308f\u3063\u305f\u307e\u307e\u3001\\n\u3086\u3063\u304f\u308a\u3068\u4f53\u6e29\u3092\u596a\u308f\u308c\u3066\u51b7\u3048\u3066\u3044\u3063\u3066\u3044\u308b\u3002",
    "PhraseFontSize": 2,
    "PhraseSpeed": 3,
    "IsPhraseCenter": false,
    "SpeechMCharacterId": null,
    "IsSpeakingFlags": 0,
    "FrameImage": 0,
    "VoiceFileName": "",
    "BackgroundImage": "",
    "BGM": "",
    "SE": "",
    "Effect": null,
    "BackgroundEffectType": 0,
    "StandCharacters": [
      {
        "MCharacterId": 28201,
        "Position": 3,
        "Action": 0,
        "Emotion": 0,
        "FacialExpression": 7,
        "EnterAction": 0
      }
    ],
    "StillDetail": {
      "AnimationName": "",
      "AnimationSpeed": null,
      "CameraZoomRatio": null,
      "CameraPositionX": null,
      "CameraPositionY": null,
      "CameraWorkDuration": null,
      "CameraRotation": null
    }
  },
  {
    "GroupOrder": 58,
    "ViewOrder": 1,
    "Name": "\u30b7\u30f3\u30c7\u30ec\u30e9",
    "Phrase": "\u300e\u3050\u3050\u2026\u2026\u3002\u3054\u6ce8\u610f\u3092\u3001\u30d5\u30a7\u30eb\u30af\u30ea\u30f3\u30b2\u30f3\u304a\u5b22\u3055\u307e\u300f",
    "PhraseFontSize": 2,
    "PhraseSpeed": 3,
    "IsPhraseCenter": false,
    "SpeechMCharacterId": null,
    "IsSpeakingFlags": 4,
    "FrameImage": 0,
    "VoiceFileName": "",
    "BackgroundImage": "",
    "BGM": "",
    "SE": "",
    "Effect": null,
    "BackgroundEffectType": 0,
    "StandCharacters": [
      {
        "MCharacterId": 102,
        "Position": 3,
        "Action": 3,
        "Emotion": 2,
        "FacialExpression": 3,
        "EnterAction": 1
      }
    ],
    "StillDetail": {
      "AnimationName": "",
      "AnimationSpeed": null,
      "CameraZoomRatio": null,
      "CameraPositionX": null,
      "CameraPositionY": null,
      "CameraWorkDuration": null,
      "CameraRotation": null
    }
  },
  {
    "GroupOrder": 59,
    "ViewOrder": 1,
    "Name": "",
    "Phrase": "\u5e8a\u306b\u5012\u308c\u4f0f\u3057\u3001\u82e6\u52b4\u3057\u3066\u8d77\u304d\u4e0a\u304c\u308d\u3046\u3068\u3057\u306a\u304c\u3089\u30b7\u30f3\u30c7\u30ec\u30e9\u304c\u547b\u304f\u3002",
    "PhraseFontSize": 2,
    "PhraseSpeed": 3,
    "IsPhraseCenter": false,
    "SpeechMCharacterId": null,
    "IsSpeakingFlags": 0,
    "FrameImage": 0,
    "VoiceFileName": "",
    "BackgroundImage": "",
    "BGM": "",
    "SE": "",
    "Effect": null,
    "BackgroundEffectType": 0,
    "StandCharacters": [
      {
        "MCharacterId": 102,
        "Position": 3,
        "Action": 0,
        "Emotion": 0,
        "FacialExpression": 3,
        "EnterAction": 0
      }
    ],
    "StillDetail": {
      "AnimationName": "",
      "AnimationSpeed": null,
      "CameraZoomRatio": null,
      "CameraPositionX": null,
      "CameraPositionY": null,
      "CameraWorkDuration": null,
      "CameraRotation": null
    }
  },
  {
    "GroupOrder": 60,
    "ViewOrder": 1,
    "Name": "\u30b7\u30f3\u30c7\u30ec\u30e9",
    "Phrase": "\u300e\u5e83\u5831\u90e8\u306e\u7686\u3055\u307e\u306e\u63a8\u8ad6\u306b\u3088\u308b\u3068\u3002\\n\u3000\u3053\u306e\u300e\u904a\u5712\u5730\u300f\u306f\u3001\u304a\u305e\u307e\u3057\u3044\u9b54\u7269\u306e\u5de3\u306e\u3088\u3046\u3067\u3059\u3002\\n\u3000\u305d\u306e\u9b54\u7269\u306f\u697d\u3057\u3052\u306a\u904a\u5712\u5730\u3092\u69cb\u7bc9\u3057\u3001\\n\u3000\u305d\u3053\u306b\u8ff7\u3044\u3053\u3093\u3060\u4eba\u3005\u3092\u9589\u3058\u3053\u3081\u308b\u2015\u2015\u300f",
    "PhraseFontSize": 2,
    "PhraseSpeed": 3,
    "IsPhraseCenter": false,
    "SpeechMCharacterId": null,
    "IsSpeakingFlags": 4,
    "FrameImage": 0,
    "VoiceFileName": "",
    "BackgroundImage": "",
    "BGM": "",
    "SE": "",
    "Effect": null,
    "BackgroundEffectType": 0,
    "StandCharacters": [
      {
        "MCharacterId": 102,
        "Position": 3,
        "Action": 0,
        "Emotion": 0,
        "FacialExpression": 3,
        "EnterAction": 0
      }
    ],
    "StillDetail": {
      "AnimationName": "",
      "AnimationSpeed": null,
      "CameraZoomRatio": null,
      "CameraPositionX": null,
      "CameraPositionY": null,
      "CameraWorkDuration": null,
      "CameraRotation": null
    }
  },
  {
    "GroupOrder": 61,
    "ViewOrder": 1,
    "Name": "\u30b7\u30f3\u30c7\u30ec\u30e9",
    "Phrase": "\u300e\u990c\u304c\u8db3\u308a\u306a\u3051\u308c\u3070\u3001\u7737\u5c5e\u306b\u547d\u3058\u3066\u5b50\u4f9b\u3092\u652b\u308f\u305b\u305f\u308a\u3082\u3059\u308b\u3088\u3046\u3067\u3059\u3002\\n\u3000\u305d\u306e\u5f8c\u3001\u4f4e\u6e29\u3084\u75b2\u52b4\u611f\u306a\u3069\u3067\u300e\u5ba2\u300f\u3092\u5f31\u3089\u305b\u305f\u4e0a\u3067\u6355\u98df\u3057\u307e\u3059\u3002\\n\u3000\u306a\u304b\u306a\u304b\u597d\u307f\u306b\u306f\u3046\u308b\u3055\u3044\u3088\u3046\u3067\u3001\\n\u3000\u990c\u3092\u534a\u3070\u610f\u56f3\u7684\u306b\u9003\u304c\u3057\u3066\u3057\u307e\u3046\u3053\u3068\u3082\u3042\u308b\u3088\u3046\u3067\u3059\u304c\u300f",
    "PhraseFontSize": 2,
    "PhraseSpeed": 3,
    "IsPhraseCenter": false,
    "SpeechMCharacterId": null,
    "IsSpeakingFlags": 4,
    "FrameImage": 0,
    "VoiceFileName": "",
    "BackgroundImage": "",
    "BGM": "",
    "SE": "",
    "Effect": null,
    "BackgroundEffectType": 0,
    "StandCharacters": [
      {
        "MCharacterId": 102,
        "Position": 3,
        "Action": 0,
        "Emotion": 0,
        "FacialExpression": 3,
        "EnterAction": 0
      }
    ],
    "StillDetail": {
      "AnimationName": "",
      "AnimationSpeed": null,
      "CameraZoomRatio": null,
      "CameraPositionX": null,
      "CameraPositionY": null,
      "CameraWorkDuration": null,
      "CameraRotation": null
    }
  },
  {
    "GroupOrder": 62,
    "ViewOrder": 1,
    "Name": "\u30b7\u30f3\u30c7\u30ec\u30e9",
    "Phrase": "\u300e\u305d\u3046\u3057\u3066\u9003\u3052\u305f\u300e\u5ba2\u300f\u306f\u3001\\n\u3000\u6c37\u96ea\u306e\u5730\u306e\u76f4\u4e2d\u306b\u3042\u308b\u5947\u5999\u306a\u904a\u5712\u5730\u306b\u3064\u3044\u3066\u5439\u8074\u3082\u3057\u307e\u3059\u3002\\n\u3000\u305d\u306e\u5642\u3092\u77e5\u308a\u8208\u5473\u3092\u62b1\u3044\u305f\u3082\u306e\u305f\u3061\u304c\u3001\\n\u3000\u904a\u5712\u5730\u3092\u63a2\u3057\u306b\u304d\u3066\u8ff7\u3044\u3053\u3080\u3053\u3068\u3082\u3042\u308b\u306e\u3067\u3057\u3087\u3046\u300f",
    "PhraseFontSize": 2,
    "PhraseSpeed": 3,
    "IsPhraseCenter": false,
    "SpeechMCharacterId": null,
    "IsSpeakingFlags": 4,
    "FrameImage": 0,
    "VoiceFileName": "",
    "BackgroundImage": "",
    "BGM": "",
    "SE": "",
    "Effect": null,
    "BackgroundEffectType": 0,
    "StandCharacters": [
      {
        "MCharacterId": 102,
        "Position": 3,
        "Action": 0,
        "Emotion": 0,
        "FacialExpression": 7,
        "EnterAction": 0
      }
    ],
    "StillDetail": {
      "AnimationName": "",
      "AnimationSpeed": null,
      "CameraZoomRatio": null,
      "CameraPositionX": null,
      "CameraPositionY": null,
      "CameraWorkDuration": null,
      "CameraRotation": null
    }
  },
  {
    "GroupOrder": 63,
    "ViewOrder": 1,
    "Name": "\u30d5\u30a7\u30eb\u30af\u30ea\u30f3\u30b2\u30f3",
    "Phrase": "\u300c\u3075\u3045\u3093\u3001\u4eba\u9593\u3092\u6355\u307e\u3048\u308b\u305f\u3081\u306e\u8718\u86db\u306e\u5de3\u3063\u3066\u3068\u3053\u306d\u3002\\n\u3000\u3042\u308b\u3044\u306f\u3001\u98df\u866b\u690d\u7269\u304b\u3057\u3089\u3002\\n\u3000\u30ad\u30b7\u30e7\u3044\u751f\u614b\u3057\u3066\u308b\u3058\u3083\u306a\u3044\u3001\\n\u3000\u2026\u2026\u305d\u3053\u306b\u3044\u308b\u4e0d\u6c17\u5473\u306a\u6c37\u50cf\u304c\u3001\u305d\u306e\u9b54\u7269\u3063\u3066\u3053\u3068\uff1f\u300d",
    "PhraseFontSize": 2,
    "PhraseSpeed": 3,
    "IsPhraseCenter": false,
    "SpeechMCharacterId": null,
    "IsSpeakingFlags": 4,
    "FrameImage": 0,
    "VoiceFileName": "e_42003209_018",
    "BackgroundImage": "",
    "BGM": "",
    "SE": "",
    "Effect": null,
    "BackgroundEffectType": 0,
    "StandCharacters": [
      {
        "MCharacterId": 5201,
        "Position": 3,
        "Action": 0,
        "Emotion": 0,
        "FacialExpression": 8,
        "EnterAction": 1
      }
    ],
    "StillDetail": {
      "AnimationName": "",
      "AnimationSpeed": null,
      "CameraZoomRatio": null,
      "CameraPositionX": null,
      "CameraPositionY": null,
      "CameraWorkDuration": null,
      "CameraRotation": null
    }
  },
  {
    "GroupOrder": 64,
    "ViewOrder": 1,
    "Name": "\u30b7\u30f3\u30c7\u30ec\u30e9",
    "Phrase": "\u300e\u6050\u3089\u304f\u306f\u3002\u3055\u3089\u306b\u79c1\u3082\u9b54\u7269\u3067\u3059\u306e\u3067\u3001\\n\u3000\u306a\u304b\u306a\u304b\u597d\u307e\u3057\u304f\u306f\u306a\u3044\u63a8\u6e2c\u3082\u3067\u304d\u308b\u306e\u3067\u3059\u304c\u3002\\n\u3000\u9b54\u7269\u306e\u306a\u304b\u306b\u306f\u80ce\u5185\u306b\u4ed6\u306e\u751f\u304d\u7269\u3092\u53d6\u308a\u3053\u3093\u3067\u3001\\n\u3000\u907a\u4f1d\u5b50\u306a\u3069\u3092\u64cd\u4f5c\u3059\u308b\u3053\u3068\u3067\u2015\u2015\u5df1\u306e\u7737\u5c5e\u3092\u300e\u751f\u7523\u300f\u3059\u308b\u3082\u306e\u304c\u3044\u307e\u3059\u300f",
    "PhraseFontSize": 2,
    "PhraseSpeed": 3,
    "IsPhraseCenter": false,
    "SpeechMCharacterId": null,
    "IsSpeakingFlags": 4,
    "FrameImage": 0,
    "VoiceFileName": "",
    "BackgroundImage": "",
    "BGM": "",
    "SE": "",
    "Effect": null,
    "BackgroundEffectType": 0,
    "StandCharacters": [
      {
        "MCharacterId": 102,
        "Position": 3,
        "Action": 0,
        "Emotion": 0,
        "FacialExpression": 3,
        "EnterAction": 1
      }
    ],
    "StillDetail": {
      "AnimationName": "",
      "AnimationSpeed": null,
      "CameraZoomRatio": null,
      "CameraPositionX": null,
      "CameraPositionY": null,
      "CameraWorkDuration": null,
      "CameraRotation": null
    }
  },
  {
    "GroupOrder": 65,
    "ViewOrder": 1,
    "Name": "\u30b7\u30f3\u30c7\u30ec\u30e9",
    "Phrase": "\u300e\u6050\u3089\u304f\u306f\u904a\u5712\u5730\u306b\u591a\u6570\u3001\u5f98\u5f8a\u3057\u3066\u3044\u308b\u30a4\u30a8\u30c6\u30a3\u305f\u3061\u306f\u2015\u2015\u300f",
    "PhraseFontSize": 2,
    "PhraseSpeed": 3,
    "IsPhraseCenter": false,
    "SpeechMCharacterId": null,
    "IsSpeakingFlags": 4,
    "FrameImage": 0,
    "VoiceFileName": "",
    "BackgroundImage": "",
    "BGM": "",
    "SE": "",
    "Effect": null,
    "BackgroundEffectType": 0,
    "StandCharacters": [
      {
        "MCharacterId": 102,
        "Position": 3,
        "Action": 0,
        "Emotion": 0,
        "FacialExpression": 7,
        "EnterAction": 0
      }
    ],
    "StillDetail": {
      "AnimationName": "",
      "AnimationSpeed": null,
      "CameraZoomRatio": null,
      "CameraPositionX": null,
      "CameraPositionY": null,
      "CameraWorkDuration": null,
      "CameraRotation": null
    }
  },
  {
    "GroupOrder": 66,
    "ViewOrder": 1,
    "Name": "\u30d5\u30a7\u30eb\u30af\u30ea\u30f3\u30b2\u30f3",
    "Phrase": "\u300c\u3042\u3041\u3001\u3082\u3046\u3044\u3044\u308f\u3002\\n\u3000\u3042\u305f\u3057\u306f\u99ac\u9e7f\u3058\u3083\u306a\u3044\u306e\u3088\u3001\\n\u3000\u3042\u3093\u305f\u304c\u8a00\u3044\u305f\u3044\u3053\u3068\u306f\u308f\u304b\u3063\u305f\u304b\u3089\u300d",
    "PhraseFontSize": 2,
    "PhraseSpeed": 3,
    "IsPhraseCenter": false,
    "SpeechMCharacterId": null,
    "IsSpeakingFlags": 4,
    "FrameImage": 0,
    "VoiceFileName": "e_42003209_019",
    "BackgroundImage": "",
    "BGM": "",
    "SE": "",
    "Effect": null,
    "BackgroundEffectType": 0,
    "StandCharacters": [
      {
        "MCharacterId": 5201,
        "Position": 3,
        "Action": 0,
        "Emotion": 0,
        "FacialExpression": 3,
        "EnterAction": 1
      }
    ],
    "StillDetail": {
      "AnimationName": "",
      "AnimationSpeed": null,
      "CameraZoomRatio": null,
      "CameraPositionX": null,
      "CameraPositionY": null,
      "CameraWorkDuration": null,
      "CameraRotation": null
    }
  },
  {
    "GroupOrder": 67,
    "ViewOrder": 1,
    "Name": "\u30d5\u30a7\u30eb\u30af\u30ea\u30f3\u30b2\u30f3",
    "Phrase": "\u300c\u3075\u3075\u3002\u826f\u304b\u3063\u305f\u308f\u306d\u3047\u30e0\u30eb\u30de\u30f3\u30b9\u30af\u3001\\n\u3000\u3042\u3093\u305f\u304c\u6b32\u3057\u304c\u3063\u3066\u305f\u30de\u30de\u304c\u3067\u304d\u305f\u308f\u3088\u300d",
    "PhraseFontSize": 2,
    "PhraseSpeed": 3,
    "IsPhraseCenter": false,
    "SpeechMCharacterId": null,
    "IsSpeakingFlags": 4,
    "FrameImage": 0,
    "VoiceFileName": "e_42003209_020",
    "BackgroundImage": "",
    "BGM": "",
    "SE": "",
    "Effect": null,
    "BackgroundEffectType": 0,
    "StandCharacters": [
      {
        "MCharacterId": 5201,
        "Position": 3,
        "Action": 0,
        "Emotion": 0,
        "FacialExpression": 8,
        "EnterAction": 0
      }
    ],
    "StillDetail": {
      "AnimationName": "",
      "AnimationSpeed": null,
      "CameraZoomRatio": null,
      "CameraPositionX": null,
      "CameraPositionY": null,
      "CameraWorkDuration": null,
      "CameraRotation": null
    }
  },
  {
    "GroupOrder": 68,
    "ViewOrder": 1,
    "Name": "\u30e0\u30eb\u30de\u30f3\u30b9\u30af",
    "Phrase": "\u300c\u2026\u2026\u2026\u2026\u300d",
    "PhraseFontSize": 2,
    "PhraseSpeed": 3,
    "IsPhraseCenter": false,
    "SpeechMCharacterId": null,
    "IsSpeakingFlags": 4,
    "FrameImage": 0,
    "VoiceFileName": "e_42003209_021",
    "BackgroundImage": "",
    "BGM": "",
    "SE": "",
    "Effect": null,
    "BackgroundEffectType": 0,
    "StandCharacters": [
      {
        "MCharacterId": 28201,
        "Position": 3,
        "Action": 0,
        "Emotion": 0,
        "FacialExpression": 7,
        "EnterAction": 0
      }
    ],
    "StillDetail": {
      "AnimationName": "",
      "AnimationSpeed": null,
      "CameraZoomRatio": null,
      "CameraPositionX": null,
      "CameraPositionY": null,
      "CameraWorkDuration": null,
      "CameraRotation": null
    }
  },
  {
    "GroupOrder": 69,
    "ViewOrder": 1,
    "Name": "",
    "Phrase": "\u76ae\u8089\u3081\u3044\u305f\u3053\u3068\u3092\u53e3\u306b\u3059\u308b\u30d5\u30a7\u30eb\u30af\u30ea\u30f3\u30b2\u30f3\u306e\u6b63\u9762\u3001\\n\u6c37\u50cf\u306b\u54b2\u3044\u305f\u300e\u6c37\u306e\u82b1\u300f\u306e\u4e0a\u3067\u30e0\u30eb\u30de\u30f3\u30b9\u30af\u304c\u75d9\u6523\u3059\u308b\u3002\\n\u305d\u306e\u5168\u8eab\u306e\u3042\u3061\u3053\u3061\u306b\u306f\u6c37\u306e\u7ba1\uff08\u96c4\u3057\u3079\uff1f\uff09\u304c\u7a81\u304d\u523a\u3055\u3063\u3066\u304a\u308a\u3001\\n\u305d\u3053\u3092\u4e2d\u5fc3\u306b\u3057\u3066\u5f7c\u5973\u306e\u8089\u4f53\u306b\u306f\u5909\u7570\u304c\u751f\u3058\u59cb\u3081\u3066\u3044\u308b\u3002",
    "PhraseFontSize": 2,
    "PhraseSpeed": 3,
    "IsPhraseCenter": false,
    "SpeechMCharacterId": null,
    "IsSpeakingFlags": 0,
    "FrameImage": 0,
    "VoiceFileName": "",
    "BackgroundImage": "",
    "BGM": "",
    "SE": "",
    "Effect": null,
    "BackgroundEffectType": 0,
    "StandCharacters": [
      {
        "MCharacterId": 28201,
        "Position": 3,
        "Action": 0,
        "Emotion": 0,
        "FacialExpression": 7,
        "EnterAction": 0
      }
    ],
    "StillDetail": {
      "AnimationName": "",
      "AnimationSpeed": null,
      "CameraZoomRatio": null,
      "CameraPositionX": null,
      "CameraPositionY": null,
      "CameraWorkDuration": null,
      "CameraRotation": null
    }
  },
  {
    "GroupOrder": 70,
    "ViewOrder": 1,
    "Name": "",
    "Phrase": "\u3053\u306e\u307e\u307e\u9759\u89b3\u3057\u3066\u3044\u305f\u3089\u3001\\n\u30e0\u30eb\u30de\u30f3\u30b9\u30af\u306f\u907a\u4f1d\u5b50\u3092\u5f04\u3089\u308c\u3066\u6539\u5909\u3055\u308c\u3066\u2015\u2015\\n\u6bdb\u3080\u304f\u3058\u3083\u3089\u306e\u30a4\u30a8\u30c6\u30a3\u306b\u5909\u3058\u3066\u3057\u307e\u3046\u306e\u3060\u308d\u3046\u304b\u3002\\n\u5f53\u7136\u3001\u305d\u3093\u306a\u6700\u60aa\u306e\u5c55\u958b\u306f\u6b7b\u3093\u3067\u3082\u963b\u6b62\u3059\u308b\u304c\u3002",
    "PhraseFontSize": 2,
    "PhraseSpeed": 3,
    "IsPhraseCenter": false,
    "SpeechMCharacterId": null,
    "IsSpeakingFlags": 0,
    "FrameImage": 0,
    "VoiceFileName": "",
    "BackgroundImage": "",
    "BGM": "",
    "SE": "",
    "Effect": null,
    "BackgroundEffectType": 0,
    "StandCharacters": [
      {
        "MCharacterId": 28201,
        "Position": 3,
        "Action": 0,
        "Emotion": 0,
        "FacialExpression": 7,
        "EnterAction": 0
      }
    ],
    "StillDetail": {
      "AnimationName": "",
      "AnimationSpeed": null,
      "CameraZoomRatio": null,
      "CameraPositionX": null,
      "CameraPositionY": null,
      "CameraWorkDuration": null,
      "CameraRotation": null
    }
  },
  {
    "GroupOrder": 71,
    "ViewOrder": 1,
    "Name": "\u30d5\u30a7\u30eb\u30af\u30ea\u30f3\u30b2\u30f3",
    "Phrase": "\u300c\u8eca\u638c\u3001\u30b7\u30f3\u30c7\u30ec\u30e9\u3001\u3061\u3087\u3063\u3068\u4e0b\u304c\u3063\u3066\u3066\u3002\\n\u3000\u3042\u3093\u305f\u305f\u3061\u306f\u3055\u3063\u304d\u306e\u4e00\u6483\u3067\u602a\u6211\u3057\u3066\u308b\u3067\u3057\u3087\u2015\u2015\\n\u3000\u307e\u3060\u7121\u50b7\u3067\u3001\u8ca0\u50b7\u3057\u3066\u3082\u4e00\u77ac\u3067\u6cbb\u308b\u3042\u305f\u3057\u3060\u3051\u304c\u6226\u3048\u308b\u3002\\n\u3000\u3060\u304b\u3089\u9762\u5012\u3060\u3051\u3069\u3001\u3042\u305f\u3057\u304c\u3084\u308b\u308f\u300d",
    "PhraseFontSize": 2,
    "PhraseSpeed": 3,
    "IsPhraseCenter": false,
    "SpeechMCharacterId": null,
    "IsSpeakingFlags": 4,
    "FrameImage": 0,
    "VoiceFileName": "e_42003209_022",
    "BackgroundImage": "",
    "BGM": "",
    "SE": "",
    "Effect": null,
    "BackgroundEffectType": 0,
    "StandCharacters": [
      {
        "MCharacterId": 5201,
        "Position": 3,
        "Action": 1,
        "Emotion": 0,
        "FacialExpression": 3,
        "EnterAction": 1
      }
    ],
    "StillDetail": {
      "AnimationName": "",
      "AnimationSpeed": null,
      "CameraZoomRatio": null,
      "CameraPositionX": null,
      "CameraPositionY": null,
      "CameraWorkDuration": null,
      "CameraRotation": null
    }
  },
  {
    "GroupOrder": 72,
    "ViewOrder": 1,
    "Name": "",
    "Phrase": "\u3053\u308c\u307e\u3067\u898b\u305f\u306a\u304b\u3067\u3044\u3061\u3070\u3093\u771f\u5263\u306a\u8868\u60c5\u3092\u3057\u3066\u3001\\n\u30d5\u30a7\u30eb\u30af\u30ea\u30f3\u30b2\u30f3\u304c\u683c\u95d8\u306e\u69cb\u3048\u3092\u53d6\u3063\u305f\u3002\\n\u305d\u3093\u306a\u5f7c\u5973\u306e\u6bba\u6c17\u306b\u53cd\u5fdc\u3057\u305f\u306e\u304b\u3001\\n\u6c37\u306e\u5973\u795e\u50cf\u304c\u5538\u308a\u306a\u304c\u3089\u80cc\u4e2d\u306e\u6c37\u67f1\u3092\u305d\u305d\u308a\u7acb\u305f\u305b\u308b\u3002",
    "PhraseFontSize": 2,
    "PhraseSpeed": 3,
    "IsPhraseCenter": false,
    "SpeechMCharacterId": null,
    "IsSpeakingFlags": 0,
    "FrameImage": 0,
    "VoiceFileName": "",
    "BackgroundImage": "",
    "BGM": "",
    "SE": "",
    "Effect": null,
    "BackgroundEffectType": 0,
    "StandCharacters": [
      {
        "MCharacterId": 5201,
        "Position": 3,
        "Action": 0,
        "Emotion": 0,
        "FacialExpression": 3,
        "EnterAction": 0
      }
    ],
    "StillDetail": {
      "AnimationName": "",
      "AnimationSpeed": null,
      "CameraZoomRatio": null,
      "CameraPositionX": null,
      "CameraPositionY": null,
      "CameraWorkDuration": null,
      "CameraRotation": null
    }
  },
  {
    "GroupOrder": 73,
    "ViewOrder": 1,
    "Name": "\u6c37\u306e\u5973\u795e\u50cf",
    "Phrase": "\u300c\u30f4\u30a1\u30a2\u30a2\u30a2\u30a2\u30a2\u2015\u2015\u300d",
    "PhraseFontSize": 2,
    "PhraseSpeed": 3,
    "IsPhraseCenter": false,
    "SpeechMCharacterId": null,
    "IsSpeakingFlags": 4,
    "FrameImage": 1,
    "VoiceFileName": "",
    "BackgroundImage": "",
    "BGM": "",
    "SE": "",
    "Effect": null,
    "BackgroundEffectType": 0,
    "StandCharacters": [
      {
        "MCharacterId": 122,
        "Position": 3,
        "Action": 7,
        "Emotion": 0,
        "FacialExpression": 0,
        "EnterAction": 1
      }
    ],
    "StillDetail": {
      "AnimationName": "",
      "AnimationSpeed": null,
      "CameraZoomRatio": null,
      "CameraPositionX": null,
      "CameraPositionY": null,
      "CameraWorkDuration": null,
      "CameraRotation": null
    }
  },
  {
    "GroupOrder": 74,
    "ViewOrder": 1,
    "Name": "\u30d5\u30a7\u30eb\u30af\u30ea\u30f3\u30b2\u30f3",
    "Phrase": "\u300c\u7121\u7406\u3084\u308a\u3064\u304f\u3063\u305f\u5b50\u4f9b\u3067\u3082\u3001\u89aa\u304b\u3089\u898b\u305f\u3089\u304b\u308f\u3044\u3044\u306e\u304b\u3057\u3089\u306d\u3002\\n\u3000\u751f\u610f\u6c17\u306b\u3001\u300e\u3046\u3061\u306e\u5b50\u306f\u596a\u308f\u305b\u306a\u3044\u300f\u3063\u3066\u614b\u5ea6\u3067\u5a01\u5687\u3057\u3066\u3084\u304c\u308b\u308f\u300d",
    "PhraseFontSize": 2,
    "PhraseSpeed": 3,
    "IsPhraseCenter": false,
    "SpeechMCharacterId": null,
    "IsSpeakingFlags": 4,
    "FrameImage": 0,
    "VoiceFileName": "e_42003209_023",
    "BackgroundImage": "",
    "BGM": "",
    "SE": "",
    "Effect": null,
    "BackgroundEffectType": 0,
    "StandCharacters": [
      {
        "MCharacterId": 5201,
        "Position": 3,
        "Action": 0,
        "Emotion": 0,
        "FacialExpression": 8,
        "EnterAction": 0
      }
    ],
    "StillDetail": {
      "AnimationName": "",
      "AnimationSpeed": null,
      "CameraZoomRatio": null,
      "CameraPositionX": null,
      "CameraPositionY": null,
      "CameraWorkDuration": null,
      "CameraRotation": null
    }
  },
  {
    "GroupOrder": 75,
    "ViewOrder": 1,
    "Name": "\u30d5\u30a7\u30eb\u30af\u30ea\u30f3\u30b2\u30f3",
    "Phrase": "\u300c\u3067\u3082\u306d\u3002\u99c4\u76ee\u3088\u3001\u3042\u3093\u305f\u306e\u671b\u307f\u306f\u53f6\u308f\u306a\u3044\u3002\\n\u3000\u305d\u306e\u5b50\u306f\u3061\u3083\u3093\u3068\u3001\u3042\u305f\u3057\u305f\u3061\u304c\u9023\u308c\u3066\u5e30\u308b\u308f\u3002\\n\u3000\u30d1\u30d1\u3084\u30de\u30de\u304c\u3044\u306a\u304f\u3063\u3066\u3082\u3001\u3042\u3063\u305f\u304b\u3044\u5bb6\u65cf\u304c\u3044\u308b\u5c45\u5834\u6240\u3078\u300d",
    "PhraseFontSize": 2,
    "PhraseSpeed": 3,
    "IsPhraseCenter": false,
    "SpeechMCharacterId": null,
    "IsSpeakingFlags": 4,
    "FrameImage": 0,
    "VoiceFileName": "e_42003209_024",
    "BackgroundImage": "",
    "BGM": "",
    "SE": "",
    "Effect": null,
    "BackgroundEffectType": 0,
    "StandCharacters": [
      {
        "MCharacterId": 5201,
        "Position": 3,
        "Action": 0,
        "Emotion": 0,
        "FacialExpression": 3,
        "EnterAction": 0
      }
    ],
    "StillDetail": {
      "AnimationName": "",
      "AnimationSpeed": null,
      "CameraZoomRatio": null,
      "CameraPositionX": null,
      "CameraPositionY": null,
      "CameraWorkDuration": null,
      "CameraRotation": null
    }
  },
  {
    "GroupOrder": 76,
    "ViewOrder": 1,
    "Name": "\u30d5\u30a7\u30eb\u30af\u30ea\u30f3\u30b2\u30f3",
    "Phrase": "\u300c\u2015\u2015\u4f55\u304b\u6587\u53e5\u3042\u308b\uff1f\u300d",
    "PhraseFontSize": 2,
    "PhraseSpeed": 3,
    "IsPhraseCenter": false,
    "SpeechMCharacterId": null,
    "IsSpeakingFlags": 4,
    "FrameImage": 0,
    "VoiceFileName": "e_42003209_025",
    "BackgroundImage": "",
    "BGM": "",
    "SE": "",
    "Effect": null,
    "BackgroundEffectType": 0,
    "StandCharacters": [
      {
        "MCharacterId": 5201,
        "Position": 3,
        "Action": 0,
        "Emotion": 0,
        "FacialExpression": 8,
        "EnterAction": 0
      }
    ],
    "StillDetail": {
      "AnimationName": "",
      "AnimationSpeed": null,
      "CameraZoomRatio": null,
      "CameraPositionX": null,
      "CameraPositionY": null,
      "CameraWorkDuration": null,
      "CameraRotation": null
    }
  }
]