﻿[
  {
    "GroupOrder": 1,
    "ViewOrder": 1,
    "Name": "\u30e0\u30eb\u30de\u30f3\u30b9\u30af",
    "Phrase": "\u300c\u300e\u3075\u3047\u308b\u304f\u308a\u3093\u3052\u3093\u300f\u3055\u3093\u2015\u2015\u300d",
    "PhraseFontSize": 2,
    "PhraseSpeed": 3,
    "IsPhraseCenter": false,
    "SpeechMCharacterId": null,
    "IsSpeakingFlags": 4,
    "FrameImage": 0,
    "VoiceFileName": "e_42003208_001",
    "BackgroundImage": "108202",
    "BGM": "adv_02",
    "SE": "",
    "Effect": null,
    "BackgroundEffectType": 0,
    "StandCharacters": [
      {
        "MCharacterId": 28201,
        "Position": 3,
        "Action": 0,
        "Emotion": 0,
        "FacialExpression": 0,
        "EnterAction": 1
      }
    ],
    "StillDetail": {
      "AnimationName": "",
      "AnimationSpeed": null,
      "CameraZoomRatio": null,
      "CameraPositionX": null,
      "CameraPositionY": null,
      "CameraWorkDuration": null,
      "CameraRotation": null
    }
  },
  {
    "GroupOrder": 2,
    "ViewOrder": 1,
    "Name": "",
    "Phrase": "\u9060\u3044\u76ee\u3092\u3057\u3066\u511a\u3052\u306b\u5410\u606f\u3092\u6f0f\u3089\u3057\u305f\u30d5\u30a7\u30eb\u30af\u30ea\u30f3\u30b2\u30f3\u3092\u3001\\n\u30e0\u30eb\u30de\u30f3\u30b9\u30af\u304c\u5168\u8eab\u3067\u304e\u3085\u3046\u3063\u3068\u62b1\u304d\u3057\u3081\u305f\u3002\\n\u5f7c\u5973\u306e\u4f53\u6e29\u304c\u3001\u3042\u3063\u305f\u304b\u3044\u6c17\u6301\u3061\u304c\u3001\\n\u30d5\u30a7\u30eb\u30af\u30ea\u30f3\u30b2\u30f3\u3092\u819d\u62b1\u3063\u3053\u3057\u3066\u3044\u308b\u3053\u3061\u3089\u306b\u307e\u3067\u4f1d\u308f\u3063\u3066\u304f\u308b\u3002",
    "PhraseFontSize": 2,
    "PhraseSpeed": 3,
    "IsPhraseCenter": false,
    "SpeechMCharacterId": null,
    "IsSpeakingFlags": 0,
    "FrameImage": 0,
    "VoiceFileName": "",
    "BackgroundImage": "",
    "BGM": "",
    "SE": "",
    "Effect": null,
    "BackgroundEffectType": 0,
    "StandCharacters": [
      {
        "MCharacterId": 5201,
        "Position": 2,
        "Action": 0,
        "Emotion": 4,
        "FacialExpression": 1,
        "EnterAction": 0
      },
      {
        "MCharacterId": 28201,
        "Position": 3,
        "Action": 0,
        "Emotion": 0,
        "FacialExpression": 7,
        "EnterAction": 0
      }
    ],
    "StillDetail": {
      "AnimationName": "",
      "AnimationSpeed": null,
      "CameraZoomRatio": null,
      "CameraPositionX": null,
      "CameraPositionY": null,
      "CameraWorkDuration": null,
      "CameraRotation": null
    }
  },
  {
    "GroupOrder": 3,
    "ViewOrder": 1,
    "Name": "\u30e0\u30eb\u30de\u30f3\u30b9\u30af",
    "Phrase": "\u300c\u300e\u3060\u3044\u3058\u3087\u3046\u3076\u300f\u3060\u3088\u3001\u308f\u305f\u3057\u305f\u3061\u304c\u3044\u308b\u3088\u3002\\n\u3000\u3082\u3046\u3001\u300e\u3072\u3068\u308a\u307c\u3063\u3061\u300f\u3058\u3083\u306a\u3044\u3088\u2015\u2015\u3055\u3073\u3057\u304f\u306a\u3044\u3088\u300d",
    "PhraseFontSize": 2,
    "PhraseSpeed": 3,
    "IsPhraseCenter": false,
    "SpeechMCharacterId": null,
    "IsSpeakingFlags": 4,
    "FrameImage": 0,
    "VoiceFileName": "e_42003208_002",
    "BackgroundImage": "",
    "BGM": "",
    "SE": "",
    "Effect": null,
    "BackgroundEffectType": 0,
    "StandCharacters": [
      {
        "MCharacterId": 5201,
        "Position": 2,
        "Action": 0,
        "Emotion": 0,
        "FacialExpression": 1,
        "EnterAction": 0
      },
      {
        "MCharacterId": 28201,
        "Position": 3,
        "Action": 0,
        "Emotion": 0,
        "FacialExpression": 0,
        "EnterAction": 0
      }
    ],
    "StillDetail": {
      "AnimationName": "",
      "AnimationSpeed": null,
      "CameraZoomRatio": null,
      "CameraPositionX": null,
      "CameraPositionY": null,
      "CameraWorkDuration": null,
      "CameraRotation": null
    }
  },
  {
    "GroupOrder": 4,
    "ViewOrder": 1,
    "Name": "\u30d5\u30a7\u30eb\u30af\u30ea\u30f3\u30b2\u30f3",
    "Phrase": "\u300c\u2026\u2026\u2026\u2026\u300d",
    "PhraseFontSize": 2,
    "PhraseSpeed": 3,
    "IsPhraseCenter": false,
    "SpeechMCharacterId": null,
    "IsSpeakingFlags": 8,
    "FrameImage": 0,
    "VoiceFileName": "e_42003208_003",
    "BackgroundImage": "",
    "BGM": "",
    "SE": "",
    "Effect": null,
    "BackgroundEffectType": 0,
    "StandCharacters": [
      {
        "MCharacterId": 5201,
        "Position": 2,
        "Action": 0,
        "Emotion": 0,
        "FacialExpression": 1,
        "EnterAction": 0
      },
      {
        "MCharacterId": 28201,
        "Position": 3,
        "Action": 0,
        "Emotion": 0,
        "FacialExpression": 0,
        "EnterAction": 0
      }
    ],
    "StillDetail": {
      "AnimationName": "",
      "AnimationSpeed": null,
      "CameraZoomRatio": null,
      "CameraPositionX": null,
      "CameraPositionY": null,
      "CameraWorkDuration": null,
      "CameraRotation": null
    }
  },
  {
    "GroupOrder": 5,
    "ViewOrder": 1,
    "Name": "\u30e0\u30eb\u30de\u30f3\u30b9\u30af",
    "Phrase": "\u300c\u305d\u308c\u306b\u3002\u300e\u3075\u3047\u308b\u304f\u308a\u3093\u3052\u3093\u300f\u3055\u3093\u306f\u3001\u300e\u304f\u305a\u300f\u3058\u3083\u306a\u3044\u3088\u3002\\n\u3000\u3064\u3088\u304f\u3066\u300e\u304d\u308c\u3044\u300f\u3067\u3001\u3042\u3063\u305f\u304b\u3044\u3088\u2026\u2026\u3002\\n\u3000\u305f\u304f\u3055\u3093\u300e\u3082\u3093\u304f\u300f\u306f\u3044\u3046\u3051\u3069\u3001\u308f\u305f\u3057\u306b\u300e\u3061\u300f\u3092\u3042\u305f\u3048\u3066\u304f\u308c\u3066\u308b\u300d",
    "PhraseFontSize": 2,
    "PhraseSpeed": 3,
    "IsPhraseCenter": false,
    "SpeechMCharacterId": null,
    "IsSpeakingFlags": 2,
    "FrameImage": 0,
    "VoiceFileName": "e_42003208_004",
    "BackgroundImage": "",
    "BGM": "",
    "SE": "",
    "Effect": null,
    "BackgroundEffectType": 0,
    "StandCharacters": [
      {
        "MCharacterId": 5201,
        "Position": 2,
        "Action": 0,
        "Emotion": 0,
        "FacialExpression": 0,
        "EnterAction": 0
      },
      {
        "MCharacterId": 28201,
        "Position": 4,
        "Action": 0,
        "Emotion": 0,
        "FacialExpression": 0,
        "EnterAction": 1
      }
    ],
    "StillDetail": {
      "AnimationName": "",
      "AnimationSpeed": null,
      "CameraZoomRatio": null,
      "CameraPositionX": null,
      "CameraPositionY": null,
      "CameraWorkDuration": null,
      "CameraRotation": null
    }
  },
  {
    "GroupOrder": 6,
    "ViewOrder": 1,
    "Name": "\u30e0\u30eb\u30de\u30f3\u30b9\u30af",
    "Phrase": "\u300c\u3046\u3093\u3069\u3046\u3057\u3093\u3051\u3044\u3082\u300e\u3070\u3064\u3050\u3093\u300f\u3067\u3001\\n\u3000\u308f\u305f\u3057\u304c\u3057\u3089\u306a\u3044\u3053\u3068\u3082\u300e\u3044\u3063\u3071\u3044\u300f\u3057\u3063\u3066\u308b\u3002\\n\u3000\u306a\u306b\u3082\u308f\u304b\u3089\u306a\u3044\u308f\u305f\u3057\u3088\u308a\u3082\u3001\u305a\u3063\u3068\u308a\u3063\u3071\u306a\u300e\u3050\u3093\u3058\u3093\u300f\u3055\u3093\u3060\u3088\u300d",
    "PhraseFontSize": 2,
    "PhraseSpeed": 3,
    "IsPhraseCenter": false,
    "SpeechMCharacterId": null,
    "IsSpeakingFlags": 2,
    "FrameImage": 0,
    "VoiceFileName": "e_42003208_005",
    "BackgroundImage": "",
    "BGM": "",
    "SE": "",
    "Effect": null,
    "BackgroundEffectType": 0,
    "StandCharacters": [
      {
        "MCharacterId": 5201,
        "Position": 2,
        "Action": 0,
        "Emotion": 0,
        "FacialExpression": 0,
        "EnterAction": 0
      },
      {
        "MCharacterId": 28201,
        "Position": 4,
        "Action": 0,
        "Emotion": 0,
        "FacialExpression": 5,
        "EnterAction": 0
      }
    ],
    "StillDetail": {
      "AnimationName": "",
      "AnimationSpeed": null,
      "CameraZoomRatio": null,
      "CameraPositionX": null,
      "CameraPositionY": null,
      "CameraWorkDuration": null,
      "CameraRotation": null
    }
  },
  {
    "GroupOrder": 7,
    "ViewOrder": 1,
    "Name": "\u30e0\u30eb\u30de\u30f3\u30b9\u30af",
    "Phrase": "\u300c\u300e\u3075\u3047\u308b\u304f\u308a\u3093\u3052\u3093\u300f\u3055\u3093\u306f\u3001\u304d\u3063\u3068\u307b\u3093\u3068\u306f\u300e\u3084\u3055\u3057\u3044\u300f\u3072\u3068\u3002\\n\u3000\u3059\u3054\u3044\u3072\u3068\u3001\u300e\u305d\u3093\u3051\u3044\u300f\u3067\u304d\u308b\u3072\u3068\u3060\u3088\u3002\\n\u3000\u308f\u305f\u3057\u3001\u300e\u304d\u3087\u3046\u300f\u3060\u3051\u3067\u3044\u3063\u3071\u3044\u3044\u3063\u3071\u3044\u2015\u2015\\n\u3000\u300e\u3075\u3047\u308b\u304f\u308a\u3093\u3052\u3093\u300f\u3055\u3093\u306e\u3053\u3068\u304c\u3001\u3060\u3041\u3044\u3059\u304d\u306b\u306a\u3063\u305f\u3088\u266a\u300d",
    "PhraseFontSize": 2,
    "PhraseSpeed": 3,
    "IsPhraseCenter": false,
    "SpeechMCharacterId": null,
    "IsSpeakingFlags": 2,
    "FrameImage": 0,
    "VoiceFileName": "e_42003208_006",
    "BackgroundImage": "",
    "BGM": "",
    "SE": "",
    "Effect": null,
    "BackgroundEffectType": 0,
    "StandCharacters": [
      {
        "MCharacterId": 5201,
        "Position": 2,
        "Action": 0,
        "Emotion": 0,
        "FacialExpression": 0,
        "EnterAction": 0
      },
      {
        "MCharacterId": 28201,
        "Position": 4,
        "Action": 0,
        "Emotion": 0,
        "FacialExpression": 5,
        "EnterAction": 0
      }
    ],
    "StillDetail": {
      "AnimationName": "",
      "AnimationSpeed": null,
      "CameraZoomRatio": null,
      "CameraPositionX": null,
      "CameraPositionY": null,
      "CameraWorkDuration": null,
      "CameraRotation": null
    }
  },
  {
    "GroupOrder": 8,
    "ViewOrder": 1,
    "Name": "\u30d5\u30a7\u30eb\u30af\u30ea\u30f3\u30b2\u30f3",
    "Phrase": "\u300c\u2026\u2026\u2026\u2026\u300d",
    "PhraseFontSize": 2,
    "PhraseSpeed": 3,
    "IsPhraseCenter": false,
    "SpeechMCharacterId": null,
    "IsSpeakingFlags": 8,
    "FrameImage": 0,
    "VoiceFileName": "e_42003208_007",
    "BackgroundImage": "",
    "BGM": "",
    "SE": "",
    "Effect": null,
    "BackgroundEffectType": 0,
    "StandCharacters": [
      {
        "MCharacterId": 5201,
        "Position": 2,
        "Action": 0,
        "Emotion": 0,
        "FacialExpression": 4,
        "EnterAction": 0
      },
      {
        "MCharacterId": 28201,
        "Position": 4,
        "Action": 0,
        "Emotion": 0,
        "FacialExpression": 5,
        "EnterAction": 0
      }
    ],
    "StillDetail": {
      "AnimationName": "",
      "AnimationSpeed": null,
      "CameraZoomRatio": null,
      "CameraPositionX": null,
      "CameraPositionY": null,
      "CameraWorkDuration": null,
      "CameraRotation": null
    }
  },
  {
    "GroupOrder": 9,
    "ViewOrder": 1,
    "Name": "\u30d5\u30a7\u30eb\u30af\u30ea\u30f3\u30b2\u30f3",
    "Phrase": "\u300c\u2026\u2026\u3075\u3093\u3002\u3044\u3044\u308f\u306d\u3001\u5b50\u4f9b\u306f\u7c21\u5358\u306b\u4ed6\u4eba\u3092\u597d\u304d\u306b\u306a\u308c\u3066\u3055\u3002\\n\u3000\u3042\u3093\u305f\u7d76\u5bfe\u3044\u3064\u304b\u3001\u3044\u307e\u8a00\u3063\u305f\u3053\u3068\u3092\u5f8c\u6094\u3059\u308b\u308f\u3088\u300d",
    "PhraseFontSize": 2,
    "PhraseSpeed": 3,
    "IsPhraseCenter": false,
    "SpeechMCharacterId": null,
    "IsSpeakingFlags": 8,
    "FrameImage": 0,
    "VoiceFileName": "e_42003208_008",
    "BackgroundImage": "",
    "BGM": "",
    "SE": "",
    "Effect": null,
    "BackgroundEffectType": 0,
    "StandCharacters": [
      {
        "MCharacterId": 5201,
        "Position": 2,
        "Action": 5,
        "Emotion": 0,
        "FacialExpression": 8,
        "EnterAction": 0
      },
      {
        "MCharacterId": 28201,
        "Position": 4,
        "Action": 0,
        "Emotion": 0,
        "FacialExpression": 0,
        "EnterAction": 0
      }
    ],
    "StillDetail": {
      "AnimationName": "",
      "AnimationSpeed": null,
      "CameraZoomRatio": null,
      "CameraPositionX": null,
      "CameraPositionY": null,
      "CameraWorkDuration": null,
      "CameraRotation": null
    }
  },
  {
    "GroupOrder": 10,
    "ViewOrder": 1,
    "Name": "\u30e0\u30eb\u30de\u30f3\u30b9\u30af",
    "Phrase": "\u300c\u3046\u3046\u3093\u3001\u305d\u3093\u306a\u300e\u3044\u3064\u304b\u300f\u306f\u3053\u306a\u3044\u3088\u3002\\n\u3000\u300e\u3042\u3044\u305c\u3093\u3050\u3089\u3041\u3068\u300f\u306e\u300e\u3048\u3044\u304d\u3085\u3046\u3068\u3046\u3069\u300f\u304c\u3001\\n\u3000\u305c\u3093\u3076\u3068\u3051\u3061\u3083\u3046\u3088\u308a\u300e\u3042\u308a\u3048\u306a\u3044\u300f\u3088\u300d",
    "PhraseFontSize": 2,
    "PhraseSpeed": 3,
    "IsPhraseCenter": false,
    "SpeechMCharacterId": null,
    "IsSpeakingFlags": 2,
    "FrameImage": 0,
    "VoiceFileName": "e_42003208_009",
    "BackgroundImage": "",
    "BGM": "",
    "SE": "",
    "Effect": null,
    "BackgroundEffectType": 0,
    "StandCharacters": [
      {
        "MCharacterId": 5201,
        "Position": 2,
        "Action": 0,
        "Emotion": 0,
        "FacialExpression": 8,
        "EnterAction": 0
      },
      {
        "MCharacterId": 28201,
        "Position": 4,
        "Action": 1,
        "Emotion": 0,
        "FacialExpression": 0,
        "EnterAction": 0
      }
    ],
    "StillDetail": {
      "AnimationName": "",
      "AnimationSpeed": null,
      "CameraZoomRatio": null,
      "CameraPositionX": null,
      "CameraPositionY": null,
      "CameraWorkDuration": null,
      "CameraRotation": null
    }
  },
  {
    "GroupOrder": 11,
    "ViewOrder": 1,
    "Name": "\u30d5\u30a7\u30eb\u30af\u30ea\u30f3\u30b2\u30f3",
    "Phrase": "\u300c\u3093\uff5e\u2026\u2026\u3002\u305d\u308c\u3082\u307e\u305f\u3001\\n\u3000\u3042\u3093\u305f\u304c\u7121\u77e5\u3067\u611a\u304b\u306a\u30ac\u30ad\u3060\u304b\u3089\u8a00\u3048\u308b\u3053\u3068\u3060\u3068\u601d\u3046\u3051\u3069\u300d",
    "PhraseFontSize": 2,
    "PhraseSpeed": 3,
    "IsPhraseCenter": false,
    "SpeechMCharacterId": null,
    "IsSpeakingFlags": 8,
    "FrameImage": 0,
    "VoiceFileName": "e_42003208_010",
    "BackgroundImage": "",
    "BGM": "",
    "SE": "",
    "Effect": null,
    "BackgroundEffectType": 0,
    "StandCharacters": [
      {
        "MCharacterId": 5201,
        "Position": 2,
        "Action": 0,
        "Emotion": 0,
        "FacialExpression": 4,
        "EnterAction": 0
      },
      {
        "MCharacterId": 28201,
        "Position": 4,
        "Action": 0,
        "Emotion": 0,
        "FacialExpression": 0,
        "EnterAction": 0
      }
    ],
    "StillDetail": {
      "AnimationName": "",
      "AnimationSpeed": null,
      "CameraZoomRatio": null,
      "CameraPositionX": null,
      "CameraPositionY": null,
      "CameraWorkDuration": null,
      "CameraRotation": null
    }
  },
  {
    "GroupOrder": 12,
    "ViewOrder": 1,
    "Name": "\u30d5\u30a7\u30eb\u30af\u30ea\u30f3\u30b2\u30f3",
    "Phrase": "\u300c\u3044\u3044\u3051\u3069\u3055\u3002\\n\u3000\u6bdb\u866b\u307f\u305f\u3044\u306b\u5acc\u308f\u308c\u308b\u3088\u308a\u306f\u3001\\n\u3000\u52d8\u9055\u3044\u3067\u3082\u597d\u304b\u308c\u305f\u307b\u3046\u304c\u300d",
    "PhraseFontSize": 2,
    "PhraseSpeed": 3,
    "IsPhraseCenter": false,
    "SpeechMCharacterId": null,
    "IsSpeakingFlags": 8,
    "FrameImage": 0,
    "VoiceFileName": "e_42003208_011",
    "BackgroundImage": "",
    "BGM": "",
    "SE": "",
    "Effect": null,
    "BackgroundEffectType": 0,
    "StandCharacters": [
      {
        "MCharacterId": 5201,
        "Position": 2,
        "Action": 0,
        "Emotion": 6,
        "FacialExpression": 6,
        "EnterAction": 0
      },
      {
        "MCharacterId": 28201,
        "Position": 4,
        "Action": 0,
        "Emotion": 0,
        "FacialExpression": 5,
        "EnterAction": 0
      }
    ],
    "StillDetail": {
      "AnimationName": "",
      "AnimationSpeed": null,
      "CameraZoomRatio": null,
      "CameraPositionX": null,
      "CameraPositionY": null,
      "CameraWorkDuration": null,
      "CameraRotation": null
    }
  },
  {
    "GroupOrder": 13,
    "ViewOrder": 1,
    "Name": "",
    "Phrase": "\u305d\u3046\u8a00\u3063\u3066\u30d5\u30a7\u30eb\u30af\u30ea\u30f3\u30b2\u30f3\u304c\u3001\\n\u3069\u3053\u304b\u512a\u3057\u3052\u306b\u30e0\u30eb\u30de\u30f3\u30b9\u30af\u306e\u9aea\u3092\u6307\u5148\u3067\u68b3\u3044\u305f\u2015\u2015\\n\u77ac\u9593\u3060\u3063\u305f\u3002",
    "PhraseFontSize": 2,
    "PhraseSpeed": 3,
    "IsPhraseCenter": false,
    "SpeechMCharacterId": null,
    "IsSpeakingFlags": 0,
    "FrameImage": 0,
    "VoiceFileName": "",
    "BackgroundImage": "",
    "BGM": "",
    "SE": "",
    "Effect": null,
    "BackgroundEffectType": 0,
    "StandCharacters": [
      {
        "MCharacterId": 5201,
        "Position": 2,
        "Action": 0,
        "Emotion": 0,
        "FacialExpression": 6,
        "EnterAction": 0
      },
      {
        "MCharacterId": 28201,
        "Position": 4,
        "Action": 0,
        "Emotion": 0,
        "FacialExpression": 5,
        "EnterAction": 0
      }
    ],
    "StillDetail": {
      "AnimationName": "",
      "AnimationSpeed": null,
      "CameraZoomRatio": null,
      "CameraPositionX": null,
      "CameraPositionY": null,
      "CameraWorkDuration": null,
      "CameraRotation": null
    }
  },
  {
    "GroupOrder": 14,
    "ViewOrder": 1,
    "Name": "\u30e0\u30eb\u30de\u30f3\u30b9\u30af",
    "Phrase": "\u300c\u2026\u2026\u2026\u2026\uff01\uff1f\u300d",
    "PhraseFontSize": 2,
    "PhraseSpeed": 3,
    "IsPhraseCenter": false,
    "SpeechMCharacterId": null,
    "IsSpeakingFlags": 2,
    "FrameImage": 0,
    "VoiceFileName": "e_42003208_012",
    "BackgroundImage": "",
    "BGM": "adv_01",
    "SE": "",
    "Effect": null,
    "BackgroundEffectType": 0,
    "StandCharacters": [
      {
        "MCharacterId": 5201,
        "Position": 2,
        "Action": 0,
        "Emotion": 0,
        "FacialExpression": 1,
        "EnterAction": 0
      },
      {
        "MCharacterId": 28201,
        "Position": 4,
        "Action": 0,
        "Emotion": 4,
        "FacialExpression": 1,
        "EnterAction": 0
      }
    ],
    "StillDetail": {
      "AnimationName": "",
      "AnimationSpeed": null,
      "CameraZoomRatio": null,
      "CameraPositionX": null,
      "CameraPositionY": null,
      "CameraWorkDuration": null,
      "CameraRotation": null
    }
  },
  {
    "GroupOrder": 15,
    "ViewOrder": 1,
    "Name": "",
    "Phrase": "\u5468\u56f2\u306b\u4e26\u3093\u3060\u904a\u5712\u5730\u306e\u30a2\u30c8\u30e9\u30af\u30b7\u30e7\u30f3\u306e\u6570\u3005\u304c\u3001\\n\u4e0d\u610f\u306b\u6c37\u67f1\u306e\u3054\u3068\u304f\u5909\u5f62\u3057\u3066\u3053\u3061\u3089\u306b\u8feb\u3063\u3066\u304d\u305f\uff01",
    "PhraseFontSize": 2,
    "PhraseSpeed": 3,
    "IsPhraseCenter": false,
    "SpeechMCharacterId": null,
    "IsSpeakingFlags": 0,
    "FrameImage": 0,
    "VoiceFileName": "",
    "BackgroundImage": "",
    "BGM": "",
    "SE": "",
    "Effect": null,
    "BackgroundEffectType": 0,
    "StandCharacters": [
      {
        "MCharacterId": 5201,
        "Position": 2,
        "Action": 0,
        "Emotion": 0,
        "FacialExpression": 1,
        "EnterAction": 0
      },
      {
        "MCharacterId": 28201,
        "Position": 4,
        "Action": 0,
        "Emotion": 0,
        "FacialExpression": 1,
        "EnterAction": 0
      }
    ],
    "StillDetail": {
      "AnimationName": "",
      "AnimationSpeed": null,
      "CameraZoomRatio": null,
      "CameraPositionX": null,
      "CameraPositionY": null,
      "CameraWorkDuration": null,
      "CameraRotation": null
    }
  },
  {
    "GroupOrder": 16,
    "ViewOrder": 1,
    "Name": "\u30e0\u30eb\u30de\u30f3\u30b9\u30af",
    "Phrase": "\u300c\u304d\u3083\u3063\u3001\u304d\u3083\u3042\u3042\u3042\u3042\uff01\uff1f\u300d",
    "PhraseFontSize": 2,
    "PhraseSpeed": 3,
    "IsPhraseCenter": false,
    "SpeechMCharacterId": 28201,
    "IsSpeakingFlags": 0,
    "FrameImage": 1,
    "VoiceFileName": "e_42003208_013",
    "BackgroundImage": "202500",
    "BGM": "",
    "SE": "",
    "Effect": null,
    "BackgroundEffectType": 0,
    "StandCharacters": [],
    "StillDetail": {
      "AnimationName": "",
      "AnimationSpeed": null,
      "CameraZoomRatio": null,
      "CameraPositionX": null,
      "CameraPositionY": null,
      "CameraWorkDuration": null,
      "CameraRotation": null
    }
  },
  {
    "GroupOrder": 17,
    "ViewOrder": 1,
    "Name": "",
    "Phrase": "\u305d\u308c\u3089\u306e\u6c37\u67f1\u306f\u97ad\u306e\u3088\u3046\u306b\u3057\u306a\u3063\u3066\u3001\u30e0\u30eb\u30de\u30f3\u30b9\u30af\u306e\u624b\u8db3\u306b\u5dfb\u304d\u4ed8\u3044\u305f\u3002\\n\u305d\u306e\u307e\u307e\u3001\u60b2\u9cf4\u3092\u3042\u3052\u308b\u5f7c\u5973\u3092\u7a7a\u9ad8\u304f\u540a\u308a\u4e0a\u3052\u3066\u3057\u307e\u3046\u3002",
    "PhraseFontSize": 2,
    "PhraseSpeed": 3,
    "IsPhraseCenter": false,
    "SpeechMCharacterId": null,
    "IsSpeakingFlags": 0,
    "FrameImage": 0,
    "VoiceFileName": "",
    "BackgroundImage": "",
    "BGM": "",
    "SE": "",
    "Effect": null,
    "BackgroundEffectType": 0,
    "StandCharacters": [],
    "StillDetail": {
      "AnimationName": "",
      "AnimationSpeed": null,
      "CameraZoomRatio": null,
      "CameraPositionX": null,
      "CameraPositionY": null,
      "CameraWorkDuration": null,
      "CameraRotation": null
    }
  },
  {
    "GroupOrder": 18,
    "ViewOrder": 1,
    "Name": "\u30d5\u30a7\u30eb\u30af\u30ea\u30f3\u30b2\u30f3",
    "Phrase": "\u300c\u30e0\u30eb\u30de\u30f3\u30b9\u30af\u2026\u2026\uff01\uff1f\u300d",
    "PhraseFontSize": 2,
    "PhraseSpeed": 3,
    "IsPhraseCenter": false,
    "SpeechMCharacterId": 5201,
    "IsSpeakingFlags": 0,
    "FrameImage": 1,
    "VoiceFileName": "e_42003208_014",
    "BackgroundImage": "",
    "BGM": "",
    "SE": "",
    "Effect": null,
    "BackgroundEffectType": 0,
    "StandCharacters": [],
    "StillDetail": {
      "AnimationName": "",
      "AnimationSpeed": null,
      "CameraZoomRatio": null,
      "CameraPositionX": null,
      "CameraPositionY": null,
      "CameraWorkDuration": null,
      "CameraRotation": null
    }
  },
  {
    "GroupOrder": 19,
    "ViewOrder": 1,
    "Name": "",
    "Phrase": "\u4e00\u751f\u306e\u4e0d\u899a\u3060\u3001\u3069\u3053\u304b\u5451\u6c17\u306a\u96f0\u56f2\u6c17\u3060\u3063\u305f\u305f\u3081\u6cb9\u65ad\u3057\u3066\u3057\u307e\u3063\u3066\u3044\u305f\u3002\\n\u3060\u304c\u3053\u306e\u904a\u5712\u5730\u306f\u3001\u5e7b\u9727\u304c\u6f02\u3046\u4eba\u5916\u9b54\u5883\u306a\u306e\u3060\u2015\u2015\\n\u4e00\u79d2\u305f\u308a\u3068\u3082\u6c17\u3092\u629c\u304f\u3079\u304d\u3067\u306f\u306a\u304b\u3063\u305f\u3002",
    "PhraseFontSize": 2,
    "PhraseSpeed": 3,
    "IsPhraseCenter": false,
    "SpeechMCharacterId": null,
    "IsSpeakingFlags": 0,
    "FrameImage": 0,
    "VoiceFileName": "",
    "BackgroundImage": "",
    "BGM": "",
    "SE": "",
    "Effect": null,
    "BackgroundEffectType": 0,
    "StandCharacters": [],
    "StillDetail": {
      "AnimationName": "",
      "AnimationSpeed": null,
      "CameraZoomRatio": null,
      "CameraPositionX": null,
      "CameraPositionY": null,
      "CameraWorkDuration": null,
      "CameraRotation": null
    }
  },
  {
    "GroupOrder": 20,
    "ViewOrder": 1,
    "Name": "\u30d5\u30a7\u30eb\u30af\u30ea\u30f3\u30b2\u30f3",
    "Phrase": "\u300c\u3053\u30f3\u306e\u2026\u2026\uff01\\n\u3000\u30af\u30bd\u304c\u3041\u3001\u3046\u3061\u306e\u5b50\u3092\u8fd4\u305b\u3063\uff01\u300d",
    "PhraseFontSize": 2,
    "PhraseSpeed": 3,
    "IsPhraseCenter": false,
    "SpeechMCharacterId": 5201,
    "IsSpeakingFlags": 0,
    "FrameImage": 1,
    "VoiceFileName": "e_42003208_015",
    "BackgroundImage": "",
    "BGM": "",
    "SE": "",
    "Effect": null,
    "BackgroundEffectType": 0,
    "StandCharacters": [],
    "StillDetail": {
      "AnimationName": "",
      "AnimationSpeed": null,
      "CameraZoomRatio": null,
      "CameraPositionX": null,
      "CameraPositionY": null,
      "CameraWorkDuration": null,
      "CameraRotation": null
    }
  },
  {
    "GroupOrder": 21,
    "ViewOrder": 1,
    "Name": "",
    "Phrase": "\u30d5\u30a7\u30eb\u30af\u30ea\u30f3\u30b2\u30f3\u304c\u5420\u3048\u3066\u3001\\n\u3053\u3061\u3089\u306e\u819d\u306e\u4e0a\u304b\u3089\u4e0b\u308a\u308b\u3068\u9a5a\u7570\u306e\u8eab\u4f53\u80fd\u529b\u3067\u5927\u30b8\u30e3\u30f3\u30d7\u3002\\n\u529b\u5f37\u304f\u63e1\u308a\u3053\u3093\u3060\u62f3\u3067\u3001\\n\u30e0\u30eb\u30de\u30f3\u30b9\u30af\u3092\u62d8\u675f\u3057\u3066\u3044\u308b\u6c37\u67f1\u306e\u3059\u3079\u3066\u3092\u9bae\u3084\u304b\u306b\u7c89\u7815\u3057\u305f\u3002",
    "PhraseFontSize": 2,
    "PhraseSpeed": 3,
    "IsPhraseCenter": false,
    "SpeechMCharacterId": null,
    "IsSpeakingFlags": 0,
    "FrameImage": 0,
    "VoiceFileName": "",
    "BackgroundImage": "",
    "BGM": "",
    "SE": "attack_1",
    "Effect": null,
    "BackgroundEffectType": 0,
    "StandCharacters": [],
    "StillDetail": {
      "AnimationName": "",
      "AnimationSpeed": null,
      "CameraZoomRatio": null,
      "CameraPositionX": null,
      "CameraPositionY": null,
      "CameraWorkDuration": null,
      "CameraRotation": null
    }
  },
  {
    "GroupOrder": 22,
    "ViewOrder": 1,
    "Name": "\u30d5\u30a7\u30eb\u30af\u30ea\u30f3\u30b2\u30f3",
    "Phrase": "\u300c\u3042\u3063\u2026\u2026\u3002\\n\u3000\u300e\u3046\u3061\u306e\u5b50\u300f\u3063\u3066\u3044\u3046\u306e\u306f\u3001\u300e\u7279\u9244\u968a\u306e\u5b50\u300f\u3063\u3066\u3053\u3068\u3060\u304b\u3089\u306d\u3063\uff1f\\n\u3000\u5909\u306a\u52d8\u9055\u3044\u3092\u3059\u308b\u3093\u3058\u3083\u306a\u3044\u308f\u3088\u3063\u3001\u8eca\u638c\uff01\uff1f\u300d",
    "PhraseFontSize": 2,
    "PhraseSpeed": 3,
    "IsPhraseCenter": false,
    "SpeechMCharacterId": 5201,
    "IsSpeakingFlags": 0,
    "FrameImage": 0,
    "VoiceFileName": "e_42003208_016",
    "BackgroundImage": "",
    "BGM": "",
    "SE": "",
    "Effect": null,
    "BackgroundEffectType": 0,
    "StandCharacters": [],
    "StillDetail": {
      "AnimationName": "",
      "AnimationSpeed": null,
      "CameraZoomRatio": null,
      "CameraPositionX": null,
      "CameraPositionY": null,
      "CameraWorkDuration": null,
      "CameraRotation": null
    }
  },
  {
    "GroupOrder": 23,
    "ViewOrder": 1,
    "Name": "\u30e0\u30eb\u30de\u30f3\u30b9\u30af",
    "Phrase": "\u300c\u304d\u3083\u3042\uff01 \u304d\u3083\u3042\u3063\u3001\u304d\u3083\u3042\u3042\u3042\u3042\u3042\u3042\u3042\uff01\\n\u3000\u305f\u3059\u3051\u3066\u300e\u3075\u3047\u308b\u304f\u308a\u3093\u3052\u3093\u300f\u3055\u3093\u3063\u3001\u300e\u3057\u3083\u3057\u3087\u3046\u300f\u3055\uff5e\u3093\uff01\u300d",
    "PhraseFontSize": 2,
    "PhraseSpeed": 3,
    "IsPhraseCenter": false,
    "SpeechMCharacterId": 28201,
    "IsSpeakingFlags": 0,
    "FrameImage": 1,
    "VoiceFileName": "e_42003208_017",
    "BackgroundImage": "",
    "BGM": "",
    "SE": "",
    "Effect": null,
    "BackgroundEffectType": 0,
    "StandCharacters": [],
    "StillDetail": {
      "AnimationName": "",
      "AnimationSpeed": null,
      "CameraZoomRatio": null,
      "CameraPositionX": null,
      "CameraPositionY": null,
      "CameraWorkDuration": null,
      "CameraRotation": null
    }
  },
  {
    "GroupOrder": 24,
    "ViewOrder": 1,
    "Name": "",
    "Phrase": "\u3060\u304c\u30d5\u30a7\u30eb\u30af\u30ea\u30f3\u30b2\u30f3\u304c\u4f59\u8a08\u306a\u8a00\u3044\u8a33\u3092\u3057\u3066\u3044\u308b\u3046\u3061\u306b\u3001\\n\u6b21\u304b\u3089\u6b21\u3078\u3068\u6c37\u67f1\u304c\u4f38\u3073\u3066\u304d\u3066\u30e0\u30eb\u30de\u30f3\u30b9\u30af\u306b\u307e\u305f\u5dfb\u304d\u4ed8\u3044\u3066\u3044\u304f\u3002\\n\u6c7a\u3057\u3066\u7a7a\u3092\u98db\u3079\u306a\u3044\u30d5\u30a7\u30eb\u30af\u30ea\u30f3\u30b2\u30f3\u306f\u81ea\u7531\u843d\u4e0b\u3057\u3066\u304a\u308a\u3001\\n\u624b\u304c\u51fa\u305b\u306a\u3044\u2015\u2015\u5c4a\u304b\u306a\u3044\u3002",
    "PhraseFontSize": 2,
    "PhraseSpeed": 3,
    "IsPhraseCenter": false,
    "SpeechMCharacterId": null,
    "IsSpeakingFlags": 0,
    "FrameImage": 0,
    "VoiceFileName": "",
    "BackgroundImage": "",
    "BGM": "",
    "SE": "",
    "Effect": null,
    "BackgroundEffectType": 0,
    "StandCharacters": [],
    "StillDetail": {
      "AnimationName": "",
      "AnimationSpeed": null,
      "CameraZoomRatio": null,
      "CameraPositionX": null,
      "CameraPositionY": null,
      "CameraWorkDuration": null,
      "CameraRotation": null
    }
  },
  {
    "GroupOrder": 25,
    "ViewOrder": 1,
    "Name": "\u30d5\u30a7\u30eb\u30af\u30ea\u30f3\u30b2\u30f3",
    "Phrase": "\u300c\u755c\u751f\u30c3\u3001\u4f55\u306a\u306e\u3088\u6025\u306b\uff1f\\n\u3000\u3053\u306e\u8584\u6c17\u5473\u60aa\u3044\u30af\u30bd\u904a\u5712\u5730\u304c\u3001\u3064\u3044\u306b\u672c\u6027\u3092\u73fe\u3057\u305f\u3063\u3066\u308f\u3051\uff01\uff1f\u300d",
    "PhraseFontSize": 2,
    "PhraseSpeed": 3,
    "IsPhraseCenter": false,
    "SpeechMCharacterId": 5201,
    "IsSpeakingFlags": 0,
    "FrameImage": 0,
    "VoiceFileName": "e_42003208_018",
    "BackgroundImage": "",
    "BGM": "",
    "SE": "",
    "Effect": null,
    "BackgroundEffectType": 0,
    "StandCharacters": [],
    "StillDetail": {
      "AnimationName": "",
      "AnimationSpeed": null,
      "CameraZoomRatio": null,
      "CameraPositionX": null,
      "CameraPositionY": null,
      "CameraWorkDuration": null,
      "CameraRotation": null
    }
  },
  {
    "GroupOrder": 26,
    "ViewOrder": 1,
    "Name": "",
    "Phrase": "\u7740\u5730\u3057\u306a\u304c\u3089\u6bd2\u3065\u304f\u30d5\u30a7\u30eb\u30af\u30ea\u30f3\u30b2\u30f3\u306e\u6a2a\u3067\u3001\\n\u5f7c\u5973\u306e\u3088\u3046\u306a\u8eab\u4f53\u80fd\u529b\u306e\u306a\u3044\u3053\u3061\u3089\u306f\u62f3\u9283\u3067\u6c37\u67f1\u3092\u72d9\u3046\u3002\\n\u3060\u304c\u3001\u3082\u306f\u3084\u9060\u3059\u304e\u308b\u2015\u2015\\n\u30e0\u30eb\u30de\u30f3\u30b9\u30af\u306e\u3088\u3046\u306a\u72d9\u6483\u80fd\u529b\u3092\u6301\u305f\u306a\u3044\u5df1\u304c\u6028\u3081\u3057\u3044\u3002",
    "PhraseFontSize": 2,
    "PhraseSpeed": 3,
    "IsPhraseCenter": false,
    "SpeechMCharacterId": null,
    "IsSpeakingFlags": 0,
    "FrameImage": 0,
    "VoiceFileName": "",
    "BackgroundImage": "",
    "BGM": "",
    "SE": "",
    "Effect": null,
    "BackgroundEffectType": 0,
    "StandCharacters": [],
    "StillDetail": {
      "AnimationName": "",
      "AnimationSpeed": null,
      "CameraZoomRatio": null,
      "CameraPositionX": null,
      "CameraPositionY": null,
      "CameraWorkDuration": null,
      "CameraRotation": null
    }
  },
  {
    "GroupOrder": 27,
    "ViewOrder": 1,
    "Name": "\u30e0\u30eb\u30de\u30f3\u30b9\u30af",
    "Phrase": "\u300c\u3046\u308f\u3041\u3042\u3093\u3063\u3001\u3053\u308f\u3044\u3053\u308f\u3044\u3053\u308f\u3044\uff01\\n\u3000\u3053\u308f\u3044\u3088\u305f\u304b\u3044\u3088\u3001\u3084\u3060\u3084\u3060\u3084\u3060\u3041\u3063\uff01\uff1f\u300d",
    "PhraseFontSize": 2,
    "PhraseSpeed": 3,
    "IsPhraseCenter": false,
    "SpeechMCharacterId": 28201,
    "IsSpeakingFlags": 0,
    "FrameImage": 1,
    "VoiceFileName": "e_42003208_019",
    "BackgroundImage": "",
    "BGM": "",
    "SE": "",
    "Effect": null,
    "BackgroundEffectType": 0,
    "StandCharacters": [],
    "StillDetail": {
      "AnimationName": "",
      "AnimationSpeed": null,
      "CameraZoomRatio": null,
      "CameraPositionX": null,
      "CameraPositionY": null,
      "CameraWorkDuration": null,
      "CameraRotation": null
    }
  },
  {
    "GroupOrder": 28,
    "ViewOrder": 1,
    "Name": "",
    "Phrase": "\u30b8\u30a7\u30c3\u30c8\u30b3\u30fc\u30b9\u30bf\u30fc\u306a\u3069\u306f\u4f59\u88d5\u3052\u306b\u697d\u3057\u3093\u3067\u3044\u305f\u30e0\u30eb\u30de\u30f3\u30b9\u30af\u3060\u304c\u3001\\n\u5f53\u7136\u3001\u308f\u3051\u304c\u308f\u304b\u3089\u306a\u3044\u307e\u307e\u5b99\u540a\u308a\u306b\u3055\u308c\u308b\u306e\u306f\u6050\u308d\u3057\u3044\u3089\u3057\u3044\u3002\\n\u3069\u3046\u306b\u304b\u3001\u52a9\u3051\u3066\u3042\u3052\u305f\u3044\u3082\u306e\u3060\u304c\u2015\u2015\u3002",
    "PhraseFontSize": 2,
    "PhraseSpeed": 3,
    "IsPhraseCenter": false,
    "SpeechMCharacterId": null,
    "IsSpeakingFlags": 0,
    "FrameImage": 0,
    "VoiceFileName": "",
    "BackgroundImage": "",
    "BGM": "",
    "SE": "",
    "Effect": null,
    "BackgroundEffectType": 0,
    "StandCharacters": [],
    "StillDetail": {
      "AnimationName": "",
      "AnimationSpeed": null,
      "CameraZoomRatio": null,
      "CameraPositionX": null,
      "CameraPositionY": null,
      "CameraWorkDuration": null,
      "CameraRotation": null
    }
  },
  {
    "GroupOrder": 29,
    "ViewOrder": 1,
    "Name": "\u30e0\u30eb\u30de\u30f3\u30b9\u30af",
    "Phrase": "\u300c\u3046\u3001\u3046\u3046\uff5e\u3063\uff1f\u300d",
    "PhraseFontSize": 2,
    "PhraseSpeed": 3,
    "IsPhraseCenter": false,
    "SpeechMCharacterId": 28201,
    "IsSpeakingFlags": 0,
    "FrameImage": 0,
    "VoiceFileName": "e_42003208_020",
    "BackgroundImage": "",
    "BGM": "",
    "SE": "",
    "Effect": null,
    "BackgroundEffectType": 0,
    "StandCharacters": [],
    "StillDetail": {
      "AnimationName": "",
      "AnimationSpeed": null,
      "CameraZoomRatio": null,
      "CameraPositionX": null,
      "CameraPositionY": null,
      "CameraWorkDuration": null,
      "CameraRotation": null
    }
  },
  {
    "GroupOrder": 30,
    "ViewOrder": 1,
    "Name": "",
    "Phrase": "\u30d1\u30cb\u30c3\u30af\u72b6\u614b\u3089\u3057\u3044\u30e0\u30eb\u30de\u30f3\u30b9\u30af\u304c\u6d99\u76ee\u306b\u306a\u3063\u3066\u3001\\n\u63e1\u3063\u305f\u307e\u307e\u3060\u3063\u305f\u72d9\u6483\u9283\u3092\u7247\u624b\u3067\u69cb\u3048\u308b\u3002\\n\u305d\u308c\u3092\u7528\u3044\u3066\u3001\u5df1\u3092\u62d8\u675f\u3057\u305f\u6c37\u67f1\u3092\u6483\u3061\u629c\u304f\u3064\u3082\u308a\u3060\u308d\u3046\u304b\u3002",
    "PhraseFontSize": 2,
    "PhraseSpeed": 3,
    "IsPhraseCenter": false,
    "SpeechMCharacterId": null,
    "IsSpeakingFlags": 0,
    "FrameImage": 0,
    "VoiceFileName": "",
    "BackgroundImage": "",
    "BGM": "",
    "SE": "",
    "Effect": null,
    "BackgroundEffectType": 0,
    "StandCharacters": [],
    "StillDetail": {
      "AnimationName": "",
      "AnimationSpeed": null,
      "CameraZoomRatio": null,
      "CameraPositionX": null,
      "CameraPositionY": null,
      "CameraWorkDuration": null,
      "CameraRotation": null
    }
  },
  {
    "GroupOrder": 31,
    "ViewOrder": 1,
    "Name": "\u30d5\u30a7\u30eb\u30af\u30ea\u30f3\u30b2\u30f3",
    "Phrase": "\u300c\u99ac\u9e7f\uff01\u3000\u3084\u3081\u3093\u304b\u30dc\u30b1\u30ca\u30b9\u30c3\u3001\\n\u3000\u305d\u3093\u306a\u9ad8\u3055\u304b\u3089\u843d\u3061\u305f\u3089\u30da\u30c1\u30e3\u30f3\u30b3\u306b\u306a\u308b\u308f\u3088\uff01\u300d",
    "PhraseFontSize": 2,
    "PhraseSpeed": 3,
    "IsPhraseCenter": false,
    "SpeechMCharacterId": 5201,
    "IsSpeakingFlags": 0,
    "FrameImage": 1,
    "VoiceFileName": "e_42003208_021",
    "BackgroundImage": "",
    "BGM": "",
    "SE": "",
    "Effect": null,
    "BackgroundEffectType": 0,
    "StandCharacters": [],
    "StillDetail": {
      "AnimationName": "",
      "AnimationSpeed": null,
      "CameraZoomRatio": null,
      "CameraPositionX": null,
      "CameraPositionY": null,
      "CameraWorkDuration": null,
      "CameraRotation": null
    }
  },
  {
    "GroupOrder": 32,
    "ViewOrder": 1,
    "Name": "\u30e0\u30eb\u30de\u30f3\u30b9\u30af",
    "Phrase": "\u300c\u3067\u3082\uff01\u3000\u3060\u3063\u3066\u3047\u3001\u3053\u308f\u3044\u3088\u3049\uff01\u300d",
    "PhraseFontSize": 2,
    "PhraseSpeed": 3,
    "IsPhraseCenter": false,
    "SpeechMCharacterId": 28201,
    "IsSpeakingFlags": 0,
    "FrameImage": 1,
    "VoiceFileName": "e_42003208_022",
    "BackgroundImage": "",
    "BGM": "",
    "SE": "",
    "Effect": null,
    "BackgroundEffectType": 0,
    "StandCharacters": [],
    "StillDetail": {
      "AnimationName": "",
      "AnimationSpeed": null,
      "CameraZoomRatio": null,
      "CameraPositionX": null,
      "CameraPositionY": null,
      "CameraWorkDuration": null,
      "CameraRotation": null
    }
  },
  {
    "GroupOrder": 33,
    "ViewOrder": 1,
    "Name": "",
    "Phrase": "\u30e0\u30eb\u30de\u30f3\u30b9\u30af\u306f\u8ecd\u4eba\u3068\u3057\u3066\u306e\u7d4c\u9a13\u304c\u304b\u306a\u308a\u6d45\u304f\u3001\\n\u8a13\u7df4\u3082\u8db3\u308a\u306a\u3044\u305f\u3081\u3053\u3046\u3044\u3046\u4e0d\u6e2c\u306e\u4e8b\u614b\u306b\u306f\u5f31\u3044\u3002\\n\u3059\u3067\u306b\u6b63\u4f53\u3092\u306a\u304f\u3057\u3066\u6ce3\u304d\u3058\u3083\u304f\u3063\u3066\u3044\u308b\u2015\u2015\\n\u305d\u306e\u6d99\u3092\u62ed\u3063\u3066\u3042\u3052\u3089\u308c\u306a\u3044\u306e\u304c\u3001\u3082\u3069\u304b\u3057\u3044\u3002",
    "PhraseFontSize": 2,
    "PhraseSpeed": 3,
    "IsPhraseCenter": false,
    "SpeechMCharacterId": null,
    "IsSpeakingFlags": 0,
    "FrameImage": 0,
    "VoiceFileName": "",
    "BackgroundImage": "",
    "BGM": "",
    "SE": "",
    "Effect": null,
    "BackgroundEffectType": 0,
    "StandCharacters": [],
    "StillDetail": {
      "AnimationName": "",
      "AnimationSpeed": null,
      "CameraZoomRatio": null,
      "CameraPositionX": null,
      "CameraPositionY": null,
      "CameraWorkDuration": null,
      "CameraRotation": null
    }
  },
  {
    "GroupOrder": 34,
    "ViewOrder": 1,
    "Name": "\u30d5\u30a7\u30eb\u30af\u30ea\u30f3\u30b2\u30f3",
    "Phrase": "\u300c\u3050\u3046\u3046\u3063\u3001\u4ed5\u65b9\u306a\u3044\u308f\u306d\u3047\u3063\uff1f\\n\u3000\u3082\u3046\u3044\u3044\u304b\u3089\u6c37\u67f1\u3092\u6483\u3061\u629c\u3044\u3066\u843d\u3061\u3066\u3053\u3044\u3001\u30e0\u30eb\u30de\u30f3\u30b9\u30af\uff01\\n\u3000\u3042\u305f\u3057\u304c\u53d7\u3051\u6b62\u3081\u308b\u3063\u3001\\n\u3000\u3042\u3093\u305f\u3060\u3051\u3067\u3082\u7121\u50b7\u3067\u6e08\u3080\u3088\u3046\u306b\u4e0a\u624b\u306b\u62b1\u3063\u3053\u3057\u3066\u3042\u3052\u308b\u304b\u3089\uff01\u300d",
    "PhraseFontSize": 2,
    "PhraseSpeed": 3,
    "IsPhraseCenter": false,
    "SpeechMCharacterId": 5201,
    "IsSpeakingFlags": 0,
    "FrameImage": 1,
    "VoiceFileName": "e_42003208_023",
    "BackgroundImage": "",
    "BGM": "",
    "SE": "",
    "Effect": null,
    "BackgroundEffectType": 0,
    "StandCharacters": [],
    "StillDetail": {
      "AnimationName": "",
      "AnimationSpeed": null,
      "CameraZoomRatio": null,
      "CameraPositionX": null,
      "CameraPositionY": null,
      "CameraWorkDuration": null,
      "CameraRotation": null
    }
  },
  {
    "GroupOrder": 35,
    "ViewOrder": 1,
    "Name": "\u30e0\u30eb\u30de\u30f3\u30b9\u30af",
    "Phrase": "\u300c\u3067\u3082\uff01\u3000\u305d\u308c\u3060\u3068\u305f\u3076\u3093\u3001\\n\u3000\u300e\u3075\u3047\u308b\u304f\u308a\u3093\u3052\u3093\u300f\u3055\u3093\u304c\u3064\u3076\u308c\u3061\u3083\u3046\uff01\u300d",
    "PhraseFontSize": 2,
    "PhraseSpeed": 3,
    "IsPhraseCenter": false,
    "SpeechMCharacterId": 28201,
    "IsSpeakingFlags": 0,
    "FrameImage": 1,
    "VoiceFileName": "e_42003208_024",
    "BackgroundImage": "",
    "BGM": "",
    "SE": "",
    "Effect": null,
    "BackgroundEffectType": 0,
    "StandCharacters": [],
    "StillDetail": {
      "AnimationName": "",
      "AnimationSpeed": null,
      "CameraZoomRatio": null,
      "CameraPositionX": null,
      "CameraPositionY": null,
      "CameraWorkDuration": null,
      "CameraRotation": null
    }
  },
  {
    "GroupOrder": 36,
    "ViewOrder": 1,
    "Name": "",
    "Phrase": "\u5b9f\u969b\u3001\u3082\u306f\u3084\u30e0\u30eb\u30de\u30f3\u30b9\u30af\u306f\u3053\u3061\u3089\u304b\u3089\u306f\u8c46\u7c92\u306b\u3057\u304b\u898b\u3048\u306a\u3044\u3002\\n\u9ad8\u9ad8\u5ea6\u306b\u9054\u3057\u3066\u3044\u308b\u306e\u3060\u3001\u3042\u305d\u3053\u304b\u3089\u843d\u3061\u308b\u306e\u306f\u6295\u8eab\u81ea\u6bba\u3068\u5909\u308f\u3089\u306a\u3044\u3002\\n\u843d\u4e0b\u3057\u3001\u53e9\u304d\u3064\u3051\u3089\u308c\u308b\u969b\u306e\u885d\u6483\u3082\u7206\u5f3e\u304c\u70b8\u88c2\u3059\u308b\u306e\u3068\u540c\u7a0b\u5ea6\u3060\u308d\u3046\u2015\u2015\\n\u4eba\u4f53\u306a\u3069\u3001\u5446\u6c17\u306a\u304f\u7815\u3051\u6563\u3063\u3066\u3057\u307e\u3046\u3002",
    "PhraseFontSize": 2,
    "PhraseSpeed": 3,
    "IsPhraseCenter": false,
    "SpeechMCharacterId": null,
    "IsSpeakingFlags": 0,
    "FrameImage": 0,
    "VoiceFileName": "",
    "BackgroundImage": "",
    "BGM": "",
    "SE": "",
    "Effect": null,
    "BackgroundEffectType": 0,
    "StandCharacters": [],
    "StillDetail": {
      "AnimationName": "",
      "AnimationSpeed": null,
      "CameraZoomRatio": null,
      "CameraPositionX": null,
      "CameraPositionY": null,
      "CameraWorkDuration": null,
      "CameraRotation": null
    }
  },
  {
    "GroupOrder": 37,
    "ViewOrder": 1,
    "Name": "\u30d5\u30a7\u30eb\u30af\u30ea\u30f3\u30b2\u30f3",
    "Phrase": "\u300c\u5927\u4e08\u592b\uff01\u3000\u3042\u305f\u3057\u306f\u6f70\u308c\u3066\u3082\u6cbb\u308b\u304b\u3089\uff01\\n\u3000\u3042\u3093\u305f\u3082\u8840\u3092\u5438\u3044\u306a\u304c\u3089\u898b\u3066\u305f\u3067\u3057\u3087\u3001\\n\u3000\u3069\u3093\u306a\u602a\u6211\u3067\u3082\u4e00\u77ac\u3067\u300e\u7121\u304b\u3063\u305f\u3053\u3068\u300f\u306b\u306a\u308b\u306e\u3088\uff01\u300d",
    "PhraseFontSize": 2,
    "PhraseSpeed": 3,
    "IsPhraseCenter": false,
    "SpeechMCharacterId": 5201,
    "IsSpeakingFlags": 0,
    "FrameImage": 1,
    "VoiceFileName": "e_42003208_025",
    "BackgroundImage": "",
    "BGM": "",
    "SE": "",
    "Effect": null,
    "BackgroundEffectType": 0,
    "StandCharacters": [],
    "StillDetail": {
      "AnimationName": "",
      "AnimationSpeed": null,
      "CameraZoomRatio": null,
      "CameraPositionX": null,
      "CameraPositionY": null,
      "CameraWorkDuration": null,
      "CameraRotation": null
    }
  },
  {
    "GroupOrder": 38,
    "ViewOrder": 1,
    "Name": "\u30e0\u30eb\u30de\u30f3\u30b9\u30af",
    "Phrase": "\u300c\u3067\u3082\uff01\u3000\u300e\u306a\u304a\u308b\u300f\u304b\u3089\u3063\u3066\u3001\\n\u3000\u300e\u3044\u305f\u304f\u306a\u3044\u300f\u308f\u3051\u3058\u3083\u306a\u3044\u3088\u306d\u2026\u2026\uff01\uff1f\u300d",
    "PhraseFontSize": 2,
    "PhraseSpeed": 3,
    "IsPhraseCenter": false,
    "SpeechMCharacterId": 28201,
    "IsSpeakingFlags": 0,
    "FrameImage": 1,
    "VoiceFileName": "e_42003208_026",
    "BackgroundImage": "",
    "BGM": "",
    "SE": "",
    "Effect": null,
    "BackgroundEffectType": 0,
    "StandCharacters": [],
    "StillDetail": {
      "AnimationName": "",
      "AnimationSpeed": null,
      "CameraZoomRatio": null,
      "CameraPositionX": null,
      "CameraPositionY": null,
      "CameraWorkDuration": null,
      "CameraRotation": null
    }
  },
  {
    "GroupOrder": 39,
    "ViewOrder": 1,
    "Name": "\u30d5\u30a7\u30eb\u30af\u30ea\u30f3\u30b2\u30f3",
    "Phrase": "\u300c\u308b\u3063\u3055\u3044\uff01\u3000\u30b4\u30c1\u30e3\u30b4\u30c1\u30e3\u8a00\u3046\u306a\u91ce\u86ee\u4eba\u306e\u304f\u305b\u306b\u3063\u3001\\n\u3000\u3042\u3093\u305f\u307f\u305f\u3044\u306a\u7121\u529b\u3067\u304b\u5f31\u3044\u30ac\u30ad\u3068\u304b\u3092\u5b88\u308b\u306e\u304c\u8ecd\u4eba\u306e\u4ed5\u4e8b\u3067\u3057\u3087\uff01\u300d",
    "PhraseFontSize": 2,
    "PhraseSpeed": 3,
    "IsPhraseCenter": false,
    "SpeechMCharacterId": 5201,
    "IsSpeakingFlags": 0,
    "FrameImage": 1,
    "VoiceFileName": "e_42003208_027",
    "BackgroundImage": "",
    "BGM": "",
    "SE": "",
    "Effect": null,
    "BackgroundEffectType": 0,
    "StandCharacters": [],
    "StillDetail": {
      "AnimationName": "",
      "AnimationSpeed": null,
      "CameraZoomRatio": null,
      "CameraPositionX": null,
      "CameraPositionY": null,
      "CameraWorkDuration": null,
      "CameraRotation": null
    }
  },
  {
    "GroupOrder": 40,
    "ViewOrder": 1,
    "Name": "",
    "Phrase": "\u9e97\u3057\u304f\u9aea\u3092\u63bb\u304d\u4e0a\u3052\u3066\u3001\u30d5\u30a7\u30eb\u30af\u30ea\u30f3\u30b2\u30f3\u304c\u6717\u3005\u3068\u53eb\u3093\u3060\u3002",
    "PhraseFontSize": 2,
    "PhraseSpeed": 3,
    "IsPhraseCenter": false,
    "SpeechMCharacterId": null,
    "IsSpeakingFlags": 0,
    "FrameImage": 0,
    "VoiceFileName": "",
    "BackgroundImage": "",
    "BGM": "",
    "SE": "",
    "Effect": null,
    "BackgroundEffectType": 0,
    "StandCharacters": [],
    "StillDetail": {
      "AnimationName": "",
      "AnimationSpeed": null,
      "CameraZoomRatio": null,
      "CameraPositionX": null,
      "CameraPositionY": null,
      "CameraWorkDuration": null,
      "CameraRotation": null
    }
  },
  {
    "GroupOrder": 41,
    "ViewOrder": 1,
    "Name": "\u30d5\u30a7\u30eb\u30af\u30ea\u30f3\u30b2\u30f3",
    "Phrase": "\u300c\u3046\u3046\u3093\uff01\u3000\u305d\u308c\u304c\u3001\u30a2\u30a4\u30bc\u30f3\u30b0\u30e9\u30fc\u30c8\u8cb4\u65cf\u306e\u7fa9\u52d9\u3088\u2026\u2026\uff01\u300d",
    "PhraseFontSize": 2,
    "PhraseSpeed": 3,
    "IsPhraseCenter": false,
    "SpeechMCharacterId": 5201,
    "IsSpeakingFlags": 0,
    "FrameImage": 1,
    "VoiceFileName": "e_42003208_028",
    "BackgroundImage": "",
    "BGM": "",
    "SE": "",
    "Effect": null,
    "BackgroundEffectType": 0,
    "StandCharacters": [],
    "StillDetail": {
      "AnimationName": "",
      "AnimationSpeed": null,
      "CameraZoomRatio": null,
      "CameraPositionX": null,
      "CameraPositionY": null,
      "CameraWorkDuration": null,
      "CameraRotation": null
    }
  },
  {
    "GroupOrder": 42,
    "ViewOrder": 1,
    "Name": "\uff1f\uff1f\uff1f",
    "Phrase": "\u300e\u3088\u304f\u4ef0\u3044\u307e\u3057\u305f\u3001\u30d5\u30a7\u30eb\u30af\u30ea\u30f3\u30b2\u30f3\u304a\u5b22\u3055\u307e\u300f",
    "PhraseFontSize": 2,
    "PhraseSpeed": 3,
    "IsPhraseCenter": false,
    "SpeechMCharacterId": null,
    "IsSpeakingFlags": 0,
    "FrameImage": 0,
    "VoiceFileName": "",
    "BackgroundImage": "",
    "BGM": "",
    "SE": "",
    "Effect": null,
    "BackgroundEffectType": 0,
    "StandCharacters": [],
    "StillDetail": {
      "AnimationName": "",
      "AnimationSpeed": null,
      "CameraZoomRatio": null,
      "CameraPositionX": null,
      "CameraPositionY": null,
      "CameraWorkDuration": null,
      "CameraRotation": null
    }
  },
  {
    "GroupOrder": 43,
    "ViewOrder": 1,
    "Name": "",
    "Phrase": "\u4e0d\u610f\u306b\u3001\u5834\u9055\u3044\u306b\u7a4f\u3084\u304b\u3067\u7d33\u58eb\u7684\u306a\u58f0\u304c\u97ff\u3044\u305f\u3002",
    "PhraseFontSize": 2,
    "PhraseSpeed": 3,
    "IsPhraseCenter": false,
    "SpeechMCharacterId": null,
    "IsSpeakingFlags": 0,
    "FrameImage": 0,
    "VoiceFileName": "",
    "BackgroundImage": "108202",
    "BGM": "",
    "SE": "",
    "Effect": null,
    "BackgroundEffectType": 0,
    "StandCharacters": [
      {
        "MCharacterId": 5201,
        "Position": 3,
        "Action": 0,
        "Emotion": 0,
        "FacialExpression": 1,
        "EnterAction": 0
      }
    ],
    "StillDetail": {
      "AnimationName": "",
      "AnimationSpeed": null,
      "CameraZoomRatio": null,
      "CameraPositionX": null,
      "CameraPositionY": null,
      "CameraWorkDuration": null,
      "CameraRotation": null
    }
  },
  {
    "GroupOrder": 44,
    "ViewOrder": 1,
    "Name": "\u30b7\u30f3\u30c7\u30ec\u30e9",
    "Phrase": "\u300e\u305d\u306e\u304a\u8a00\u8449\u3092\u805e\u3044\u305f\u306a\u3089\u3070\u3001\\n\u3000\u304d\u3063\u3068\u30d5\u30e5\u30c3\u30bb\u30f3\u304a\u5b22\u3055\u307e\u3082\u8cb4\u5973\u3078\u306e\u8a55\u4fa1\u3092\u6539\u3081\u308b\u3067\u3057\u3087\u3046\u3002\\n\u3000\u8cb4\u5973\u3068\u540c\u3058\u30a2\u30a4\u30bc\u30f3\u30b0\u30e9\u30fc\u30c8\u8cb4\u65cf\u306b\u4ed5\u3048\u308b\u8eab\u3068\u3057\u3066\u3001\\n\u3000\u6700\u5927\u9650\u306e\u8cdb\u8f9e\u3092\u304a\u8d08\u308a\u3057\u307e\u3059\u300f",
    "PhraseFontSize": 2,
    "PhraseSpeed": 3,
    "IsPhraseCenter": false,
    "SpeechMCharacterId": null,
    "IsSpeakingFlags": 4,
    "FrameImage": 0,
    "VoiceFileName": "",
    "BackgroundImage": "",
    "BGM": "",
    "SE": "",
    "Effect": null,
    "BackgroundEffectType": 0,
    "StandCharacters": [
      {
        "MCharacterId": 102,
        "Position": 3,
        "Action": 0,
        "Emotion": 0,
        "FacialExpression": 0,
        "EnterAction": 1
      }
    ],
    "StillDetail": {
      "AnimationName": "",
      "AnimationSpeed": null,
      "CameraZoomRatio": null,
      "CameraPositionX": null,
      "CameraPositionY": null,
      "CameraWorkDuration": null,
      "CameraRotation": null
    }
  },
  {
    "GroupOrder": 45,
    "ViewOrder": 1,
    "Name": "\u30d5\u30a7\u30eb\u30af\u30ea\u30f3\u30b2\u30f3",
    "Phrase": "\u300c\u3046\u3072\u3063\uff1f\u3000\u3042\u3093\u305f\u78ba\u304b\u30b7\u30f3\u30c7\u30ec\u30e9\u3088\u306d\u3063\u3001\\n\u3000\u30d5\u30e5\u30c3\u30bb\u30f3\u304a\u59c9\u3055\u307e\u304c\u98fc\u3063\u3066\u308b\u30c9\u30e9\u30b4\u30f3\u306e\uff01\\n\u3000\u306a\u3001\u4f55\u3067\u3053\u3053\u306b\u3044\u308b\u306e\u3088\u3063\uff1f\u3000\u3069\u3063\u304b\u3089\u51fa\u3066\u304d\u305f\uff01\uff1f\u300d",
    "PhraseFontSize": 2,
    "PhraseSpeed": 3,
    "IsPhraseCenter": false,
    "SpeechMCharacterId": null,
    "IsSpeakingFlags": 4,
    "FrameImage": 0,
    "VoiceFileName": "e_42003208_029",
    "BackgroundImage": "",
    "BGM": "",
    "SE": "",
    "Effect": null,
    "BackgroundEffectType": 0,
    "StandCharacters": [
      {
        "MCharacterId": 5201,
        "Position": 3,
        "Action": 0,
        "Emotion": 5,
        "FacialExpression": 1,
        "EnterAction": 1
      }
    ],
    "StillDetail": {
      "AnimationName": "",
      "AnimationSpeed": null,
      "CameraZoomRatio": null,
      "CameraPositionX": null,
      "CameraPositionY": null,
      "CameraWorkDuration": null,
      "CameraRotation": null
    }
  },
  {
    "GroupOrder": 46,
    "ViewOrder": 1,
    "Name": "\u30b7\u30f3\u30c7\u30ec\u30e9",
    "Phrase": "\u300e\u3075\u3075\u3002\u305d\u308c\u3069\u3053\u308d\u3067\u306f\u306a\u3044\u3067\u3057\u3087\u3046\u3057\u3001\\n\u3000\u8aac\u660e\u306f\u5f8c\u56de\u3057\u306b\u3044\u305f\u3057\u307e\u3057\u3087\u3046\u3002\\n\u3000\u305d\u308c\u3088\u308a\u3082\u2015\u2015\u3069\u3046\u305e\u304a\u5b22\u3055\u307e\u3001\u79c1\u306e\u80cc\u306b\u304a\u4e57\u308a\u304f\u3060\u3055\u3044\u300f",
    "PhraseFontSize": 2,
    "PhraseSpeed": 3,
    "IsPhraseCenter": false,
    "SpeechMCharacterId": null,
    "IsSpeakingFlags": 4,
    "FrameImage": 0,
    "VoiceFileName": "",
    "BackgroundImage": "",
    "BGM": "",
    "SE": "",
    "Effect": null,
    "BackgroundEffectType": 0,
    "StandCharacters": [
      {
        "MCharacterId": 102,
        "Position": 3,
        "Action": 0,
        "Emotion": 0,
        "FacialExpression": 1,
        "EnterAction": 0
      }
    ],
    "StillDetail": {
      "AnimationName": "",
      "AnimationSpeed": null,
      "CameraZoomRatio": null,
      "CameraPositionX": null,
      "CameraPositionY": null,
      "CameraWorkDuration": null,
      "CameraRotation": null
    }
  },
  {
    "GroupOrder": 47,
    "ViewOrder": 1,
    "Name": "",
    "Phrase": "\u8d64\u3093\u574a\u306e\u3088\u3046\u306a\u5927\u304d\u3055\u3060\u3063\u305f\u7d14\u767d\u306e\u9f8d\u2015\u2015\\n\u30d5\u30e5\u30c3\u30bb\u30f3\u306e\u5fe0\u5b9f\u306a\u5f93\u8005\u3067\u3042\u308b\u30b7\u30f3\u30c7\u30ec\u30e9\u304c\u3001\\n\u77ac\u9593\u3001\u5df1\u306e\u5168\u9577\u3092\u99ac\u8eca\u3068\u540c\u7a0b\u5ea6\u306e\u30b5\u30a4\u30ba\u306b\u5909\u5316\u3055\u305b\u305f\u3002",
    "PhraseFontSize": 2,
    "PhraseSpeed": 3,
    "IsPhraseCenter": false,
    "SpeechMCharacterId": null,
    "IsSpeakingFlags": 0,
    "FrameImage": 0,
    "VoiceFileName": "",
    "BackgroundImage": "",
    "BGM": "",
    "SE": "",
    "Effect": null,
    "BackgroundEffectType": 0,
    "StandCharacters": [
      {
        "MCharacterId": 5201,
        "Position": 3,
        "Action": 0,
        "Emotion": 0,
        "FacialExpression": 1,
        "EnterAction": 0
      }
    ],
    "StillDetail": {
      "AnimationName": "",
      "AnimationSpeed": null,
      "CameraZoomRatio": null,
      "CameraPositionX": null,
      "CameraPositionY": null,
      "CameraWorkDuration": null,
      "CameraRotation": null
    }
  },
  {
    "GroupOrder": 48,
    "ViewOrder": 1,
    "Name": "\u30b7\u30f3\u30c7\u30ec\u30e9",
    "Phrase": "\u300e\u90aa\u9b54\u3060\u306e\u9b31\u9676\u3057\u3044\u3060\u306e\u30d5\u30e5\u30c3\u30bb\u30f3\u304a\u5b22\u3055\u307e\u306b\u7f75\u3089\u308c\u308b\u306e\u3067\u3001\\n\u3000\u666e\u6bb5\u306f\u5c0f\u578b\u306e\u30b5\u30a4\u30ba\u306b\u5909\u5316\u3057\u3066\u3044\u308b\u306e\u3067\u3054\u3056\u3044\u307e\u3059\u300f",
    "PhraseFontSize": 2,
    "PhraseSpeed": 3,
    "IsPhraseCenter": false,
    "SpeechMCharacterId": 102,
    "IsSpeakingFlags": 0,
    "FrameImage": 0,
    "VoiceFileName": "",
    "BackgroundImage": "",
    "BGM": "",
    "SE": "",
    "Effect": null,
    "BackgroundEffectType": 0,
    "StandCharacters": [
      {
        "MCharacterId": 5201,
        "Position": 3,
        "Action": 0,
        "Emotion": 0,
        "FacialExpression": 0,
        "EnterAction": 0
      }
    ],
    "StillDetail": {
      "AnimationName": "",
      "AnimationSpeed": null,
      "CameraZoomRatio": null,
      "CameraPositionX": null,
      "CameraPositionY": null,
      "CameraWorkDuration": null,
      "CameraRotation": null
    }
  },
  {
    "GroupOrder": 49,
    "ViewOrder": 1,
    "Name": "",
    "Phrase": "\u8336\u76ee\u3063\u6c17\u305f\u3063\u3077\u308a\u306b\u7247\u76ee\u3092\u7791\u3063\u3066\u3001\\n\u30b7\u30f3\u30c7\u30ec\u30e9\u306f\u5927\u304d\u304f\u7ffc\u3092\u5e83\u3052\u305f\u3002",
    "PhraseFontSize": 2,
    "PhraseSpeed": 3,
    "IsPhraseCenter": false,
    "SpeechMCharacterId": null,
    "IsSpeakingFlags": 0,
    "FrameImage": 0,
    "VoiceFileName": "",
    "BackgroundImage": "",
    "BGM": "",
    "SE": "",
    "Effect": null,
    "BackgroundEffectType": 0,
    "StandCharacters": [
      {
        "MCharacterId": 5201,
        "Position": 3,
        "Action": 0,
        "Emotion": 0,
        "FacialExpression": 0,
        "EnterAction": 0
      }
    ],
    "StillDetail": {
      "AnimationName": "",
      "AnimationSpeed": null,
      "CameraZoomRatio": null,
      "CameraPositionX": null,
      "CameraPositionY": null,
      "CameraWorkDuration": null,
      "CameraRotation": null
    }
  },
  {
    "GroupOrder": 50,
    "ViewOrder": 1,
    "Name": "\u30b7\u30f3\u30c7\u30ec\u30e9",
    "Phrase": "\u300e\u5b9c\u3057\u3051\u308c\u3070\u3001\u8eca\u638c\u3055\u307e\u3082\u3069\u3046\u305e\u3054\u540c\u4e57\u304f\u3060\u3055\u3044\u3002\\n\u3000\u672c\u6765\u3001\u4e57\u308a\u7269\u3042\u3064\u304b\u3044\u3055\u308c\u308b\u306e\u306f\u5951\u7d04\u306b\u53cd\u3059\u308b\u306e\u3067\u3059\u304c\u2015\u2015\\n\u3000\u975e\u5e38\u4e8b\u614b\u3067\u3059\u3057\u306d\u3001\\n\u3000\u30d5\u30e5\u30c3\u30bb\u30f3\u304a\u5b22\u3055\u307e\u3082\u79c1\u306e\u5148\u7956\u3082\u7406\u89e3\u3057\u3066\u304f\u3060\u3055\u308b\u3067\u3057\u3087\u3046\u300f",
    "PhraseFontSize": 2,
    "PhraseSpeed": 3,
    "IsPhraseCenter": false,
    "SpeechMCharacterId": null,
    "IsSpeakingFlags": 4,
    "FrameImage": 0,
    "VoiceFileName": "",
    "BackgroundImage": "",
    "BGM": "",
    "SE": "",
    "Effect": null,
    "BackgroundEffectType": 0,
    "StandCharacters": [
      {
        "MCharacterId": 102,
        "Position": 3,
        "Action": 0,
        "Emotion": 0,
        "FacialExpression": 5,
        "EnterAction": 1
      }
    ],
    "StillDetail": {
      "AnimationName": "",
      "AnimationSpeed": null,
      "CameraZoomRatio": null,
      "CameraPositionX": null,
      "CameraPositionY": null,
      "CameraWorkDuration": null,
      "CameraRotation": null
    }
  }
]