﻿[
  {
    "GroupOrder": 1,
    "ViewOrder": 1,
    "Name": "",
    "Phrase": "\u6211\u3005\u304c\u5947\u5999\u306a\u300e\u904a\u5712\u5730\u300f\u306b\u8ff7\u3044\u3053\u3093\u3067\u304b\u3089\u3001\u6570\u6642\u9593\u304c\u7d4c\u904e\u3057\u3066\u3044\u308b\u3002\\n\u305d\u306e\u9593\u3001\u6211\u3005\u3082\u3072\u305f\u3059\u3089\u5446\u7136\u3068\u3057\u3066\u3044\u305f\u308f\u3051\u3067\u306f\u306a\u3044\u3002\\n\u53ef\u80fd\u306a\u304b\u304e\u308a\u5468\u56f2\u3092\u8abf\u67fb\u3057\u3001\u69d8\u3005\u306a\u63a8\u6e2c\u3068\u7d50\u8ad6\u3092\u5f97\u3066\u3044\u305f\u3002",
    "PhraseFontSize": 2,
    "PhraseSpeed": 3,
    "IsPhraseCenter": false,
    "SpeechMCharacterId": null,
    "IsSpeakingFlags": 0,
    "FrameImage": 0,
    "VoiceFileName": "",
    "BackgroundImage": "108202",
    "BGM": "adv_02",
    "SE": "",
    "Effect": null,
    "BackgroundEffectType": 0,
    "StandCharacters": [],
    "StillDetail": {
      "AnimationName": "",
      "AnimationSpeed": null,
      "CameraZoomRatio": null,
      "CameraPositionX": null,
      "CameraPositionY": null,
      "CameraWorkDuration": null,
      "CameraRotation": null
    }
  },
  {
    "GroupOrder": 2,
    "ViewOrder": 1,
    "Name": "",
    "Phrase": "\u307e\u305a\u3001\u3053\u306e\u904a\u5712\u5730\u304b\u3089\u306f\u8131\u51fa\u3067\u304d\u306a\u3044\u3002\\n\u9003\u3052\u3088\u3046\u3068\u3059\u308b\u3068\u5fc5\u305a\u30a4\u30a8\u30c6\u30a3\u304c\u5927\u7fa4\u3067\u62bc\u3057\u5bc4\u305b\u3066\u304d\u3066\u3001\\n\u3053\u3061\u3089\u3092\u554f\u7b54\u7121\u7528\u3067\u904b\u3093\u3067\u5712\u5185\u306b\u9023\u308c\u623b\u3057\u3066\u3057\u307e\u3046\u3002",
    "PhraseFontSize": 2,
    "PhraseSpeed": 3,
    "IsPhraseCenter": false,
    "SpeechMCharacterId": null,
    "IsSpeakingFlags": 0,
    "FrameImage": 0,
    "VoiceFileName": "",
    "BackgroundImage": "",
    "BGM": "",
    "SE": "",
    "Effect": null,
    "BackgroundEffectType": 0,
    "StandCharacters": [],
    "StillDetail": {
      "AnimationName": "",
      "AnimationSpeed": null,
      "CameraZoomRatio": null,
      "CameraPositionX": null,
      "CameraPositionY": null,
      "CameraWorkDuration": null,
      "CameraRotation": null
    }
  },
  {
    "GroupOrder": 3,
    "ViewOrder": 1,
    "Name": "",
    "Phrase": "\u540c\u6642\u306b\u30a4\u30a8\u30c6\u30a3\u305f\u3061\u306f\u3001\\n\u4f55\u6545\u304b\u6211\u3005\u3092\u904a\u5712\u5730\u306e\u30a2\u30c8\u30e9\u30af\u30b7\u30e7\u30f3\u306b\u8a98\u5c0e\u3057\u3066\u304f\u308b\u3002\\n\u30b8\u30a7\u30c3\u30c8\u30b3\u30fc\u30b9\u30bf\u30fc\u3001\u89b3\u89a7\u8eca\u3001\u30e1\u30ea\u30fc\u30b4\u30fc\u30e9\u30f3\u30c9\u2026\u2026\u305d\u306e\u4ed6\u3082\u308d\u3082\u308d\u306b\u3002",
    "PhraseFontSize": 2,
    "PhraseSpeed": 3,
    "IsPhraseCenter": false,
    "SpeechMCharacterId": null,
    "IsSpeakingFlags": 0,
    "FrameImage": 0,
    "VoiceFileName": "",
    "BackgroundImage": "",
    "BGM": "",
    "SE": "",
    "Effect": null,
    "BackgroundEffectType": 0,
    "StandCharacters": [],
    "StillDetail": {
      "AnimationName": "",
      "AnimationSpeed": null,
      "CameraZoomRatio": null,
      "CameraPositionX": null,
      "CameraPositionY": null,
      "CameraWorkDuration": null,
      "CameraRotation": null
    }
  },
  {
    "GroupOrder": 4,
    "ViewOrder": 1,
    "Name": "",
    "Phrase": "\u3059\u3079\u3066\u304c\u6c37\u3067\u3067\u304d\u3066\u3044\u308b\u305d\u308c\u3089\u306b\u8fd1\u3065\u304f\u3053\u3068\u3092\u62d2\u5426\u3057\u3066\u3082\u3001\\n\u3084\u306f\u308a\u7121\u7406\u3084\u308a\u5f15\u304d\u305a\u3089\u308c\u305f\u308a\u904b\u3070\u308c\u305f\u308a\u3057\u3066\u3001\u904a\u3070\u3055\u308c\u308b\u3002",
    "PhraseFontSize": 2,
    "PhraseSpeed": 3,
    "IsPhraseCenter": false,
    "SpeechMCharacterId": null,
    "IsSpeakingFlags": 0,
    "FrameImage": 0,
    "VoiceFileName": "",
    "BackgroundImage": "",
    "BGM": "",
    "SE": "",
    "Effect": null,
    "BackgroundEffectType": 0,
    "StandCharacters": [],
    "StillDetail": {
      "AnimationName": "",
      "AnimationSpeed": null,
      "CameraZoomRatio": null,
      "CameraPositionX": null,
      "CameraPositionY": null,
      "CameraWorkDuration": null,
      "CameraRotation": null
    }
  },
  {
    "GroupOrder": 5,
    "ViewOrder": 1,
    "Name": "",
    "Phrase": "\u305d\u306e\u7406\u7531\u306f\u3001\u8b0e\u3067\u3042\u308b\u3002\u6700\u521d\u306e\u3046\u3061\u306f\u6211\u3005\u3082\u62b5\u6297\u3057\u3066\u3044\u305f\u304c\u2015\u2015\\n\u3068\u3066\u3082\u3053\u306e\u4eba\u6570\u3068\u88c5\u5099\u3067\u306f\u3001\u4f55\u5341\u5339\u3082\u3044\u308b\u30a4\u30a8\u30c6\u30a3\u306b\u306f\u52dd\u3061\u76ee\u304c\u306a\u3044\u3002\\n\u9ed9\u3063\u3066\u5f93\u3063\u3066\u3044\u308c\u3070\u30a4\u30a8\u30c6\u30a3\u3082\u4f55\u3082\u3057\u3066\u3053\u306a\u3044\u306e\u3067\u3001\\n\u3072\u3068\u307e\u305a\u306f\u7121\u62b5\u6297\u3067\u30a2\u30c8\u30e9\u30af\u30b7\u30e7\u30f3\u3092\u697d\u3057\u3080\u3053\u3068\u306b\u3057\u3066\u3044\u308b\u3002",
    "PhraseFontSize": 2,
    "PhraseSpeed": 3,
    "IsPhraseCenter": false,
    "SpeechMCharacterId": null,
    "IsSpeakingFlags": 0,
    "FrameImage": 0,
    "VoiceFileName": "",
    "BackgroundImage": "",
    "BGM": "",
    "SE": "",
    "Effect": null,
    "BackgroundEffectType": 0,
    "StandCharacters": [],
    "StillDetail": {
      "AnimationName": "",
      "AnimationSpeed": null,
      "CameraZoomRatio": null,
      "CameraPositionX": null,
      "CameraPositionY": null,
      "CameraWorkDuration": null,
      "CameraRotation": null
    }
  },
  {
    "GroupOrder": 6,
    "ViewOrder": 1,
    "Name": "",
    "Phrase": "\u5168\u7136\u3061\u3063\u3068\u3082\u3001\u697d\u3057\u304f\u306f\u306a\u3044\u306e\u3060\u304c\u3002\\n\u305d\u308c\u3069\u3053\u308d\u304b\u4e0d\u6c17\u5473\u3060\u3057\u3001\u9177\u304f\u75b2\u308c\u308b\u2026\u2026\u3002\\n\u3053\u3053\u306b\u306f\u6696\u623f\u3084\u711a\u304d\u706b\u306e\u985e\u3044\u304c\u4e00\u5207\u306a\u3044\u305b\u3044\u304b\u3001\\n\u5145\u3061\u6e80\u3061\u3066\u3044\u308b\u5e7b\u9727\u306e\u305b\u3044\u304b\u2015\u2015\u305a\u3063\u3068\u5168\u8eab\u306e\u9707\u3048\u3082\u6b62\u307e\u3089\u306a\u3044\u3002",
    "PhraseFontSize": 2,
    "PhraseSpeed": 3,
    "IsPhraseCenter": false,
    "SpeechMCharacterId": null,
    "IsSpeakingFlags": 0,
    "FrameImage": 0,
    "VoiceFileName": "",
    "BackgroundImage": "",
    "BGM": "",
    "SE": "",
    "Effect": null,
    "BackgroundEffectType": 0,
    "StandCharacters": [],
    "StillDetail": {
      "AnimationName": "",
      "AnimationSpeed": null,
      "CameraZoomRatio": null,
      "CameraPositionX": null,
      "CameraPositionY": null,
      "CameraWorkDuration": null,
      "CameraRotation": null
    }
  },
  {
    "GroupOrder": 7,
    "ViewOrder": 1,
    "Name": "\u30e0\u30eb\u30de\u30f3\u30b9\u30af",
    "Phrase": "\u300c\u300e\u3057\u3083\u3057\u3087\u3046\u300f\u3055\uff5e\u3093\uff01\u3000\u300e\u3075\u3047\u308b\u304f\u308a\u3093\u3052\u3093\u300f\u3055\uff5e\u3093\uff01\\n\u3000\u3053\u3063\u3061\u3053\u3063\u3061\u3001\u300e\u3064\u304e\u300f\u306f\u3053\u3063\u3061\uff01\\n\u3000\u307f\u3066\u307f\u3066\u3001\u307e\u305f\u300e\u304a\u3082\u3057\u308d\u305d\u3046\u300f\u306a\u3082\u306e\u304c\u3042\u308b\u3088\uff5e\u3063\u266a\u300d",
    "PhraseFontSize": 2,
    "PhraseSpeed": 3,
    "IsPhraseCenter": false,
    "SpeechMCharacterId": null,
    "IsSpeakingFlags": 4,
    "FrameImage": 0,
    "VoiceFileName": "e_42003207_001",
    "BackgroundImage": "",
    "BGM": "",
    "SE": "",
    "Effect": null,
    "BackgroundEffectType": 0,
    "StandCharacters": [
      {
        "MCharacterId": 28201,
        "Position": 3,
        "Action": 1,
        "Emotion": 0,
        "FacialExpression": 5,
        "EnterAction": 0
      }
    ],
    "StillDetail": {
      "AnimationName": "",
      "AnimationSpeed": null,
      "CameraZoomRatio": null,
      "CameraPositionX": null,
      "CameraPositionY": null,
      "CameraWorkDuration": null,
      "CameraRotation": null
    }
  },
  {
    "GroupOrder": 8,
    "ViewOrder": 1,
    "Name": "",
    "Phrase": "\u552f\u4e00\u3001\u6975\u5bd2\u306e\u5730\u7344\u3081\u3044\u305f\u74b0\u5883\u3067\u751f\u307e\u308c\u80b2\u3063\u305f\u30e0\u30eb\u30de\u30f3\u30b9\u30af\u306e\u307f\u304c\u3001\\n\u7121\u90aa\u6c17\u306b\u697d\u3057\u3052\u306b\u98db\u3073\u8df3\u306d\u3066\u3044\u308b\u3002\\n\u5f7c\u5973\u306b\u3068\u3063\u3066\u904a\u5712\u5730\u306f\u521d\u4f53\u9a13\u306e\u3082\u306e\u3059\u3054\u304f\u9762\u767d\u3044\u5834\u6240\u3089\u3057\u304f\u3001\\n\u8208\u596e\u3057\u3066\u982c\u3092\u6797\u6a8e\u306e\u3088\u3046\u306b\u771f\u3063\u8d64\u306b\u67d3\u3081\u3066\u3044\u308b\u3002",
    "PhraseFontSize": 2,
    "PhraseSpeed": 3,
    "IsPhraseCenter": false,
    "SpeechMCharacterId": null,
    "IsSpeakingFlags": 0,
    "FrameImage": 0,
    "VoiceFileName": "",
    "BackgroundImage": "",
    "BGM": "",
    "SE": "",
    "Effect": null,
    "BackgroundEffectType": 0,
    "StandCharacters": [
      {
        "MCharacterId": 28201,
        "Position": 3,
        "Action": 0,
        "Emotion": 1,
        "FacialExpression": 5,
        "EnterAction": 0
      }
    ],
    "StillDetail": {
      "AnimationName": "",
      "AnimationSpeed": null,
      "CameraZoomRatio": null,
      "CameraPositionX": null,
      "CameraPositionY": null,
      "CameraWorkDuration": null,
      "CameraRotation": null
    }
  },
  {
    "GroupOrder": 9,
    "ViewOrder": 1,
    "Name": "\u30d5\u30a7\u30eb\u30af\u30ea\u30f3\u30b2\u30f3",
    "Phrase": "\u300c\u2026\u2026\u2026\u2026\u300d",
    "PhraseFontSize": 2,
    "PhraseSpeed": 3,
    "IsPhraseCenter": false,
    "SpeechMCharacterId": null,
    "IsSpeakingFlags": 4,
    "FrameImage": 0,
    "VoiceFileName": "e_42003207_002",
    "BackgroundImage": "",
    "BGM": "",
    "SE": "",
    "Effect": null,
    "BackgroundEffectType": 0,
    "StandCharacters": [
      {
        "MCharacterId": 5201,
        "Position": 3,
        "Action": 0,
        "Emotion": 2,
        "FacialExpression": 7,
        "EnterAction": 1
      }
    ],
    "StillDetail": {
      "AnimationName": "",
      "AnimationSpeed": null,
      "CameraZoomRatio": null,
      "CameraPositionX": null,
      "CameraPositionY": null,
      "CameraWorkDuration": null,
      "CameraRotation": null
    }
  },
  {
    "GroupOrder": 10,
    "ViewOrder": 1,
    "Name": "",
    "Phrase": "\u4e00\u65b9\u3001\u3042\u3061\u3053\u3061\u306b\u7f6e\u304b\u308c\u305f\u30d9\u30f3\u30c1\u306b\u8170\u639b\u3051\u305f\u30d5\u30a7\u30eb\u30af\u30ea\u30f3\u30b2\u30f3\u306f\u3001\\n\u5fc3\u5e95\u3046\u3093\u3056\u308a\u3057\u305f\u69d8\u5b50\u3067\u9805\u5782\u308c\u3066\u3044\u308b\u3002",
    "PhraseFontSize": 2,
    "PhraseSpeed": 3,
    "IsPhraseCenter": false,
    "SpeechMCharacterId": null,
    "IsSpeakingFlags": 0,
    "FrameImage": 0,
    "VoiceFileName": "",
    "BackgroundImage": "",
    "BGM": "",
    "SE": "",
    "Effect": null,
    "BackgroundEffectType": 0,
    "StandCharacters": [
      {
        "MCharacterId": 5201,
        "Position": 3,
        "Action": 0,
        "Emotion": 0,
        "FacialExpression": 4,
        "EnterAction": 0
      }
    ],
    "StillDetail": {
      "AnimationName": "",
      "AnimationSpeed": null,
      "CameraZoomRatio": null,
      "CameraPositionX": null,
      "CameraPositionY": null,
      "CameraWorkDuration": null,
      "CameraRotation": null
    }
  },
  {
    "GroupOrder": 11,
    "ViewOrder": 1,
    "Name": "",
    "Phrase": "\u666e\u6bb5\u306f\u304a\u9ad8\u304f\u3068\u307e\u3063\u3066\u8ddd\u96e2\u3092\u53d6\u308a\u304c\u3061\u306a\u5f7c\u5973\u306a\u306e\u306b\u3001\\n\u6c37\u3067\u3067\u304d\u305f\u30d9\u30f3\u30c1\u306b\u76f4\u306b\u89e6\u308c\u308b\u306e\u304c\u5acc\u306a\u306e\u304b\u2015\u2015\\n\u3053\u3061\u3089\u306e\u819d\u306e\u4e0a\u306b\u5ea7\u3063\u3066\u3001\u3082\u305f\u308c\u304b\u304b\u3063\u3066\u304d\u3066\u3044\u305f\u3002",
    "PhraseFontSize": 2,
    "PhraseSpeed": 3,
    "IsPhraseCenter": false,
    "SpeechMCharacterId": null,
    "IsSpeakingFlags": 0,
    "FrameImage": 0,
    "VoiceFileName": "",
    "BackgroundImage": "",
    "BGM": "",
    "SE": "",
    "Effect": null,
    "BackgroundEffectType": 0,
    "StandCharacters": [
      {
        "MCharacterId": 5201,
        "Position": 3,
        "Action": 0,
        "Emotion": 0,
        "FacialExpression": 4,
        "EnterAction": 0
      }
    ],
    "StillDetail": {
      "AnimationName": "",
      "AnimationSpeed": null,
      "CameraZoomRatio": null,
      "CameraPositionX": null,
      "CameraPositionY": null,
      "CameraWorkDuration": null,
      "CameraRotation": null
    }
  },
  {
    "GroupOrder": 12,
    "ViewOrder": 1,
    "Name": "\u30e0\u30eb\u30de\u30f3\u30b9\u30af",
    "Phrase": "\u300c\uff1f\u3000\u3069\u3046\u3057\u305f\u306e\u3001\u3075\u305f\u308a\u3068\u3082\uff1f\\n\u3000\u3061\u3087\u3063\u3074\u308a\u3001\u300e\u304a\u3064\u304b\u308c\u300f\u304e\u307f\u3060\u306d\uff1f\u300d",
    "PhraseFontSize": 2,
    "PhraseSpeed": 3,
    "IsPhraseCenter": false,
    "SpeechMCharacterId": null,
    "IsSpeakingFlags": 2,
    "FrameImage": 0,
    "VoiceFileName": "e_42003207_003",
    "BackgroundImage": "",
    "BGM": "",
    "SE": "",
    "Effect": null,
    "BackgroundEffectType": 0,
    "StandCharacters": [
      {
        "MCharacterId": 5201,
        "Position": 2,
        "Action": 0,
        "Emotion": 2,
        "FacialExpression": 4,
        "EnterAction": 1
      },
      {
        "MCharacterId": 28201,
        "Position": 4,
        "Action": 0,
        "Emotion": 8,
        "FacialExpression": 1,
        "EnterAction": 4
      }
    ],
    "StillDetail": {
      "AnimationName": "",
      "AnimationSpeed": null,
      "CameraZoomRatio": null,
      "CameraPositionX": null,
      "CameraPositionY": null,
      "CameraWorkDuration": null,
      "CameraRotation": null
    }
  },
  {
    "GroupOrder": 13,
    "ViewOrder": 1,
    "Name": "\u30d5\u30a7\u30eb\u30af\u30ea\u30f3\u30b2\u30f3",
    "Phrase": "\u300c\u2026\u2026\u3080\u3057\u308d\u4f55\u3067\u3042\u3093\u305f\u305d\u3093\u306a\u306b\u5143\u6c17\u306a\u306e\u3088\u3001\u30ac\u30ad\u3093\u3061\u3087\uff1f\\n\u3000\u3064\u3046\u304b\u3001\u8ab0\u306e\u305b\u3044\u3067\u3053\u3093\u306a\u306b\u30b0\u30c3\u30bf\u30ea\u3057\u3066\u308b\u3068\u601d\u3063\u3066\u308b\u308f\u3051\uff1f\u300d",
    "PhraseFontSize": 2,
    "PhraseSpeed": 3,
    "IsPhraseCenter": false,
    "SpeechMCharacterId": null,
    "IsSpeakingFlags": 8,
    "FrameImage": 0,
    "VoiceFileName": "e_42003207_004",
    "BackgroundImage": "",
    "BGM": "",
    "SE": "",
    "Effect": null,
    "BackgroundEffectType": 0,
    "StandCharacters": [
      {
        "MCharacterId": 5201,
        "Position": 2,
        "Action": 0,
        "Emotion": 0,
        "FacialExpression": 3,
        "EnterAction": 0
      },
      {
        "MCharacterId": 28201,
        "Position": 4,
        "Action": 0,
        "Emotion": 0,
        "FacialExpression": 1,
        "EnterAction": 0
      }
    ],
    "StillDetail": {
      "AnimationName": "",
      "AnimationSpeed": null,
      "CameraZoomRatio": null,
      "CameraPositionX": null,
      "CameraPositionY": null,
      "CameraWorkDuration": null,
      "CameraRotation": null
    }
  },
  {
    "GroupOrder": 14,
    "ViewOrder": 1,
    "Name": "\u30e0\u30eb\u30de\u30f3\u30b9\u30af",
    "Phrase": "\u300c\u3048\u3063\uff1f\u3000\u3084\u3063\u3071\u308a\u3001\u308f\u305f\u3057\u306e\u305b\u3044\u304b\u306a\u3041\uff1f\\n\u3000\u308f\u305f\u3057\u304c\u3001\u3053\u3046\u3084\u3063\u3066\u2015\u2015\u300d",
    "PhraseFontSize": 2,
    "PhraseSpeed": 3,
    "IsPhraseCenter": false,
    "SpeechMCharacterId": null,
    "IsSpeakingFlags": 2,
    "FrameImage": 0,
    "VoiceFileName": "e_42003207_005",
    "BackgroundImage": "",
    "BGM": "",
    "SE": "",
    "Effect": null,
    "BackgroundEffectType": 0,
    "StandCharacters": [
      {
        "MCharacterId": 5201,
        "Position": 2,
        "Action": 0,
        "Emotion": 0,
        "FacialExpression": 3,
        "EnterAction": 0
      },
      {
        "MCharacterId": 28201,
        "Position": 4,
        "Action": 0,
        "Emotion": 0,
        "FacialExpression": 1,
        "EnterAction": 0
      }
    ],
    "StillDetail": {
      "AnimationName": "",
      "AnimationSpeed": null,
      "CameraZoomRatio": null,
      "CameraPositionX": null,
      "CameraPositionY": null,
      "CameraWorkDuration": null,
      "CameraRotation": null
    }
  },
  {
    "GroupOrder": 15,
    "ViewOrder": 1,
    "Name": "",
    "Phrase": "\u30e0\u30eb\u30de\u30f3\u30b9\u30af\u306f\u64e6\u308a\u5bc4\u3063\u3066\u304f\u308b\u3068\u3001\\n\u5f53\u305f\u308a\u524d\u306e\u3088\u3046\u306b\u30d5\u30a7\u30eb\u30af\u30ea\u30f3\u30b2\u30f3\u306e\u6307\u5148\u306b\u53e3\u3092\u3064\u3051\u305f\u3002\\n\u3061\u3085\u3046\u3061\u3085\u3046\u3068\u97f3\u3092\u7acb\u3066\u3066\u3001\u4e73\u3092\u98f2\u3080\u8d64\u3093\u574a\u306e\u3088\u3046\u306b\u5438\u3063\u3066\u3044\u308b\u3002",
    "PhraseFontSize": 2,
    "PhraseSpeed": 3,
    "IsPhraseCenter": false,
    "SpeechMCharacterId": null,
    "IsSpeakingFlags": 0,
    "FrameImage": 0,
    "VoiceFileName": "",
    "BackgroundImage": "",
    "BGM": "",
    "SE": "",
    "Effect": null,
    "BackgroundEffectType": 0,
    "StandCharacters": [
      {
        "MCharacterId": 5201,
        "Position": 2,
        "Action": 0,
        "Emotion": 0,
        "FacialExpression": 0,
        "EnterAction": 0
      },
      {
        "MCharacterId": 28201,
        "Position": 3,
        "Action": 5,
        "Emotion": 0,
        "FacialExpression": 0,
        "EnterAction": 1
      }
    ],
    "StillDetail": {
      "AnimationName": "",
      "AnimationSpeed": null,
      "CameraZoomRatio": null,
      "CameraPositionX": null,
      "CameraPositionY": null,
      "CameraWorkDuration": null,
      "CameraRotation": null
    }
  },
  {
    "GroupOrder": 16,
    "ViewOrder": 1,
    "Name": "\u30e0\u30eb\u30de\u30f3\u30b9\u30af",
    "Phrase": "\u300c\u2015\u2015\u300e\u3059\u3051\u3059\u3051\u300f\u306b\u306a\u3089\u306a\u3044\u305f\u3081\u306b\u3001\\n\u3000\u300e\u3075\u3047\u308b\u304f\u308a\u3093\u3052\u3093\u300f\u3055\u3093\u3092\u300e\u3061\u3085\u3046\u3061\u3085\u3046\u300f\u3057\u3066\u308b\u304b\u3089\uff1f\u300d",
    "PhraseFontSize": 2,
    "PhraseSpeed": 3,
    "IsPhraseCenter": false,
    "SpeechMCharacterId": null,
    "IsSpeakingFlags": 4,
    "FrameImage": 0,
    "VoiceFileName": "e_42003207_006",
    "BackgroundImage": "",
    "BGM": "",
    "SE": "",
    "Effect": null,
    "BackgroundEffectType": 0,
    "StandCharacters": [
      {
        "MCharacterId": 5201,
        "Position": 2,
        "Action": 0,
        "Emotion": 0,
        "FacialExpression": 4,
        "EnterAction": 0
      },
      {
        "MCharacterId": 28201,
        "Position": 3,
        "Action": 0,
        "Emotion": 8,
        "FacialExpression": 4,
        "EnterAction": 0
      }
    ],
    "StillDetail": {
      "AnimationName": "",
      "AnimationSpeed": null,
      "CameraZoomRatio": null,
      "CameraPositionX": null,
      "CameraPositionY": null,
      "CameraWorkDuration": null,
      "CameraRotation": null
    }
  },
  {
    "GroupOrder": 17,
    "ViewOrder": 1,
    "Name": "",
    "Phrase": "\u3053\u3093\u306a\u7570\u69d8\u306a\u5834\u6240\u3067\u8ff7\u5b50\u306b\u306a\u308b\u306e\u306f\u5371\u967a\u3059\u304e\u308b\u305f\u3081\u3001\\n\u30e0\u30eb\u30de\u30f3\u30b9\u30af\u306b\u306f\u5b9a\u671f\u7684\u306b\u30d5\u30a7\u30eb\u30af\u30ea\u30f3\u30b2\u30f3\u306e\u8840\u3092\u4e0e\u3048\u3066\u3044\u308b\u3002\\n\u30d5\u30a7\u30eb\u30af\u30ea\u30f3\u30b2\u30f3\u304c\u6307\u5148\u3092\u8efd\u304f\u50b7\u3064\u3051\u51fa\u8840\u3057\u3001\\n\u305d\u308c\u3092\u30e0\u30eb\u30de\u30f3\u30b9\u30af\u304c\u98f2\u3080\u3053\u3068\u3067\u900f\u660e\u5316\u3092\u6291\u3048\u3066\u3044\u308b\u306e\u3060\u3002",
    "PhraseFontSize": 2,
    "PhraseSpeed": 3,
    "IsPhraseCenter": false,
    "SpeechMCharacterId": null,
    "IsSpeakingFlags": 0,
    "FrameImage": 0,
    "VoiceFileName": "",
    "BackgroundImage": "",
    "BGM": "",
    "SE": "",
    "Effect": null,
    "BackgroundEffectType": 0,
    "StandCharacters": [],
    "StillDetail": {
      "AnimationName": "",
      "AnimationSpeed": null,
      "CameraZoomRatio": null,
      "CameraPositionX": null,
      "CameraPositionY": null,
      "CameraWorkDuration": null,
      "CameraRotation": null
    }
  },
  {
    "GroupOrder": 18,
    "ViewOrder": 1,
    "Name": "",
    "Phrase": "\u3061\u306a\u307f\u306b\u30d5\u30a7\u30eb\u30af\u30ea\u30f3\u30b2\u30f3\u306f\u300e\u65e7\u304d\u5049\u5927\u306a\u308b\u8840\u300f\u3092\u7d99\u3044\u3067\u3044\u308b\u305f\u3081\u3001\\n\u3069\u3093\u306a\u50b7\u3092\u8ca0\u3063\u3066\u3082\u307b\u307c\u77ac\u6642\u306b\u518d\u751f\u3057\u3066\u3057\u307e\u3046\u3002\\n\u591a\u5c11\u306f\u4f53\u529b\u306a\u3069\u3092\u6d88\u8017\u3059\u308b\u3088\u3046\u306a\u306e\u3060\u304c\u3001\\n\u305d\u308c\u3082\u3053\u3061\u3089\u304c\u300e\u9244\u5206\u6ce8\u5165\u300f\u3092\u3059\u308c\u3070\u554f\u984c\u306a\u3044\u3002",
    "PhraseFontSize": 2,
    "PhraseSpeed": 3,
    "IsPhraseCenter": false,
    "SpeechMCharacterId": null,
    "IsSpeakingFlags": 0,
    "FrameImage": 0,
    "VoiceFileName": "",
    "BackgroundImage": "",
    "BGM": "",
    "SE": "",
    "Effect": null,
    "BackgroundEffectType": 0,
    "StandCharacters": [],
    "StillDetail": {
      "AnimationName": "",
      "AnimationSpeed": null,
      "CameraZoomRatio": null,
      "CameraPositionX": null,
      "CameraPositionY": null,
      "CameraWorkDuration": null,
      "CameraRotation": null
    }
  },
  {
    "GroupOrder": 19,
    "ViewOrder": 1,
    "Name": "",
    "Phrase": "\u300e\u9244\u5206\u6ce8\u5165\u300f\u3067\u6d3b\u529b\u3092\u5f97\u305f\u30d5\u30a7\u30eb\u30af\u30ea\u30f3\u30b2\u30f3\u304c\u3001\\n\u307b\u3093\u306e\u3059\u3053\u3057\u306e\u4f53\u529b\u3068\u5f15\u304d\u66ff\u3048\u306b\u30e0\u30eb\u30de\u30f3\u30b9\u30af\u306e\u900f\u660e\u5316\u3092\u6291\u3048\u7d9a\u3051\u308b\u3002\\n\u3042\u308b\u610f\u5473\u3001\u6c38\u4e45\u6a5f\u95a2\u3060\u2015\u2015\\n\u3053\u308c\u306a\u3089\u6570\u30f6\u6708\u4ee5\u4e0a\u306f\u3001\u30e0\u30eb\u30de\u30f3\u30b9\u30af\u306e\u6301\u75c5\u3092\u9855\u5728\u5316\u3055\u305b\u305a\u306b\u6e08\u3080\u3060\u308d\u3046\u3002",
    "PhraseFontSize": 2,
    "PhraseSpeed": 3,
    "IsPhraseCenter": false,
    "SpeechMCharacterId": null,
    "IsSpeakingFlags": 0,
    "FrameImage": 0,
    "VoiceFileName": "",
    "BackgroundImage": "",
    "BGM": "",
    "SE": "",
    "Effect": null,
    "BackgroundEffectType": 0,
    "StandCharacters": [],
    "StillDetail": {
      "AnimationName": "",
      "AnimationSpeed": null,
      "CameraZoomRatio": null,
      "CameraPositionX": null,
      "CameraPositionY": null,
      "CameraWorkDuration": null,
      "CameraRotation": null
    }
  },
  {
    "GroupOrder": 20,
    "ViewOrder": 1,
    "Name": "\u30e0\u30eb\u30de\u30f3\u30b9\u30af",
    "Phrase": "\u300c\u3048\u3078\u3078\u3002\u3046\u308c\u3057\u3044\u306a\u3001\u305a\u3063\u3068\u300e\u3068\u3046\u3081\u3044\u300f\u306b\u306a\u3089\u305a\u306b\u3044\u3089\u308c\u3066\u2026\u2026\u3002\\n\u3000\u300e\u3075\u3047\u308b\u304f\u308a\u3093\u3052\u3093\u300f\u3055\u3093\u306f\u3059\u3054\u3044\u306d\u3001\\n\u3000\u3044\u3064\u307e\u3067\u3082\u300e\u3044\u3063\u3057\u3087\u300f\u306b\u3044\u3066\u307b\u3057\u3044\u3050\u3089\u3044\u3060\u3088\u300d",
    "PhraseFontSize": 2,
    "PhraseSpeed": 3,
    "IsPhraseCenter": false,
    "SpeechMCharacterId": null,
    "IsSpeakingFlags": 4,
    "FrameImage": 0,
    "VoiceFileName": "e_42003207_007",
    "BackgroundImage": "",
    "BGM": "",
    "SE": "",
    "Effect": null,
    "BackgroundEffectType": 0,
    "StandCharacters": [
      {
        "MCharacterId": 28201,
        "Position": 3,
        "Action": 1,
        "Emotion": 0,
        "FacialExpression": 8,
        "EnterAction": 1
      }
    ],
    "StillDetail": {
      "AnimationName": "",
      "AnimationSpeed": null,
      "CameraZoomRatio": null,
      "CameraPositionX": null,
      "CameraPositionY": null,
      "CameraWorkDuration": null,
      "CameraRotation": null
    }
  },
  {
    "GroupOrder": 21,
    "ViewOrder": 1,
    "Name": "\u30d5\u30a7\u30eb\u30af\u30ea\u30f3\u30b2\u30f3",
    "Phrase": "\u300c\u2026\u2026\u3042\u305f\u3057\u7684\u306b\u306f\u3072\u305f\u3059\u3089\u8840\u3043\u629c\u304b\u308c\u3066\u4e0d\u6109\u5feb\u3063\u3066\u3044\u3046\u304b\u3001\\n\u3000\u5ef6\u3005\u3068\u65b0\u7a2e\u306e\u62f7\u554f\u3092\u3055\u308c\u3066\u308b\u3088\u3046\u306a\u3082\u3093\u306a\u3093\u3060\u3051\u3069\u3002\\n\u3000\u306d\u3047\u3001\u3042\u305f\u3057\u3053\u3093\u306a\u4e73\u3092\u643e\u3089\u308c\u308b\u5bb6\u755c\u307f\u305f\u3044\u306a\u6271\u3044\u3092\u3055\u308c\u308b\u307b\u3069\u3001\\n\u3000\u60aa\u3044\u3053\u3068\u3092\u3057\u305f\u304b\u306a\u3041\uff1f\u300d",
    "PhraseFontSize": 2,
    "PhraseSpeed": 3,
    "IsPhraseCenter": false,
    "SpeechMCharacterId": null,
    "IsSpeakingFlags": 8,
    "FrameImage": 0,
    "VoiceFileName": "e_42003207_008",
    "BackgroundImage": "",
    "BGM": "",
    "SE": "",
    "Effect": null,
    "BackgroundEffectType": 0,
    "StandCharacters": [
      {
        "MCharacterId": 5201,
        "Position": 2,
        "Action": 3,
        "Emotion": 0,
        "FacialExpression": 4,
        "EnterAction": 1
      },
      {
        "MCharacterId": 28201,
        "Position": 4,
        "Action": 0,
        "Emotion": 0,
        "FacialExpression": 0,
        "EnterAction": 1
      }
    ],
    "StillDetail": {
      "AnimationName": "",
      "AnimationSpeed": null,
      "CameraZoomRatio": null,
      "CameraPositionX": null,
      "CameraPositionY": null,
      "CameraWorkDuration": null,
      "CameraRotation": null
    }
  },
  {
    "GroupOrder": 22,
    "ViewOrder": 1,
    "Name": "",
    "Phrase": "\u3053\u308c\u3067\u5b8c\u5168\u306b\u3001\u5148\u523b\u306e\u6575\u524d\u9003\u4ea1\u306e\u7f6a\u306f\u5e33\u6d88\u3057\u3068\u3044\u3046\u3053\u3068\u306b\u3059\u308b\u3002\\n\u3053\u308c\u306b\u61f2\u308a\u305f\u3089\u3082\u3046\u4e8c\u5ea6\u3068\u3001\u4ef2\u9593\u3092\u898b\u6368\u3066\u3066\u9003\u3052\u305f\u308a\u3057\u306a\u3044\u3088\u3046\u306b\u3002",
    "PhraseFontSize": 2,
    "PhraseSpeed": 3,
    "IsPhraseCenter": false,
    "SpeechMCharacterId": null,
    "IsSpeakingFlags": 0,
    "FrameImage": 0,
    "VoiceFileName": "",
    "BackgroundImage": "",
    "BGM": "",
    "SE": "",
    "Effect": null,
    "BackgroundEffectType": 0,
    "StandCharacters": [
      {
        "MCharacterId": 5201,
        "Position": 2,
        "Action": 0,
        "Emotion": 0,
        "FacialExpression": 4,
        "EnterAction": 0
      },
      {
        "MCharacterId": 28201,
        "Position": 4,
        "Action": 0,
        "Emotion": 0,
        "FacialExpression": 0,
        "EnterAction": 0
      }
    ],
    "StillDetail": {
      "AnimationName": "",
      "AnimationSpeed": null,
      "CameraZoomRatio": null,
      "CameraPositionX": null,
      "CameraPositionY": null,
      "CameraWorkDuration": null,
      "CameraRotation": null
    }
  },
  {
    "GroupOrder": 23,
    "ViewOrder": 1,
    "Name": "\u30d5\u30a7\u30eb\u30af\u30ea\u30f3\u30b2\u30f3",
    "Phrase": "\u300c\u3060\u304b\u3089\u53cd\u7701\u3057\u3066\u308b\u3063\u3064\u3063\u3066\u3093\u3067\u3057\u3087\u3001\\n\u3000\u3057\u3064\u3053\u3044\u308f\u3088\u30af\u30bd\u8eca\u638c\u2026\u2026\u75db\u305f\u305f\u305f\u305f\uff01\uff1f\\n\u3000\u3053\u3089\u30af\u30bd\u30ac\u30ad\u30c3\u3001\u6b6f\u3041\u7acb\u3066\u3093\u306a\uff01\u300d",
    "PhraseFontSize": 2,
    "PhraseSpeed": 3,
    "IsPhraseCenter": false,
    "SpeechMCharacterId": null,
    "IsSpeakingFlags": 8,
    "FrameImage": 0,
    "VoiceFileName": "e_42003207_009",
    "BackgroundImage": "",
    "BGM": "",
    "SE": "",
    "Effect": null,
    "BackgroundEffectType": 0,
    "StandCharacters": [
      {
        "MCharacterId": 5201,
        "Position": 2,
        "Action": 1,
        "Emotion": 0,
        "FacialExpression": 3,
        "EnterAction": 0
      },
      {
        "MCharacterId": 28201,
        "Position": 4,
        "Action": 0,
        "Emotion": 0,
        "FacialExpression": 0,
        "EnterAction": 0
      }
    ],
    "StillDetail": {
      "AnimationName": "",
      "AnimationSpeed": null,
      "CameraZoomRatio": null,
      "CameraPositionX": null,
      "CameraPositionY": null,
      "CameraWorkDuration": null,
      "CameraRotation": null
    }
  },
  {
    "GroupOrder": 24,
    "ViewOrder": 1,
    "Name": "\u30e0\u30eb\u30de\u30f3\u30b9\u30af",
    "Phrase": "\u300c\u3061\u3085\u3046\u3061\u3085\u3046\u3001\u3061\u3085\u3046\u3061\u3085\u3046\u2026\u2026\u266a\u300d",
    "PhraseFontSize": 2,
    "PhraseSpeed": 3,
    "IsPhraseCenter": false,
    "SpeechMCharacterId": null,
    "IsSpeakingFlags": 2,
    "FrameImage": 0,
    "VoiceFileName": "e_42003207_010",
    "BackgroundImage": "",
    "BGM": "",
    "SE": "",
    "Effect": null,
    "BackgroundEffectType": 0,
    "StandCharacters": [
      {
        "MCharacterId": 5201,
        "Position": 2,
        "Action": 0,
        "Emotion": 0,
        "FacialExpression": 3,
        "EnterAction": 0
      },
      {
        "MCharacterId": 28201,
        "Position": 4,
        "Action": 5,
        "Emotion": 0,
        "FacialExpression": 5,
        "EnterAction": 0
      }
    ],
    "StillDetail": {
      "AnimationName": "",
      "AnimationSpeed": null,
      "CameraZoomRatio": null,
      "CameraPositionX": null,
      "CameraPositionY": null,
      "CameraWorkDuration": null,
      "CameraRotation": null
    }
  },
  {
    "GroupOrder": 25,
    "ViewOrder": 1,
    "Name": "",
    "Phrase": "\u3075\u3068\u601d\u3063\u305f\u3002\\n\u3053\u3046\u3057\u3066\u5bc4\u308a\u6dfb\u3063\u3066\u4ef2\u826f\u304f\u3057\u3066\u3044\u308b\u3068\u3001\\n\u307e\u308b\u3067\u666e\u901a\u306b\u904a\u5712\u5730\u3092\u6e80\u55ab\u3057\u3066\u3044\u308b\u89aa\u5b50\u9023\u308c\u306e\u3088\u3046\u3060\u2015\u2015\u3068\u3002",
    "PhraseFontSize": 2,
    "PhraseSpeed": 3,
    "IsPhraseCenter": false,
    "SpeechMCharacterId": null,
    "IsSpeakingFlags": 0,
    "FrameImage": 0,
    "VoiceFileName": "",
    "BackgroundImage": "",
    "BGM": "",
    "SE": "",
    "Effect": null,
    "BackgroundEffectType": 0,
    "StandCharacters": [
      {
        "MCharacterId": 5201,
        "Position": 2,
        "Action": 0,
        "Emotion": 0,
        "FacialExpression": 3,
        "EnterAction": 0
      },
      {
        "MCharacterId": 28201,
        "Position": 4,
        "Action": 0,
        "Emotion": 0,
        "FacialExpression": 5,
        "EnterAction": 0
      }
    ],
    "StillDetail": {
      "AnimationName": "",
      "AnimationSpeed": null,
      "CameraZoomRatio": null,
      "CameraPositionX": null,
      "CameraPositionY": null,
      "CameraWorkDuration": null,
      "CameraRotation": null
    }
  },
  {
    "GroupOrder": 26,
    "ViewOrder": 1,
    "Name": "\u30e0\u30eb\u30de\u30f3\u30b9\u30af",
    "Phrase": "\u300c\u3048\u3078\u3078\u3001\u305d\u3046\u3060\u306d\uff1f\\n\u3000\u300e\u3057\u3083\u3057\u3087\u3046\u300f\u3055\u3093\u304c\u300e\u304a\u3068\u3046\u3055\u3093\u300f\u3067\u3001\\n\u3000\u300e\u3075\u3047\u308b\u304f\u308a\u3093\u3052\u3093\u300f\u3055\u3093\u304c\u300e\u304a\u304b\u3042\u3055\u3093\u300f\u2015\u2015\u300d",
    "PhraseFontSize": 2,
    "PhraseSpeed": 3,
    "IsPhraseCenter": false,
    "SpeechMCharacterId": null,
    "IsSpeakingFlags": 2,
    "FrameImage": 0,
    "VoiceFileName": "e_42003207_011",
    "BackgroundImage": "",
    "BGM": "",
    "SE": "",
    "Effect": null,
    "BackgroundEffectType": 0,
    "StandCharacters": [
      {
        "MCharacterId": 5201,
        "Position": 2,
        "Action": 0,
        "Emotion": 0,
        "FacialExpression": 0,
        "EnterAction": 0
      },
      {
        "MCharacterId": 28201,
        "Position": 4,
        "Action": 0,
        "Emotion": 1,
        "FacialExpression": 5,
        "EnterAction": 0
      }
    ],
    "StillDetail": {
      "AnimationName": "",
      "AnimationSpeed": null,
      "CameraZoomRatio": null,
      "CameraPositionX": null,
      "CameraPositionY": null,
      "CameraWorkDuration": null,
      "CameraRotation": null
    }
  },
  {
    "GroupOrder": 27,
    "ViewOrder": 1,
    "Name": "\u30d5\u30a7\u30eb\u30af\u30ea\u30f3\u30b2\u30f3",
    "Phrase": "\u300c\u305d\u3093\u3067\u3001\u3042\u3093\u305f\u304c\u300e\u624b\u306e\u304b\u304b\u308b\u30af\u30bd\u30ac\u30ad\u300f\u306d\u300d",
    "PhraseFontSize": 2,
    "PhraseSpeed": 3,
    "IsPhraseCenter": false,
    "SpeechMCharacterId": null,
    "IsSpeakingFlags": 8,
    "FrameImage": 0,
    "VoiceFileName": "e_42003207_012",
    "BackgroundImage": "",
    "BGM": "",
    "SE": "",
    "Effect": null,
    "BackgroundEffectType": 0,
    "StandCharacters": [
      {
        "MCharacterId": 5201,
        "Position": 2,
        "Action": 0,
        "Emotion": 0,
        "FacialExpression": 8,
        "EnterAction": 0
      },
      {
        "MCharacterId": 28201,
        "Position": 4,
        "Action": 0,
        "Emotion": 0,
        "FacialExpression": 0,
        "EnterAction": 0
      }
    ],
    "StillDetail": {
      "AnimationName": "",
      "AnimationSpeed": null,
      "CameraZoomRatio": null,
      "CameraPositionX": null,
      "CameraPositionY": null,
      "CameraWorkDuration": null,
      "CameraRotation": null
    }
  },
  {
    "GroupOrder": 28,
    "ViewOrder": 1,
    "Name": "\u30e0\u30eb\u30de\u30f3\u30b9\u30af",
    "Phrase": "\u300c\u3080\u3046\u3001\u300e\u304f\u305d\u304c\u304d\u300f\u3058\u3083\u306a\u3044\u3088\uff1f\\n\u3000\u308f\u305f\u3057\u306f\u300e\u3080\u308b\u307e\u3093\u3059\u304f\u300f\u3060\u3088\u3001\u304a\u304b\u3042\u3055\u3093\u2026\u2026\u266a\u300d",
    "PhraseFontSize": 2,
    "PhraseSpeed": 3,
    "IsPhraseCenter": false,
    "SpeechMCharacterId": null,
    "IsSpeakingFlags": 2,
    "FrameImage": 0,
    "VoiceFileName": "e_42003207_013",
    "BackgroundImage": "",
    "BGM": "",
    "SE": "",
    "Effect": null,
    "BackgroundEffectType": 0,
    "StandCharacters": [
      {
        "MCharacterId": 5201,
        "Position": 2,
        "Action": 0,
        "Emotion": 0,
        "FacialExpression": 8,
        "EnterAction": 0
      },
      {
        "MCharacterId": 28201,
        "Position": 4,
        "Action": 1,
        "Emotion": 0,
        "FacialExpression": 0,
        "EnterAction": 0
      }
    ],
    "StillDetail": {
      "AnimationName": "",
      "AnimationSpeed": null,
      "CameraZoomRatio": null,
      "CameraPositionX": null,
      "CameraPositionY": null,
      "CameraWorkDuration": null,
      "CameraRotation": null
    }
  },
  {
    "GroupOrder": 29,
    "ViewOrder": 1,
    "Name": "",
    "Phrase": "\u305d\u3046\u3060\u305e\u304a\u6bcd\u3055\u3093\u3001\u304b\u308f\u3044\u3044\u5a18\u306e\u540d\u524d\u3050\u3089\u3044\u3061\u3083\u3093\u3068\u899a\u3048\u3066\u304a\u3051\u3002",
    "PhraseFontSize": 2,
    "PhraseSpeed": 3,
    "IsPhraseCenter": false,
    "SpeechMCharacterId": null,
    "IsSpeakingFlags": 0,
    "FrameImage": 0,
    "VoiceFileName": "",
    "BackgroundImage": "",
    "BGM": "",
    "SE": "",
    "Effect": null,
    "BackgroundEffectType": 0,
    "StandCharacters": [
      {
        "MCharacterId": 5201,
        "Position": 2,
        "Action": 0,
        "Emotion": 0,
        "FacialExpression": 8,
        "EnterAction": 0
      },
      {
        "MCharacterId": 28201,
        "Position": 4,
        "Action": 0,
        "Emotion": 0,
        "FacialExpression": 0,
        "EnterAction": 0
      }
    ],
    "StillDetail": {
      "AnimationName": "",
      "AnimationSpeed": null,
      "CameraZoomRatio": null,
      "CameraPositionX": null,
      "CameraPositionY": null,
      "CameraWorkDuration": null,
      "CameraRotation": null
    }
  },
  {
    "GroupOrder": 30,
    "ViewOrder": 1,
    "Name": "\u30d5\u30a7\u30eb\u30af\u30ea\u30f3\u30b2\u30f3",
    "Phrase": "\u300c\u3053\u3001\u3053\u3044\u3064\u3089\u2026\u2026\u3002\\n\u3000\u3042\u3041\u3082\u3046\u8d85\u3046\u3063\u3056\u3044\u3001\u4f55\u3067\u3042\u305f\u3057\u304c\u3053\u3093\u306a\u2015\u2015\u300d",
    "PhraseFontSize": 2,
    "PhraseSpeed": 3,
    "IsPhraseCenter": false,
    "SpeechMCharacterId": null,
    "IsSpeakingFlags": 4,
    "FrameImage": 0,
    "VoiceFileName": "e_42003207_014",
    "BackgroundImage": "",
    "BGM": "",
    "SE": "",
    "Effect": null,
    "BackgroundEffectType": 0,
    "StandCharacters": [
      {
        "MCharacterId": 5201,
        "Position": 3,
        "Action": 3,
        "Emotion": 3,
        "FacialExpression": 3,
        "EnterAction": 0
      }
    ],
    "StillDetail": {
      "AnimationName": "",
      "AnimationSpeed": null,
      "CameraZoomRatio": null,
      "CameraPositionX": null,
      "CameraPositionY": null,
      "CameraWorkDuration": null,
      "CameraRotation": null
    }
  },
  {
    "GroupOrder": 31,
    "ViewOrder": 1,
    "Name": "",
    "Phrase": "\u3076\u3064\u3076\u3064\u8a00\u3044\u306a\u304c\u3089\u3082\u3001\\n\u30d5\u30a7\u30eb\u30af\u30ea\u30f3\u30b2\u30f3\u3082\u3069\u3053\u3068\u306a\u304f\u548c\u3084\u304b\u306a\u614b\u5ea6\u306a\u306e\u3060\u3063\u305f\u3002\\n\u5f7c\u5973\u306f\u30e0\u30eb\u30de\u30f3\u30b9\u30af\u306e\u5507\u304b\u3089\u6ea2\u308c\u305f\u5df1\u306e\u8840\u3092\u3001\\n\u305d\u3063\u3068\u62ed\u3063\u3066\u3042\u3052\u305f\u308a\u3082\u3057\u3066\u3044\u308b\u3002",
    "PhraseFontSize": 2,
    "PhraseSpeed": 3,
    "IsPhraseCenter": false,
    "SpeechMCharacterId": null,
    "IsSpeakingFlags": 0,
    "FrameImage": 0,
    "VoiceFileName": "",
    "BackgroundImage": "",
    "BGM": "",
    "SE": "",
    "Effect": null,
    "BackgroundEffectType": 0,
    "StandCharacters": [
      {
        "MCharacterId": 5201,
        "Position": 3,
        "Action": 0,
        "Emotion": 0,
        "FacialExpression": 3,
        "EnterAction": 0
      }
    ],
    "StillDetail": {
      "AnimationName": "",
      "AnimationSpeed": null,
      "CameraZoomRatio": null,
      "CameraPositionX": null,
      "CameraPositionY": null,
      "CameraWorkDuration": null,
      "CameraRotation": null
    }
  },
  {
    "GroupOrder": 32,
    "ViewOrder": 1,
    "Name": "\u30d5\u30a7\u30eb\u30af\u30ea\u30f3\u30b2\u30f3",
    "Phrase": "\u300c\u307b\u3089\u3001\u304a\u884c\u5100\u826f\u304f\u3057\u306a\u3055\u3044\u3088\u3002\\n\u3000\u91ce\u86ee\u4eba\u306b\u8a00\u3063\u3066\u3082\u4ed5\u65b9\u306a\u3044\u304b\u3082\u3057\u308c\u306a\u3044\u3051\u3069\u3055\u3041\u3001\\n\u3000\u3042\u305f\u3057\u306e\u670d\u307e\u3067\u6c5a\u308c\u308b\u3067\u3057\u3087\u300d",
    "PhraseFontSize": 2,
    "PhraseSpeed": 3,
    "IsPhraseCenter": false,
    "SpeechMCharacterId": null,
    "IsSpeakingFlags": 4,
    "FrameImage": 0,
    "VoiceFileName": "e_42003207_015",
    "BackgroundImage": "",
    "BGM": "",
    "SE": "",
    "Effect": null,
    "BackgroundEffectType": 0,
    "StandCharacters": [
      {
        "MCharacterId": 5201,
        "Position": 3,
        "Action": 5,
        "Emotion": 0,
        "FacialExpression": 0,
        "EnterAction": 0
      }
    ],
    "StillDetail": {
      "AnimationName": "",
      "AnimationSpeed": null,
      "CameraZoomRatio": null,
      "CameraPositionX": null,
      "CameraPositionY": null,
      "CameraWorkDuration": null,
      "CameraRotation": null
    }
  },
  {
    "GroupOrder": 33,
    "ViewOrder": 1,
    "Name": "\u30e0\u30eb\u30de\u30f3\u30b9\u30af",
    "Phrase": "\u300c\u306f\u3041\u3044\uff01 \u3048\u3078\u3078\u3001\u307b\u3093\u3068\u306b\u300e\u304a\u304b\u3042\u3055\u3093\u300f\u307f\u305f\u3044\uff01\\n\u3000\u305a\u3063\u3068\u300e\u307b\u3093\u300f\u3068\u304b\u3067\u3088\u3093\u3067\u3066\u3001\u308f\u305f\u3057\u3001\u300e\u3042\u3053\u304c\u308c\u300f\u3060\u3063\u305f\u306e\u2026\u2026\u266a\u300d",
    "PhraseFontSize": 2,
    "PhraseSpeed": 3,
    "IsPhraseCenter": false,
    "SpeechMCharacterId": null,
    "IsSpeakingFlags": 2,
    "FrameImage": 0,
    "VoiceFileName": "e_42003207_016",
    "BackgroundImage": "",
    "BGM": "",
    "SE": "",
    "Effect": null,
    "BackgroundEffectType": 0,
    "StandCharacters": [
      {
        "MCharacterId": 5201,
        "Position": 2,
        "Action": 0,
        "Emotion": 0,
        "FacialExpression": 0,
        "EnterAction": 1
      },
      {
        "MCharacterId": 28201,
        "Position": 4,
        "Action": 0,
        "Emotion": 1,
        "FacialExpression": 5,
        "EnterAction": 1
      }
    ],
    "StillDetail": {
      "AnimationName": "",
      "AnimationSpeed": null,
      "CameraZoomRatio": null,
      "CameraPositionX": null,
      "CameraPositionY": null,
      "CameraWorkDuration": null,
      "CameraRotation": null
    }
  },
  {
    "GroupOrder": 34,
    "ViewOrder": 1,
    "Name": "\u30d5\u30a7\u30eb\u30af\u30ea\u30f3\u30b2\u30f3",
    "Phrase": "\u300c\u2026\u2026\u3075\u3045\u3093\u3002\\n\u3000\u305d\u3093\u306a\u306b\u826f\u3044\u3082\u306e\u3058\u3083\u306a\u3044\u308f\u3088\u3001\u5b9f\u969b\u306e\u5bb6\u65cf\u306a\u3093\u3066\u300d",
    "PhraseFontSize": 2,
    "PhraseSpeed": 3,
    "IsPhraseCenter": false,
    "SpeechMCharacterId": null,
    "IsSpeakingFlags": 8,
    "FrameImage": 0,
    "VoiceFileName": "e_42003207_017",
    "BackgroundImage": "",
    "BGM": "",
    "SE": "",
    "Effect": null,
    "BackgroundEffectType": 0,
    "StandCharacters": [
      {
        "MCharacterId": 5201,
        "Position": 2,
        "Action": 0,
        "Emotion": 0,
        "FacialExpression": 4,
        "EnterAction": 0
      },
      {
        "MCharacterId": 28201,
        "Position": 4,
        "Action": 0,
        "Emotion": 0,
        "FacialExpression": 5,
        "EnterAction": 0
      }
    ],
    "StillDetail": {
      "AnimationName": "",
      "AnimationSpeed": null,
      "CameraZoomRatio": null,
      "CameraPositionX": null,
      "CameraPositionY": null,
      "CameraWorkDuration": null,
      "CameraRotation": null
    }
  },
  {
    "GroupOrder": 35,
    "ViewOrder": 1,
    "Name": "",
    "Phrase": "\u7121\u57a2\u306b\u89aa\u611b\u3092\u793a\u3057\u3066\u304f\u308b\u30e0\u30eb\u30de\u30f3\u30b9\u30af\u3092\u898b\u3066\u3001\\n\u30d5\u30a7\u30eb\u30af\u30ea\u30f3\u30b2\u30f3\u306f\u8907\u96d1\u305d\u3046\u306a\u9854\u3092\u3057\u305f\u3002",
    "PhraseFontSize": 2,
    "PhraseSpeed": 3,
    "IsPhraseCenter": false,
    "SpeechMCharacterId": null,
    "IsSpeakingFlags": 0,
    "FrameImage": 0,
    "VoiceFileName": "",
    "BackgroundImage": "",
    "BGM": "",
    "SE": "",
    "Effect": null,
    "BackgroundEffectType": 0,
    "StandCharacters": [
      {
        "MCharacterId": 5201,
        "Position": 2,
        "Action": 0,
        "Emotion": 0,
        "FacialExpression": 4,
        "EnterAction": 0
      },
      {
        "MCharacterId": 28201,
        "Position": 4,
        "Action": 0,
        "Emotion": 0,
        "FacialExpression": 5,
        "EnterAction": 0
      }
    ],
    "StillDetail": {
      "AnimationName": "",
      "AnimationSpeed": null,
      "CameraZoomRatio": null,
      "CameraPositionX": null,
      "CameraPositionY": null,
      "CameraWorkDuration": null,
      "CameraRotation": null
    }
  },
  {
    "GroupOrder": 36,
    "ViewOrder": 1,
    "Name": "\u30d5\u30a7\u30eb\u30af\u30ea\u30f3\u30b2\u30f3",
    "Phrase": "\u300c\u8eca\u638c\u306f\u77e5\u3063\u3066\u308b\u3060\u308d\u3046\u3051\u3069\u3002\u3042\u305f\u3057\u3093\u3061\u306f\u5bb6\u5ead\u5d29\u58ca\u3057\u3066\u3093\u306e\u3088\u3001\\n\u3000\u3053\u3044\u3064\u3068\u540c\u3058\u3050\u3089\u3044\u30c1\u30d3\u3060\u3063\u305f\u3053\u308d\u306f\u4ef2\u826f\u304f\u904a\u5712\u5730\u306b\u3082\u884c\u3063\u305f\u3051\u3069\u300d",
    "PhraseFontSize": 2,
    "PhraseSpeed": 3,
    "IsPhraseCenter": false,
    "SpeechMCharacterId": null,
    "IsSpeakingFlags": 4,
    "FrameImage": 0,
    "VoiceFileName": "e_42003207_018",
    "BackgroundImage": "",
    "BGM": "",
    "SE": "",
    "Effect": null,
    "BackgroundEffectType": 0,
    "StandCharacters": [
      {
        "MCharacterId": 5201,
        "Position": 3,
        "Action": 0,
        "Emotion": 0,
        "FacialExpression": 4,
        "EnterAction": 1
      }
    ],
    "StillDetail": {
      "AnimationName": "",
      "AnimationSpeed": null,
      "CameraZoomRatio": null,
      "CameraPositionX": null,
      "CameraPositionY": null,
      "CameraWorkDuration": null,
      "CameraRotation": null
    }
  },
  {
    "GroupOrder": 37,
    "ViewOrder": 1,
    "Name": "\u30d5\u30a7\u30eb\u30af\u30ea\u30f3\u30b2\u30f3",
    "Phrase": "\u300c\u30d1\u30d1\u306f\u4f55\u3092\u52d8\u9055\u3044\u3057\u305f\u306e\u304b\u300e\u304a\u56fd\u306e\u305f\u3081\u306b\u300f\u3063\u3066\u9f3b\u606f\u3092\u8352\u304f\u3057\u3066\u3001\\n\u3000\u8ecd\u4eba\u306b\u306a\u3063\u3066\u6575\u9663\u306b\u7279\u653b\u3057\u3066\u2015\u2015\u3042\u3063\u3055\u308a\u72ac\u6b7b\u306b\u3057\u305f\u3057\u300d",
    "PhraseFontSize": 2,
    "PhraseSpeed": 3,
    "IsPhraseCenter": false,
    "SpeechMCharacterId": null,
    "IsSpeakingFlags": 4,
    "FrameImage": 0,
    "VoiceFileName": "e_42003207_019",
    "BackgroundImage": "",
    "BGM": "",
    "SE": "",
    "Effect": null,
    "BackgroundEffectType": 0,
    "StandCharacters": [
      {
        "MCharacterId": 5201,
        "Position": 3,
        "Action": 0,
        "Emotion": 0,
        "FacialExpression": 4,
        "EnterAction": 0
      }
    ],
    "StillDetail": {
      "AnimationName": "",
      "AnimationSpeed": null,
      "CameraZoomRatio": null,
      "CameraPositionX": null,
      "CameraPositionY": null,
      "CameraWorkDuration": null,
      "CameraRotation": null
    }
  },
  {
    "GroupOrder": 38,
    "ViewOrder": 1,
    "Name": "\u30d5\u30a7\u30eb\u30af\u30ea\u30f3\u30b2\u30f3",
    "Phrase": "\u300c\u30d1\u30d1\u3068\u30de\u30de\u3068\u306e\u95a2\u4fc2\u306f\u3001\u305d\u306e\u524d\u304b\u3089\u51b7\u3048\u5207\u3063\u3066\u305f\u3051\u3069\u3002\\n\u3000\u30d1\u30d1\u306e\u6226\u6b7b\u5831\u544a\u3092\u805e\u3044\u305f\u9014\u7aef\u306b\u3001\\n\u3000\u30de\u30de\u306f\u82e5\u304f\u3066\u9854\u304c\u826f\u3044\u3060\u3051\u306e\u30af\u30bd\u30a4\u30b1\u30e1\u30f3\u3068\u3069\u3063\u304b\u884c\u3063\u3061\u3083\u3063\u305f\u3057\u300d",
    "PhraseFontSize": 2,
    "PhraseSpeed": 3,
    "IsPhraseCenter": false,
    "SpeechMCharacterId": null,
    "IsSpeakingFlags": 4,
    "FrameImage": 0,
    "VoiceFileName": "e_42003207_020",
    "BackgroundImage": "",
    "BGM": "",
    "SE": "",
    "Effect": null,
    "BackgroundEffectType": 0,
    "StandCharacters": [
      {
        "MCharacterId": 5201,
        "Position": 3,
        "Action": 0,
        "Emotion": 0,
        "FacialExpression": 4,
        "EnterAction": 0
      }
    ],
    "StillDetail": {
      "AnimationName": "",
      "AnimationSpeed": null,
      "CameraZoomRatio": null,
      "CameraPositionX": null,
      "CameraPositionY": null,
      "CameraWorkDuration": null,
      "CameraRotation": null
    }
  },
  {
    "GroupOrder": 39,
    "ViewOrder": 1,
    "Name": "\u30d5\u30a7\u30eb\u30af\u30ea\u30f3\u30b2\u30f3",
    "Phrase": "\u300c\u305d\u308c\u4ee5\u6765\u3001\u3042\u305f\u3057\u306f\u305a\u3063\u3068\u72ec\u308a\u307c\u3063\u3061\u3002\\n\u3000\u30de\u30de\u307f\u305f\u3044\u306a\u672c\u7269\u306e\u30af\u30ba\u306b\u306f\u306a\u308a\u305f\u304f\u306a\u304b\u3063\u305f\u304b\u3089\u3001\\n\u3000\u3053\u3046\u3084\u3063\u3066\u30d1\u30d1\u306e\u771f\u4f3c\u3092\u3057\u3066\u8ecd\u4eba\u306b\u306a\u3063\u3066\u307f\u305f\u3051\u3069\u2015\u2015\u300d",
    "PhraseFontSize": 2,
    "PhraseSpeed": 3,
    "IsPhraseCenter": false,
    "SpeechMCharacterId": null,
    "IsSpeakingFlags": 4,
    "FrameImage": 0,
    "VoiceFileName": "e_42003207_021",
    "BackgroundImage": "",
    "BGM": "",
    "SE": "",
    "Effect": null,
    "BackgroundEffectType": 0,
    "StandCharacters": [
      {
        "MCharacterId": 5201,
        "Position": 3,
        "Action": 0,
        "Emotion": 0,
        "FacialExpression": 4,
        "EnterAction": 0
      }
    ],
    "StillDetail": {
      "AnimationName": "",
      "AnimationSpeed": null,
      "CameraZoomRatio": null,
      "CameraPositionX": null,
      "CameraPositionY": null,
      "CameraWorkDuration": null,
      "CameraRotation": null
    }
  },
  {
    "GroupOrder": 40,
    "ViewOrder": 1,
    "Name": "\u30d5\u30a7\u30eb\u30af\u30ea\u30f3\u30b2\u30f3",
    "Phrase": "\u300c\u7d50\u5c40\u3001\u3042\u305f\u3057\u3082\u30de\u30de\u306e\u5b50\u3088\u3002\\n\u3000\u3072\u306d\u304f\u308c\u3066\u60aa\u3055\u3070\u3063\u304b\u308a\u3057\u3066\u308b\u308f\u3001\\n\u3000\u507d\u5584\u8005\u3060\u3063\u305f\u30d1\u30d1\u307f\u305f\u3044\u306b\u5468\u308a\u306b\u758e\u307e\u308c\u306a\u304c\u3089\u2026\u2026\u3002\\n\u3000\u6240\u8a6e\u3001\u86d9\u306e\u5b50\u306f\u86d9\u3067\u3001\u30af\u30ba\u306e\u5b50\u306f\u30af\u30ba\u3063\u3066\u3053\u3068\u3088\u300d",
    "PhraseFontSize": 2,
    "PhraseSpeed": 3,
    "IsPhraseCenter": false,
    "SpeechMCharacterId": null,
    "IsSpeakingFlags": 4,
    "FrameImage": 0,
    "VoiceFileName": "e_42003207_022",
    "BackgroundImage": "",
    "BGM": "",
    "SE": "",
    "Effect": null,
    "BackgroundEffectType": 0,
    "StandCharacters": [
      {
        "MCharacterId": 5201,
        "Position": 3,
        "Action": 5,
        "Emotion": 0,
        "FacialExpression": 8,
        "EnterAction": 0
      }
    ],
    "StillDetail": {
      "AnimationName": "",
      "AnimationSpeed": null,
      "CameraZoomRatio": null,
      "CameraPositionX": null,
      "CameraPositionY": null,
      "CameraWorkDuration": null,
      "CameraRotation": null
    }
  },
  {
    "GroupOrder": 41,
    "ViewOrder": 1,
    "Name": "\u30d5\u30a7\u30eb\u30af\u30ea\u30f3\u30b2\u30f3",
    "Phrase": "\u300c\u2026\u2026\u99ac\u9e7f\u307f\u305f\u3044\u3002\\n\u3000\u3042\u305f\u3057\u3001\u4f55\u3067\u3053\u3093\u306a\u8a71\u3092\u3057\u3066\u308b\u3093\u3060\u308d\u300d",
    "PhraseFontSize": 2,
    "PhraseSpeed": 3,
    "IsPhraseCenter": false,
    "SpeechMCharacterId": null,
    "IsSpeakingFlags": 4,
    "FrameImage": 0,
    "VoiceFileName": "e_42003207_023",
    "BackgroundImage": "",
    "BGM": "",
    "SE": "",
    "Effect": null,
    "BackgroundEffectType": 0,
    "StandCharacters": [
      {
        "MCharacterId": 5201,
        "Position": 3,
        "Action": 0,
        "Emotion": 0,
        "FacialExpression": 7,
        "EnterAction": 0
      }
    ],
    "StillDetail": {
      "AnimationName": "",
      "AnimationSpeed": null,
      "CameraZoomRatio": null,
      "CameraPositionX": null,
      "CameraPositionY": null,
      "CameraWorkDuration": null,
      "CameraRotation": null
    }
  }
]